Tipologia,STATO PDV,Rag. Sociale,Codice Agenzia,Codici FR,Indirizzo,Comune,CAP,Provincia,Regione,Sede Operativa SUP,Area,tipo punto,Indirizzo_Completo,Latitudine,Longitudine,Indirizzo_Trovato,Stato_Geocoding,Provider_Geocoding
ESE,Aperto,ACD Energy S.r.l.,AG129,FR01724,Corso Torino 119,Rivarolo Canavese,10086,TO,Piemonte,AG129 - RIVAROLO CANAVESE,NORD,Esistenti,"Corso Torino 119, 10086 Rivarolo Canavese, TO, Piemonte, Italia",45.3307058,7.7247263,"Corso Torino, Pasquaro, Rivarolo Canavese, Torino, Piemonte, 10086, Italia",TROVATO,nominatim
ESE,Aperto,ACD Energy S.r.l.,AG129,FR01725,Corso Francia 30/B,Rivoli,10098,TO,Piemonte,AG129 - RIVOLI E ALPIGNANO,NORD,Esistenti,"Corso Francia 30/B, 10098 Rivoli, TO, Piemonte, Italia",45.0711006,7.5332543,"Corso Francia, Cascine Vica, Rivoli, Torino, Piemonte, 10098, Italia",TROVATO,nominatim
ESE,Aperto,ACD Energy S.r.l.,AG129,FR01760,Via Italia 88,Settimo Torinese,10036,TO,Piemonte,AG129 - SETTIMO TORINESE,NORD,Esistenti,"Via Italia 88, 10036 Settimo Torinese, TO, Piemonte, Italia",45.1383527,7.772944,"Via Italia, Settimo Torinese, Torino, Piemonte, 10036, Italia",TROVATO,nominatim
ESE,Aperto,ACD Energy S.r.l.,AG129,FR03640,Via Alcide De Gasperi 62,Brugherio,20861,MI,Lombardia,AG129 - BRUGHERIO,NORD,Esistenti,"Via Alcide De Gasperi 62, 20861 Brugherio, MI, Lombardia, Italia",45.5635592,9.2329314,"Centrale di stoccaggio gas di Brugherio, Robecco, Crocetta, Cinisello Balsamo, Zona Omogenea Milano Nord, Milano, Lombardia, 20092, Italia",TROVATO_COMUNE,nominatim
ESE,Aperto,ACD Energy S.r.l.,AG129,FR01727,Corso Umbria 14/E,Torino,10100,TO,Piemonte,AG129 - TORINO SAN DONATO,NORD,Esistenti,"Corso Umbria 14/E, 10100 Torino, TO, Piemonte, Italia",45.0826192,7.6700258,"14e, Corso Umbria, Basso San Donato, San Donato, Circoscrizione 4, Torino, Piemonte, 10144, Italia",TROVATO,nominatim
ESE,Aperto,ACD Energy S.r.l.,AG129,FR03739,Via Trieste 6,San Donato Milanese,20097,MI,Lombardia,AG129 - SAN DONATO MILANESE,NORD,Esistenti,"Via Trieste 6, 20097 San Donato Milanese, MI, Lombardia, Italia",45.4132886,9.2667543,"6, Via Trieste, Certosa di San Donato, Triulzo, San Donato Milanese, Rodano, Milano, Lombardia, 20097, Italia",TROVATO,nominatim
WINDOWS,Aperto,ACD Energy S.r.l.,AG129,,Corso Regina Margherita 223,Torino,10146,TO,Piemonte,AG129-W-TORINO,NORD,Esistenti,"Corso Regina Margherita 223, 10146 Torino, TO, Piemonte, Italia",45.0838774,7.6612576,"223, Corso Regina Margherita, Martinetto, San Donato, Circoscrizione 4, Torino, Piemonte, 10144, Italia",TROVATO,nominatim
ESE,Aperto,ALTO LAZIO GAS SRL,AG310,FR12004,Via XXIV MAGGIO 37,Passo Corese,02032,RI,Lazio,AG310 - PASSO CORESE,Centro Sud,Esistenti,"Via XXIV MAGGIO 37, 02032 Passo Corese, RI, Lazio, Italia",42.1529205,12.6516726,"Via XXIV Maggio, Passo Corese, Fara in Sabina, Rieti, Lazio, 02032, Italia",TROVATO,nominatim
ESE,Aperto,ALTO LAZIO GAS SRL,AG310,FR12006,Via Papa Giovanni XXIII 4 B,Civita Castellana,01033,VT,Lazio,AG310 - CIVITA CASTELLANA,Centro Sud,Esistenti,"Via Papa Giovanni XXIII 4 B, 01033 Civita Castellana, VT, Lazio, Italia",42.2976616,12.4115376,"Via Papa Giovanni XXIII, Civita Castellana, Viterbo, Lazio, 01033, Italia",TROVATO,nominatim
ESE,Aperto,ALTO LAZIO GAS SRL,AG310,FR12011,Via Umberto Maddalena 44,Guidonia,00012,RM,Lazio,AG310 - GUIDONIA MONTECELIO,Centro Sud,Esistenti,"Via Umberto Maddalena 44, 00012 Guidonia, RM, Lazio, Italia",41.9969832,12.7240979,"Via Umberto Maddalena, La Pietrara, Guidonia, Guidonia Montecelio, Roma Capitale, Lazio, 00012, Italia",TROVATO,nominatim
ESE,Aperto,ALTO LAZIO GAS SRL,AG310,FR12033,Viale degli Ammiragli 83,ROMA,00136,RM,Lazio,AG310 - ROMA PRATI,Centro Sud,Esistenti,"Viale degli Ammiragli 83, 00136 ROMA, RM, Lazio, Italia",41.9064044,12.4439384,"Viale degli Ammiragli, Municipio Roma I, Roma, Roma Capitale, Lazio, 00165, Italia",TROVATO,nominatim
ESE,Aperto,ALTO LAZIO GAS SRL,AG310,FR12041,Via Paolessi 31 33,Rieti ,02100,RI,Lazio,AG310 - RIETI,Centro Sud,Esistenti,"Via Paolessi 31 33, 02100 Rieti, RI, Lazio, Italia",42.4082953,12.853462,"Via Michele Paolessi, Regina Pacis, Rieti, Lazio, 02100, Italia",TROVATO,nominatim
ESE,Aperto,ALTO LAZIO GAS SRL,AG310,FR12075,V.le Somalia 37,ROMA,00199,RM,Lazio,AG310 - ROMA SALARIO,Centro Sud,Esistenti,"V.le Somalia 37, 00199 ROMA, RM, Lazio, Italia",41.935011,12.5184962,"Viale Somalia, Trieste, Municipio Roma II, Roma, Roma Capitale, Lazio, 00199, Italia",TROVATO,nominatim
ESE,Aperto,ALTO LAZIO GAS SRL,AG310,FR12551,Viale Carnaro 28,ROMA,00141,RM,Lazio,AG310 - MONTESACRO,Centro Sud,Esistenti,"Viale Carnaro 28, 00141 ROMA, RM, Lazio, Italia",41.941188,12.5319773,"Hobby House, 28, Viale Carnaro, Monte Sacro, Municipio Roma III, Roma, Roma Capitale, Lazio, 00141, Italia",TROVATO,nominatim
ESE,Aperto,ALTO LAZIO GAS SRL,AG310,FR12552,Via Borgo Ticino 41/43,ROMA,00166,RM,Lazio,AG310 - CASALOTTI,Centro Sud,Esistenti,"Via Borgo Ticino 41/43, 00166 ROMA, RM, Lazio, Italia",41.9174749,12.3728262,"Via Borgo Ticino, Casalotti, Municipio Roma XIII, Pantan Monastero, Roma, Roma Capitale, Lazio, 00166, Italia",TROVATO,nominatim
ESE,Aperto,ALTO LAZIO GAS SRL,AG310,FR12583,Via Francesco Caltagirone 319,ROMA,00132,RM,Lazio,AG310 - SETTECAMINI,Centro Sud,Esistenti,"Via Francesco Caltagirone 319, 00132 ROMA, RM, Lazio, Italia",41.9096363,12.655188,"Via Francesco Caltagirone, Ponte di Nona, Municipio Roma VI, Colle Prenestino, Roma, Roma Capitale, Lazio, 00115, Italia",TROVATO,nominatim
ESE,Aperto,ALTO LAZIO GAS SRL,AG310,FR13776,Via Cappuccini 1/D,Sulmona,67039,AQ,Abruzzo,AG310 - SULMONA,Centro Sud,Esistenti,"Via Cappuccini 1/D, 67039 Sulmona, AQ, Abruzzo, Italia",42.0502327,13.9337255,"Via dei Cappuccini, Sulmona, L'Aquila, Abruzzo, 67039, Italia",TROVATO,nominatim
ESE,Aperto,ALTO LAZIO GAS SRL,AG310,FR12583,Via Casilina 1890/N,ROMA,00132,RM,Lazio,,Centro Sud,Esistenti,"Via Casilina 1890/N, 00132 ROMA, RM, Lazio, Italia",41.8634074,12.6910566,"1890n, Via Casilina, Pantano Borghese, Municipio Roma VI, Finocchio, Roma, Roma Capitale, Lazio, 00132, Italia",TROVATO,nominatim
ESE,Aperto,ALTO LAZIO GAS SRL,AG310,FR12041,Via Gramsci 11,Terni ,05100,TR,Umbria,,Centro Sud,Esistenti,"Via Gramsci 11, 05100 Terni, TR, Umbria, Italia",42.5596945,12.6540233,"Via Antonio Gramsci, Città Giardino, Terni, Umbria, 05100, Italia",TROVATO,nominatim
ESE,Aperto,ALTO LAZIO GAS SRL,AG310,FR13958,Via Nazionale Adriatica 112,Roseto degli Abruzzi,64026,TE,Abruzzo,AG310 - ROSETO DEGLI ABRUZZI,Centro Sud,Esistenti,"Via Nazionale Adriatica 112, 64026 Roseto degli Abruzzi, TE, Abruzzo, Italia",42.662175,14.0262921,"EuroSpin, 112, Strada Statale 16 Adriatica, Roseto degli Abruzzi, Teramo, Abruzzo, 64026, Italia",TROVATO,nominatim
ESE,Aperto,ALTO LAZIO GAS SRL,AG310,FR13957,Via Crispi 62,Avezzano,67051,AQ,Abruzzo,AG310 - AVEZZANO,Centro Sud,Esistenti,"Via Crispi 62, 67051 Avezzano, AQ, Abruzzo, Italia",42.0336949,13.4221958,"Via Francesco Crispi, Frati, Avezzano, L'Aquila, Abruzzo, 67051, Italia",TROVATO,nominatim
WINDOWS,Aperto,MAIN SOLUTION,AGA78,,via Trieste 191 ,MONTALTO UFFUGO,87046,CS,Calabria,AGA78-W-MONTALTO UFFUGO,Centro Sud,Esistenti,"via Trieste 191, 87046 MONTALTO UFFUGO, CS, Calabria, Italia",39.404795,16.15799,"Montalto Uffugo, Cosenza, Calabria, 87046, Italia",TROVATO_COMUNE,nominatim
WINDOWS,Aperto,BLU ENERGY SYSTEM SRL,AG317,,via Cesare Battisti 27/C ,Treviglio,24047,BG,Lombardia,AG317-W-TREVIGLIO,NORD,Esistenti,"via Cesare Battisti 27/C, 24047 Treviglio, BG, Lombardia, Italia",45.5339851,9.5972901,"Treviglio, Bergamo, Lombardia, 24047, Italia",TROVATO_COMUNE,nominatim
ESE,Aperto,BLU ENERGY SYSTEM SRL,AG317,FR03010,Via Carmagnola 2,Chiari,25032,BS,Lombardia,AG317 - CHIARI,NORD,Esistenti,"Via Carmagnola 2, 25032 Chiari, BS, Lombardia, Italia",45.5372536,9.9296612,"2, Via Carmagnola, Chiari, Brescia, Lombardia, 25032, Italia",TROVATO,nominatim
ESE,Aperto,BLU ENERGY SYSTEM SRL,AG317,FR03004,Largo Europa 4,Vimercate,20871,MB,Lombardia,AG317 - VIMERCATE,NORD,Esistenti,"Largo Europa 4, 20871 Vimercate, MB, Lombardia, Italia",45.6104695,9.368371,"Largo Europa, Torri Bianche, Oreno, Vimercate, Monza e della Brianza, Lombardia, 20871, Italia",TROVATO,nominatim
WINDOWS,Aperto,MAIN SOLUTION,AGA78,,Corso della Repubblica 22/24 ,SIDERNO ,89048,RC,Calabria,AGA78-W-SIDERNO,Centro Sud,Esistenti,"Corso della Repubblica 22/24, 89048 SIDERNO, RC, Calabria, Italia",38.2649994,16.2940097,"Corso della Repubblica, Siderno, Reggio Calabria, Calabria, 89048, Italia",TROVATO,nominatim
ESE,Aperto,BLUGAS SRL,AG349,FR09008,Via C. Maccari 117/119,Firenze,50142,FI,Toscana,AG349 - Q4 FIRENZE,NORD,Esistenti,"Via C. Maccari 117/119, 50142 Firenze, FI, Toscana, Italia",43.7697955,11.2556404,"Firenze, Toscana, Italia",TROVATO_COMUNE,nominatim
ESE,Aperto,CONSORZIO SERVIZI GAS s.r.l.,AG367,FR19004,Via I Settembre 42/48,Messina,98122 ,ME,Sicilia,AG367 - MESSINA,Centro Sud,Esistenti,"Via I Settembre 42/48, 98122 Messina, ME, Sicilia, Italia",38.1904697,15.5560279,"Via Primo Settembre, Le Quattro Fontane, Il Tirone, IV Circoscrizione, Messina, Sicilia, 98122, Italia",TROVATO,nominatim
ESE,Aperto,CONSORZIO SERVIZI GAS s.r.l.,AG367,FR19016,Via Risorgimento 153,Milazzo,98057,ME,Sicilia,AG367 - MILAZZO,Centro Sud,Esistenti,"Via Risorgimento 153, 98057 Milazzo, ME, Sicilia, Italia",38.2250398,15.2385903,"153, Via Risorgimento, Parco, Milazzo, Messina, Sicilia, 98057, Italia",TROVATO,nominatim
WINDOWS,Aperto,MAIN SOLUTION,AGA78,,VIA DEI PUGLIESI 13,CORIGLIANO Calabro,87064,CS,Calabria,AGA78-W-CORIGLIANO CALABRO,Centro Sud,Esistenti,"VIA DEI PUGLIESI 13, 87064 CORIGLIANO Calabro, CS, Calabria, Italia",39.595173,16.5175366,"Corigliano Calabro, Corigliano-Rossano, Cosenza, Calabria, 87064, Italia",TROVATO_COMUNE,nominatim
ESE,Aperto,CUSTOM SALES,AG927,FR03989,Via Vittorio Veneto 61,Luino,21016,VA,Lombardia,AG927 - LUINO,NORD,Esistenti,"Via Vittorio Veneto 61, 21016 Luino, VA, Lombardia, Italia",46.0003389,8.7407608,"Via Vittorio Veneto, Voldomino, Luino, Comunità Montana Valli del Verbano, Varese, Lombardia, 21016, Italia",TROVATO,nominatim
ESE,Aperto,CUSTOM SALES,AG927,FR03925,Via Carlo Prina 7/9,Monza,20900,MB,Lombardia,AG927 - MONZA,NORD,Esistenti,"Via Carlo Prina 7/9, 20900 Monza, MB, Lombardia, Italia",45.5870315,9.2688798,"Via Carlo Prina, Borghetto, San Biagio, Monza, Monza e della Brianza, Lombardia, 20900, Italia",TROVATO,nominatim
ESE,Aperto,CUSTOM SALES,AG927,FR03990,"Via XX Settembre 43, ang. Via Roma ",Pavia,27100,PV,Lombardia,AG927 - PAVIA,NORD,Esistenti,"Via XX Settembre 43, ang. Via Roma, 27100 Pavia, PV, Lombardia, Italia",45.1860043,9.1546375,"Pavia, Lombardia, 27100, Italia",TROVATO_COMUNE,nominatim
ESE,Aperto,CUSTOM SALES,AG927,FR08942,Via Genova 4/C,Piacenza,29122,PC,Emilia-Romagna,AG927 - Piacenza,NORD,Esistenti,"Via Genova 4/C, 29122 Piacenza, PC, Emilia-Romagna, Italia",45.0455513,9.684626,"4c, Via Genova, Infrangibile, Piacenza, Emilia-Romagna, 29121, Italia",TROVATO,nominatim
ESE,Aperto,CUSTOM SALES,AG927,FR03941,Via Madre Francesca Cabrini 39,Sant'Angelo Lodigiano,26866,LO,Lombardia,AG927 - SANT’ANGELO LODIGIANO,NORD,Esistenti,"Via Madre Francesca Cabrini 39, 26866 Sant'Angelo Lodigiano, LO, Lombardia, Italia",45.238067,9.408656,"Sant'Angelo Lodigiano, Lodi, Lombardia, 26866, Italia",TROVATO_COMUNE,nominatim
ESE,Aperto,D.G.S. SRL,AG333,FR19009,Via R. Livatino 176/178,Enna,94100,EN,Sicilia,AG333 - ENNA E AGIRA,Centro Sud,Esistenti,"Via R. Livatino 176/178, 94100 Enna, EN, Sicilia, Italia",37.5667573,14.2807473,"Enna, Sicilia, 94100, Italia",TROVATO_COMUNE,nominatim
ESE,Aperto,D.G.S. SRL,AG333,FR19009,Via Nino Bixio 33/35,Piazza Armerina,94015,EN,Sicilia,AG333 - ENNA E AGIRA,Centro Sud,Esistenti,"Via Nino Bixio 33/35, 94015 Piazza Armerina, EN, Sicilia, Italia",37.39156,14.3709019,"Via Nino Bixio, Piazza Armerina, Enna, Sicilia, 94015, Italia",TROVATO,nominatim
WINDOWS,Aperto,EASY LIFE,AGA12,,Via Mazzini 3,MONTEROTONDO,00015,RM,Lazio,AGA12 - MONTEROTONDO,Centro Sud,Esistenti,"Via Mazzini 3, 00015 MONTEROTONDO, RM, Lazio, Italia",42.0533918,12.6273546,"Via Giuseppe Mazzini, Monterotondo, Roma Capitale, Lazio, 00015, Italia",TROVATO,nominatim
WINDOWS,Aperto,EASY LIFE,AGA12,,Via Augusto Terenzi 31/33/35 ,ROMA,00169,RM,Lazio,AGA12-W-ROMA TORRE SPACCATA,Centro Sud,Esistenti,"Via Augusto Terenzi 31/33/35, 00169 ROMA, RM, Lazio, Italia",41.8688678,12.5702335,"Via Augusto Terenzi, Torre Spaccata, Municipio Roma VII, Roma, Roma Capitale, Lazio, 00172, Italia",TROVATO,nominatim
ESE,Aperto,EASY LIFE,AGA12,FR12A13,Via Flaminia 12 ,Castelnuovo di Porto,00060,RM,Lazio,AGA12 - CASTELNUOVO DI PORTO,Centro Sud,Esistenti,"Via Flaminia 12, 00060 Castelnuovo di Porto, RM, Lazio, Italia",42.1263165,12.4932877,"Via Flaminia, Monte Vario, Castelnuovo di Porto, Roma Capitale, Lazio, 00067, Italia",TROVATO,nominatim
WINDOWS,Aperto,EASY LIFE,AGA12,,Via Roma 13,Fiano Romano,00065,Rm,Lazio,AGA12-W-FIANO ROMANO,Centro Sud,Esistenti,"Via Roma 13, 00065 Fiano Romano, Rm, Lazio, Italia",42.1718884,12.5923587,"13, Via Roma, Fiano Romano, Roma Capitale, Lazio, 00065, Italia",TROVATO,nominatim
WINDOWS,Aperto,GREEN ADVISOR,AG870,,Largo Antonio Beltramelli 31,Roma,00057,RM,Lazio,AG870 - ROMA,Centro Sud,Esistenti,"Largo Antonio Beltramelli 31, 00057 Roma, RM, Lazio, Italia",41.9101724,12.5378475,"Largo Antonio Beltramelli, Municipio Roma IV, Roma, Roma Capitale, Lazio, 00159, Italia",TROVATO,nominatim
ESE,Aperto,G.R. SERVIZI SRL,AG307,FR02001,Via Chambery 145/47,Aosta,11100,AO,Valle D'Aosta,AG307 - SD_GR SERVIZI_AOSTA,NORD,Esistenti,"Via Chambery 145/47, 11100 Aosta, AO, Valle D'Aosta, Italia",45.7373075,7.3204025,"Aosta / Aoste, Valle d'Aosta / Vallée d'Aoste, 11100, Italia",TROVATO_COMUNE,nominatim
ESE,Aperto,G.R. SERVIZI SRL,AG307,FR01A34,Via F.lli Rosselli 104 ,Biella,13900,BI,Piemonte,AG307 - BIELLA,NORD,Esistenti,"Via F.lli Rosselli 104, 13900 Biella, BI, Piemonte, Italia",45.5664109,8.0542758,"Biella, Piemonte, 13900, Italia",TROVATO_COMUNE,nominatim
WINDOWS,Aperto,ENER.GAS SRL,AG352,,Via Borgognissanti 103 ,Firenze,50123,FI,Toscana,AG352-W-FIRENZE,NORD,Esistenti,"Via Borgognissanti 103, 50123 Firenze, FI, Toscana, Italia",43.7697955,11.2556404,"Firenze, Toscana, Italia",TROVATO_COMUNE,nominatim
ESE,Aperto,ENER.GAS SRL,AG352,FR09020,Via Chiarugi 16/18,Empoli,50053,FI,Toscana,AG352 - EMPOLI,NORD,Esistenti,"Via Chiarugi 16/18, 50053 Empoli, FI, Toscana, Italia",43.7198454,10.9419118,"Via Vincenzo Chiarugi, Serravalle, Empoli, Unione dei Comuni Circondario dell'Empolese Valdelsa, Firenze, Toscana, 50053, Italia",TROVATO,nominatim
ESE,Aperto,ENER.GAS SRL,AG352,FR09012,Via Benedetto Dei 78/80,Firenze,50127,FI,Toscana,AG352 - Q5 FIRENZE SESTO,NORD,Esistenti,"Via Benedetto Dei 78/80, 50127 Firenze, FI, Toscana, Italia",43.797385,11.2336777,"Via Benedetto Dei, Firenze Nova, Novoli, Quartiere 5, Firenze, Toscana, 50127, Italia",TROVATO,nominatim
ESE,Aperto,ENERGIA GIUSTA S.r.l. UNIPERSONALE,AG707,FR04730 ,Largo Salvo D’Acquisto 24 ,Bussolengo,37012,VR,Veneto,AG707 - SD_MG_BUSSOLENGO,NORD,Esistenti,"Largo Salvo D’Acquisto 24, 37012 Bussolengo, VR, Veneto, Italia",45.4675517,10.8504594,"Largo Salvo D'Acquisto, Tezzetta, Bussolengo, Verona, Veneto, 37012, Italia",TROVATO,nominatim
ESE,Aperto,ENERGIA GIUSTA S.r.l. UNIPERSONALE,AG707,FR04906,Via Valsugana 102,Cassola ,36022,VI,Veneto,AG707 - Bassano del Grappa,NORD,Esistenti,"Via Valsugana 102, 36022 Cassola, VI, Veneto, Italia",45.7445362,11.7536679,"Via Valsugana, Borgo Asiago, San Zeno, Cassola, Vicenza, Veneto, 36022, Italia",TROVATO,nominatim
ESE,Aperto,G.R. SERVIZI SRL,AG307,FR01523,Via Renzo Cattaneo 2,Collegno,10093,TO,Piemonte,AG307 - COLLEGNO,NORD,Esistenti,"Via Renzo Cattaneo 2, 10093 Collegno, TO, Piemonte, Italia",45.0723732,7.5844966,"Via Renzo Cattaneo, Regina Margherita, Borgata Paradiso, Collegno, Torino, Piemonte, 10093, Italia",TROVATO,nominatim
ESE,Aperto,MAIN SOLUTION,AGA78,FR18A79,Via Argine Destro Annunziata 11 D/E/F,Reggio Calabria,89121,RC,Calabria,AGA78 - REGGIO CALABRIA,Centro Sud,Esistenti,"Via Argine Destro Annunziata 11 D/E/F, 89121 Reggio Calabria, RC, Calabria, Italia",38.1035389,15.6397556,"Reggio di Calabria, Reggio Calabria, Calabria, Italia",TROVATO_COMUNE,nominatim
ESE,Aperto,ENERGIA GIUSTA S.r.l. UNIPERSONALE,AG707,FR03846,Via Monte Grappa 32,Desenzano Del Garda,25015,BS,Lombardia,AG707 - DESENZANO DEL GARDA,NORD,Esistenti,"Via Monte Grappa 32, 25015 Desenzano Del Garda, BS, Lombardia, Italia",45.4685565,10.5378724,"Via Monte Grappa, Desenzano del Garda, Brescia, Lombardia, 25015, Italia",TROVATO,nominatim
ESE,Aperto,G.R. SERVIZI SRL,AG307,FR01046,Via Stradella 226,Torino,10147,TO,Piemonte,AG307 - SD_GR SERVIZI_TO_VALLE,NORD,Esistenti,"Via Stradella 226, 10147 Torino, TO, Piemonte, Italia",45.1035525,7.6655014,"226, Via Stradella, Madonna di Campagna, Circoscrizione 5, Torino, Piemonte, 10147, Italia",TROVATO,nominatim
WINDOWS,Aperto,ENERGIA GIUSTA S.r.l. UNIPERSONALE,AG707,FR12A64,via di Gabriello Chiabrera 44 ,Roma,00124,RM,Lazio,AG707-W-ROMA SAN PAOLO,NORD,Esistenti,"via di Gabriello Chiabrera 44, 00124 Roma, RM, Lazio, Italia",41.8933203,12.4829321,"Roma, Roma Capitale, Lazio, Italia",TROVATO_COMUNE,nominatim
WINDOWS,Aperto,ENERGIA GIUSTA S.r.l. UNIPERSONALE,AG707,FR12A67,via Aldo Moro 327,Frosinone,03100,FR,Lazio,AG707-W-FROSINONE,NORD,Esistenti,"via Aldo Moro 327, 03100 Frosinone, FR, Lazio, Italia",41.6408007,13.3439085,"Via Aldo Moro, Frosinone, Lazio, 03100, Italia",TROVATO,nominatim
ESE,Aperto,G.R. SERVIZI SRL,AG307,FR01746,Via Nizza 378,Torino,10127,TO,Piemonte,AG307 - SD_GR TORINO MIRAFIORI,NORD,Esistenti,"Via Nizza 378, 10127 Torino, TO, Piemonte, Italia",45.0191161,7.6619536,"378, Via Nizza, Italia '61, Nizza Millefonti, Circoscrizione 8, Torino, Piemonte, 10127, Italia",TROVATO,nominatim
WINDOWS,Aperto,ENERGIA GIUSTA S.r.l. UNIPERSONALE,AG707,FR12A68,via Volta 15,Aprilia,04011,LT,Lazio,AG707-W-APRILIA,NORD,Esistenti,"via Volta 15, 04011 Aprilia, LT, Lazio, Italia",41.5972497,12.6501138,"Via Alessandro Volta, Aprilia, Latina, Lazio, 04011, Italia",TROVATO,nominatim
WINDOWS,Aperto,ENERGIA GIUSTA S.r.l. UNIPERSONALE,AG707,FR12A65,Viale caduti nella guerra di liberazione 402,Roma,00128,RM,Lazio,AG707-W-ROMA LIBERAZIONE,NORD,Esistenti,"Viale caduti nella guerra di liberazione 402, 00128 Roma, RM, Lazio, Italia",41.8933203,12.4829321,"Roma, Roma Capitale, Lazio, Italia",TROVATO_COMUNE,nominatim
WINDOWS,Aperto,SMART LINE SERVICE SRL,AG127,FR14B97,Via Stamira 4C ,Roma,00162,RM,Lazio,AG127-W-P.ZA BOLOGNA RM,Centro Sud,Esistenti,"Via Stamira 4C, 00162 Roma, RM, Lazio, Italia",41.9133281,12.52333,"Via Stamira, Nomentano, Municipio Roma II, Roma, Roma Capitale, Lazio, 00162, Italia",TROVATO,nominatim
ESE,Aperto,ENERGIA GIUSTA S.r.l. UNIPERSONALE,AG707,FR06920,Piazza della Vittoria 10,Gorizia,34170,GO,Friuli Venezia Giulia,AG707 - GORIZIA,NORD,Esistenti,"Piazza della Vittoria 10, 34170 Gorizia, GO, Friuli Venezia Giulia, Italia",45.9459165,13.62535,"10, Piazza della Vittoria, Piazzutta / Placuta, Piuma / Pevma, Gorizia, Gorizia / Gurize / Gorica, Friuli-Venezia Giulia, 34170, Italia",TROVATO,nominatim
ESE,Aperto,ENERGIA GIUSTA S.r.l. UNIPERSONALE,AG707,FR04810,Via Roma Destra 77 ,Jesolo,30016,VE,Veneto,AG707 - JESOLO,NORD,Esistenti,"Via Roma Destra 77, 30016 Jesolo, VE, Veneto, Italia",45.533128,12.6436374,"Via Roma Destra, Cason Fornaci, Jesolo, Venezia, Veneto, 30016, Italia",TROVATO,nominatim
ESE,Aperto,ENERGIA GIUSTA S.r.l. UNIPERSONALE,AG707,FR06A70,Piazza Garibaldi 18,Latisana,33053,UD,Friuli Venezia Giulia,AG707 - LATISANA,NORD,Esistenti,"Piazza Garibaldi 18, 33053 Latisana, UD, Friuli Venezia Giulia, Italia",45.7756418,12.9960458,"18, Piazza Giuseppe Garibaldi, Sabbionera / Sabionere, Latisanotta / Tisanote, Latisana / Tisane, Udine / Udin / Videm, Friuli-Venezia Giulia, 33053, Italia",TROVATO,nominatim
ESE,Aperto,ENERGIA ITALIA SPA,AG267,FR19022,Via Caporal Maggiore Magrì 31,Canicattì,92024,AG,Sicilia,AG267 - AGRIGENTO,Centro Sud,Esistenti,"Via Caporal Maggiore Magrì 31, 92024 Canicattì, AG, Sicilia, Italia",37.3574496,13.8496385,"Via Caporal Maggiore Magrì, Rovitelli, Canicattì, Agrigento, Sicilia, 92024, Italia",TROVATO,nominatim
ESE,Aperto,ENERGIA ITALIA SPA,AG267,FR03576,Via Cooperazione 43,Cusano Milanino,20095,MI,Lombardia,AG267 - CUSANO,Centro Sud,Esistenti,"Via Cooperazione 43, 20095 Cusano Milanino, MI, Lombardia, Italia",45.552138,9.1836966,"Cusano Milanino, Zona Omogenea Milano Nord, Milano, Lombardia, 20095, Italia",TROVATO_COMUNE,nominatim
ESE,Aperto,ENERGIA ITALIA SPA,AG267,FR19759,Via Giovanni Matera 15,Trapani,91100,TP,Sicilia,AG267 - SEDE_TRAPANI,Centro Sud,Esistenti,"Via Giovanni Matera 15, 91100 Trapani, TP, Sicilia, Italia",38.0187379,12.5239591,"Via Generale Giovanni Matera, Trapani, Sicilia, 91100, Italia",TROVATO_FALLBACK,nominatim
ESE,Aperto,ENERGIA ITALIA SPA,AG267,FR19834,Via Archimede 317\319,Ragusa,97100,RG,Sicilia,AG267 - RAGUSA,Centro Sud,Esistenti,"Via Archimede 317\319, 97100 Ragusa, RG, Sicilia, Italia",36.9257113,14.7114671,"Via Archimede, Pianetti, Ragusa, Sicilia, 97100, Italia",TROVATO,nominatim
ESE,Aperto,ENERGIA ITALIA SPA,AG267,FR09864,Via Aretina 5A/R,Firenze,50136,FI,Toscana,AG267 - FIRENZE Q2,Centro Sud,Esistenti,"Via Aretina 5A/R, 50136 Firenze, FI, Toscana, Italia",43.7695249,11.2826092,"5/A R, Via Aretina, Bellariva, Quartiere 2, Firenze, Toscana, 50136, Italia",TROVATO,nominatim
ESE,Aperto,ENERGIA ITALIA SPA,AG267,FR19A04,Via Francesco Paolo Di Blasi 35/39,Palermo,90144,PA,Sicilia,AG267 - PALERMO,Centro Sud,Esistenti,"Via Francesco Paolo Di Blasi 35/39, 90144 Palermo, PA, Sicilia, Italia",38.1391544,13.3435028,"Via Francesco Paolo di Blasi, Quartiere Matteotti, VIII Circoscrizione, Palermo, Sicilia, 90144, Italia",TROVATO,nominatim
FLAGSHIP,Aperto,ENI PLENITUDE,AG611,,c.so Buenos aires 3 angolo panfilo Castaldi 41,Milano,20124,MI,Lombardia,AG611 - FLAGSHIP_MILANO,,Esistenti,"c.so Buenos aires 3 angolo panfilo Castaldi 41, 20124 Milano, MI, Lombardia, Italia",45.4641943,9.1896346,"Milano, Rodano, Milano, Lombardia, Italia",TROVATO_COMUNE,nominatim
FLAGSHIP,Aperto,ENI PLENITUDE,AG613,,C.so del Popolo 67,Treviso,31100,TV,Veneto,AG613 - FLAGSHIP_TREVISO,,Esistenti,"C.so del Popolo 67, 31100 Treviso, TV, Veneto, Italia",45.6643072,12.245421,"67, Corso del Popolo, San Zeno, Treviso, Veneto, 31100, Italia",TROVATO,nominatim
FLAGSHIP,Aperto,ENI PLENITUDE,AG615,,C.so Garibaldi 9,Padova,35122,PD,Veneto,AG615 - FLAGSHIP_PADOVA,,Esistenti,"C.so Garibaldi 9, 35122 Padova, PD, Veneto, Italia",45.4100281,11.8780766,"Corso Giuseppe Garibaldi, Arcella, Padova, Veneto, 35100, Italia",TROVATO,nominatim
FLAGSHIP,Aperto,ENI PLENITUDE,AG617,,Via Ugo Bassi 25/E,Bologna,40121,BO,Emilia-Romagna,AG617 - FLAGSHIP_BOLOGNA,,Esistenti,"Via Ugo Bassi 25/E, 40121 Bologna, BO, Emilia-Romagna, Italia",44.4950204,11.3417972,"Via Ugo Bassi, Pioggia, Malpighi, Porto-Saragozza, Bologna, Emilia-Romagna, 40121, Italia",TROVATO,nominatim
FLAGSHIP,Aperto,ENI PLENITUDE,AG619,,C.so Palladio 2-4,Vicenza,36100,VI,Veneto,AG619 - FLAGSHIP_VICENZA,,Esistenti,"C.so Palladio 2-4, 36100 Vicenza, VI, Veneto, Italia",45.546277,11.5566829,"Vicenza, Veneto, 36100, Italia",TROVATO_COMUNE,nominatim
FLAGSHIP,Aperto,ENI PLENITUDE,AG784,,Strada della Repubblica 6,Parma,43121,PR,Emilia-Romagna,AG784 - FLAGSHIP_PARMA,,Esistenti,"Strada della Repubblica 6, 43121 Parma, PR, Emilia-Romagna, Italia",44.8012225,10.3293884,"Plenitude, 6/b, Strada della Repubblica, Parma Centro, Parma, Emilia-Romagna, 43121, Italia",TROVATO,nominatim
FLAGSHIP,Aperto,ENI PLENITUDE,AG815,,via San Vincenzo 106,Genova,16121,GE,Liguria,AG815 - FLAGSHIP_GENOVA,,Esistenti,"via San Vincenzo 106, 16121 Genova, GE, Liguria, Italia",44.406988,8.9422952,"Via San Vincenzo, Quadrilatero, San Vincenzo, Centro Est, Genova, Liguria, 16121, Italia",TROVATO,nominatim
FLAGSHIP,Aperto,ENI PLENITUDE,AG817,,"Via Einaidi 5, CC Elnos",Roncadelle,25121,BS,Lombardia,AG817 - FLAGSHIP_BRESCIA,,Esistenti,"Via Einaidi 5, CC Elnos, 25121 Roncadelle, BS, Lombardia, Italia",45.5341255,10.1422742,"Roncadelle, Brescia, Lombardia, 25030, Italia",TROVATO_COMUNE,nominatim
FLAGSHIP,Aperto,ENI PLENITUDE,AG833,,Corso Porta Borsari 53,Verona,37121,VR,Veneto,AG833 - FLAGSHIP_VERONA,,Esistenti,"Corso Porta Borsari 53, 37121 Verona, VR, Veneto, Italia",45.4420491,10.9937382,"53, Corso Porta Borsari, Città antica, Centro storico, Verona, Veneto, 37121, Italia",TROVATO,nominatim
FLAGSHIP,Aperto,ENI PLENITUDE,AG831,,corso di porta romana 67,Milano,20122,MI,Lombardia,AG831 - FLAGSHIP_MILANO,,Esistenti,"corso di porta romana 67, 20122 Milano, MI, Lombardia, Italia",45.4564348,9.1954315,"Gioielleria Barbieri, 67, Corso di Porta Romana, Brolo, Crocetta, Municipio 1, Milano, Rodano, Milano, Lombardia, 20122, Italia",TROVATO,nominatim
FLAGSHIP,Aperto,ENI PLENITUDE,AG882,,Via Gelso Bianco - Centro Commerciale «le porte di Catania»,Catania,95121,CT,Sicilia,AG882 - FLAGSHIP_CATANIA,,Esistenti,"Via Gelso Bianco - Centro Commerciale «le porte di Catania», 95121 Catania, CT, Sicilia, Italia",37.5023612,15.0873718,"Catania, Sicilia, Italia",TROVATO_COMUNE,nominatim
FLAGSHIP,Aperto,ENI PLENITUDE,AG910,,Via Giuseppe Garibaldi 22,Torino,10122,TO,Piemonte,AG910 - FLAGSHIP_TORINO,,Esistenti,"Via Giuseppe Garibaldi 22, 10122 Torino, TO, Piemonte, Italia",45.0737156,7.6782475,"Museo Storico Reale Mutua, 22, Via Giuseppe Garibaldi, Quadrilatero Romano, Centro, Circoscrizione 1, Torino, Piemonte, 10122, Italia",TROVATO,nominatim
FLAGSHIP,Aperto,ENI PLENITUDE,AG911,,Via Emilia Santo Stefano 1/d,Reggio Emilia,42121,RE,Emilia-Romagna,AG911 - FLAGSHIP_REGGIO EMILIA,,Esistenti,"Via Emilia Santo Stefano 1/d, 42121 Reggio Emilia, RE, Emilia-Romagna, Italia",44.6987267,10.6305948,"1d, Via Emilia Santo Stefano, San Francesco-Giardini Pubblici, Reggio Emilia, Reggio nell'Emilia, Emilia-Romagna, 42121, Italia",TROVATO,nominatim
FLAGSHIP,Aperto,ENI PLENITUDE,AG940,,Via Tiraboschi 46,Bergamo,24122,BG,Lombardia,AG940 - FLAGSHIP_BERGAMO,,Esistenti,"Via Tiraboschi 46, 24122 Bergamo, BG, Lombardia, Italia",45.6932899,9.6680785,"Mi-NY cosmetici, 46, Via Gerolamo Tiraboschi, Finazzi, Città Alta, Bergamo, Lombardia, 24122, Italia",TROVATO,nominatim
FLAGSHIP,Aperto,ENI PLENITUDE-ENERGIA GIUSTA,AGA51,,Largo della Barriera Vecchia 4,Trieste,34129,TS,Friuli Venezia Giulia,AGA51 - FLAGSHIP_TRIESTE IBRIDO,,Esistenti,"Largo della Barriera Vecchia 4, 34129 Trieste, TS, Friuli Venezia Giulia, Italia",45.6483633,13.7794135,"4, Largo della Barriera Vecchia, Montuzza, Barriera Vecchia, Barriera Vecchia-San Giacomo, Trieste, Friuli-Venezia Giulia, 34129, Italia",TROVATO,nominatim
FLAGSHIP,Aperto,ENI PLENITUDE-ASSIST,AGC10,,Viale Europa n.67,Roma,00144,RM,Lazio,AGC10 - FLAGSHIP_RM_EU_IBRIDO,,Esistenti,"Viale Europa n.67, 00144 Roma, RM, Lazio, Italia",41.8323447,12.4639859,"Viale Europa, E.U.R., Municipio Roma IX, Roma, Roma Capitale, Lazio, 00144, Italia",TROVATO,nominatim
ESE,Aperto,G.A.S SOLAR TECHNOLOGIE SRL,AG929,FR16930,Via Appia 125,Brindisi,72100,BR,Puglia,AG929 - BRINDISI,Centro Sud,Esistenti,"Via Appia 125, 72100 Brindisi, BR, Puglia, Italia",40.6364605,17.9390993,"Via Appia, Centro, Brindisi, Puglia, 72100, Italia",TROVATO,nominatim
WINDOWS,Aperto,G.A.S SOLAR TECHNOLOGIE SRL,AG929,,Via Lamarmora 17,Lecce,73050,LE,Puglia,AG929-W-LECCE,Centro Sud,Esistenti,"Via Lamarmora 17, 73050 Lecce, LE, Puglia, Italia",39.8970113,18.100411,"Via Lamarmora, Mare Verde, Torre San Giovanni, Ugento, Lecce, Puglia, 73059, Italia",TROVATO,nominatim
ESE,Aperto,G.A.S SOLAR TECHNOLOGIE SRL,AG929,FR16A73,Viale Liguria 109,Taranto,74121,TA,Puglia,AG929 - TARANTO,Centro Sud,Esistenti,"Viale Liguria 109, 74121 Taranto, TA, Puglia, Italia",40.4575081,17.2626868,"Viale Liguria, Taranto, Puglia, 74121, Italia",TROVATO,nominatim
ESE,Aperto,ENERGIA GIUSTA S.r.l. UNIPERSONALE,AG707,FR04809,Riviera XX Settembre 50/52 angolo via N. Sauro 19,Mestre,30171,VE,Veneto,AG707 - MESTRE,NORD,Esistenti,"Riviera XX Settembre 50/52 angolo via N. Sauro 19, 30171 Mestre, VE, Veneto, Italia",45.4943063,12.2418053,"Mestre, Venezia, Veneto, 30170, Italia",TROVATO_COMUNE,nominatim
ESE,Aperto,ENERGIA GIUSTA S.r.l. UNIPERSONALE,AG707,FR04852,Via Montegrappa 23,Montebelluna,31044,TV,Veneto,AG707 - MONTEBELLUNA,NORD,Esistenti,"Via Montegrappa 23, 31044 Montebelluna, TV, Veneto, Italia",45.7679035,12.0459826,"Montebelluna, Treviso, Veneto, 31044, Italia",TROVATO_COMUNE,nominatim
ESE,Aperto,ENERGIA GIUSTA S.r.l. UNIPERSONALE,AG707,FR03977,Via Falcone 12,Montichiari,25018,BS,Lombardia,AG707 - MONTICHIARI,NORD,Esistenti,"Via Falcone 12, 25018 Montichiari, BS, Lombardia, Italia",45.4105823,10.4060298,"Bar Sorriso, 12, Via Giovanni Falcone, Boschetti, Montichiari, Brescia, Lombardia, 25018, Italia",TROVATO,nominatim
ESE,Aperto,ENERGIA GIUSTA S.r.l. UNIPERSONALE,AG707,FR06919,Piazza Risorgimento 19,Pordenone,33170,PN,Friuli Venezia Giulia,AG707 - PORDENONE,NORD,Esistenti,"Piazza Risorgimento 19, 33170 Pordenone, PN, Friuli Venezia Giulia, Italia",45.9589432,12.663512,"19, Piazza Risorgimento, San Giorgio, Borgo Meduna / Borc de Midune, Pordenone / Pordenon, Friuli-Venezia Giulia, 33170, Italia",TROVATO,nominatim
ESE,Aperto,ENERGIA GIUSTA S.r.l. UNIPERSONALE,AG707,FR04996,Via Vittorio Emanuele 61,Quinto di Treviso ,31055,TV,Veneto,AG707 - QUINTO DI TREVISO,NORD,Esistenti,"Via Vittorio Emanuele 61, 31055 Quinto di Treviso, TV, Veneto, Italia",45.6448523,12.1660898,"Via Vittorio Emanuele, Zecchina, Quinto di Treviso, Treviso, Veneto, 31055, Italia",TROVATO,nominatim
ESE,Aperto,ENERGIA GIUSTA S.r.l. UNIPERSONALE,AG707,FR12943,Via Amedeo Bocchi 178,Roma ,00125,RM,Lazio,AG707 - Roma Acilia,NORD,Esistenti,"Via Amedeo Bocchi 178, 00125 Roma, RM, Lazio, Italia",41.7740122,12.3517316,"Via Amedeo Bocchi, Casal Palocco, Municipio Roma X, San Giorgio di Acilia, Roma, Roma Capitale, Lazio, 00125, Italia",TROVATO,nominatim
ESE,Aperto,G.M.G.3 SRL,AG351,FR09039,Via  Roma 171/173,Bagno a Ripoli,50022,FI,Toscana,AG351 - GREVE IN CHIANTI,NORD,Esistenti,"Via  Roma 171/173, 50022 Bagno a Ripoli, FI, Toscana, Italia",43.7292448,11.3469496,"Via Roma, Osteria Nuova, Antella, Bagno a Ripoli, Firenze, Toscana, 50012, Italia",TROVATO,nominatim
ESE,Aperto,G.M.G.3 SRL,AG351,FR09956,Via Cucchiari 2e/f,Carrara,54033,MS,Toscana,AG351 - CARRARA,NORD,Esistenti,"Via Cucchiari 2e/f, 54033 Carrara, MS, Toscana, Italia",44.0769971,10.1030518,"Via Domenico Cucchiari, La Foce, Codena, Carrara, Massa-Carrara, Toscana, 54033, Italia",TROVATO_FALLBACK,nominatim
ESE,Aperto,G.R. SERVIZI SRL,AG307,FR01703,Corso Matteotti 3 B/C,Venaria Reale,10078,TO,Piemonte,AG307 - SEDE_VENARIA_REALE_TO,NORD,Esistenti,"Corso Matteotti 3 B/C, 10078 Venaria Reale, TO, Piemonte, Italia",45.1289356,7.6262275,"Corso Giacomo Matteotti, Centro, Altessano, Venaria Reale, Torino, Piemonte, 10078, Italia",TROVATO,nominatim
WINDOWS,Aperto,G.M.G.3 SRL,AG351,,Via Oberdan 57,Pietrasanta,55047,Lu,Toscana,AG351-W-PIETRASANTA,NORD,Esistenti,"Via Oberdan 57, 55047 Pietrasanta, Lu, Toscana, Italia",43.9579841,10.2290369,"Via Guglielmo Oberdan, Capriglia, Pietrasanta, Unione dei comuni della Versilia, Lucca, Toscana, 55045, Italia",TROVATO,nominatim
MALL,Aperto,QITALIA,AG660,,VIA SAN QUIRICO 165 ,CAMPI BISENZIO,50013,FI,Toscana,AG660 - GIGLI FIRENZE,NORD,Esistenti,"VIA SAN QUIRICO 165, 50013 CAMPI BISENZIO, FI, Toscana, Italia",43.8458796,11.1422734,"Apple i Gigli, 165, Via San Quirico, Santa Maria, Il Rosi, Campi Bisenzio, Firenze, Toscana, 50013, Italia",TROVATO,nominatim
ESE,Aperto,G.M.G.3 SRL,AG351,FR09038,Via Empolese 65,Pieve a Nievole,51018,PT,Toscana,AG351 - MONTECATINI,NORD,Esistenti,"Via Empolese 65, 51018 Pieve a Nievole, PT, Toscana, Italia",43.8744244,10.8028341,"65, Via Empolese, La Colonna, Via Nova, Pieve a Nievole, Pistoia, Toscana, 51018, Italia",TROVATO,nominatim
ESE,Aperto,G.M.G.3 SRL,AG351,FR09040,Viale Adua 389/b,Pistoia,51100,PT,Toscana,AG351 - PISTOIA,NORD,Esistenti,"Viale Adua 389/b, 51100 Pistoia, PT, Toscana, Italia",43.9450284,10.9006644,"Viale Adua, Capostrada, Pistoia, Toscana, 51100, Italia",TROVATO,nominatim
ESE,Aperto,G.M.G.3 SRL,AG351,FR09877,Via Mazzini 245,Viareggio,55049,LU,Toscana,AG351 - VIAREGGIO,NORD,Esistenti,"Via Mazzini 245, 55049 Viareggio, LU, Toscana, Italia",43.8265049,10.2886621,"Via Giuseppe Mazzini, Torre del Lago Puccini, Viareggio, Unione dei comuni della Versilia, Lucca, Toscana, 55049, Italia",TROVATO,nominatim
MALL,Aperto,QITALIA,AG660,,VIA DELLA VALTIERA 181 ,COLLESTRADA,06135,PG,Umbria,AG660 - PERUGIA,NORD,Esistenti,"VIA DELLA VALTIERA 181, 06135 COLLESTRADA, PG, Umbria, Italia",43.0883514,12.466989,"181, Via della Valtiera, Borgo Collestrada, Collestrada, Perugia, Umbria, 06135, Italia",TROVATO,nominatim
MALL,Aperto,QITALIA,AG660,,VIA ENRICO FERMI 1,CURNO,24035,BG,Lombardia,AG660 - Curno,NORD,Esistenti,"VIA ENRICO FERMI 1, 24035 CURNO, BG, Lombardia, Italia",45.68327,9.617215,"Auchan, 1, Via Enrico Fermi, Curno, Bergamo, Lombardia, 24035, Italia",TROVATO,nominatim
MALL,Aperto,QITALIA,AG660,,VIA RAFFAELLO SANZIO 199 ,EMPOLI,50053,FI,Toscana,AG660 - EMPOLI,NORD,Esistenti,"VIA RAFFAELLO SANZIO 199, 50053 EMPOLI, FI, Toscana, Italia",43.7137137,10.9236431,"CENTRO*Empoli, 199, Via Raffaello Sanzio, Lucchese Est, Avane, Empoli, Unione dei Comuni Circondario dell'Empolese Valdelsa, Firenze, Toscana, 50053, Italia",TROVATO,nominatim
ESE,Aperto,GASCONTROL SRL,AG340,FR16002,Via Bisceglie 8,Andria,76123,BT,Puglia,AG340 - ANDRIA ASCOLI SATRIANO,Centro Sud,Esistenti,"Via Bisceglie 8, 76123 Andria, BT, Puglia, Italia",41.2258315,16.3078058,"8, Via Bisceglie, Andria, Barletta-Andria-Trani, Puglia, 76123, Italia",TROVATO,nominatim
ESE,Aperto,GASCONTROL SRL,AG340,FR16014,Via Torino 22/24,Barletta,76121,BT,Puglia,AG340 - BARLETTA E M.DI SAVOIA,Centro Sud,Esistenti,"Via Torino 22/24, 76121 Barletta, BT, Puglia, Italia",41.3156804,16.2767141,"Via Torino, Centro, Barletta, Barletta-Andria-Trani, Puglia, 76121, Italia",TROVATO,nominatim
ESE,Aperto,GASCONTROL SRL,AG340,FR16006,Piazza Aldo Moro 7,Molfetta,70056,BA,Puglia,AG340 - MOLFETTA E BISCEGLIE,Centro Sud,Esistenti,"Piazza Aldo Moro 7, 70056 Molfetta, BA, Puglia, Italia",41.1964399,16.5965427,"Piazza Aldo Moro, Villaggio Belgiovine, Molfetta, Bari, Puglia, 70056, Italia",TROVATO,nominatim
ESE,Aperto,GASCONTROL SRL,AG340,FR16763,Viale Armando Diaz 31,Corato,70033,BA,Puglia,AG340 - RUVO E CORATO,Centro Sud,Esistenti,"Viale Armando Diaz 31, 70033 Corato, BA, Puglia, Italia",41.1535877,16.4167417,"Viale Armando Diaz, Corato, Bari, Puglia, 70033, Italia",TROVATO,nominatim
ESE,Aperto,GASCONTROL SRL,AG340,FR16766,Via Matteo Renato Imbriani 108,Canosa di Puglia,70012,BT,Puglia,AG340 - CANOSA DI PUGLIA,Centro Sud,Esistenti,"Via Matteo Renato Imbriani 108, 70012 Canosa di Puglia, BT, Puglia, Italia",41.2164014,16.0622641,"Via Matteo Renato Imbriani, Canosa di Puglia, Barletta-Andria-Trani, Puglia, 76012, Italia",TROVATO,nominatim
WINDOWS,Aperto,GEMINI,AG527,,Via Vittorio Veneto 49 ,PIGNATARO MAGGIORE,81052,CE,Campania,AG527-W-PIGNATARO MAGGIORE,Centro Sud,Esistenti,"Via Vittorio Veneto 49, 81052 PIGNATARO MAGGIORE, CE, Campania, Italia",41.1879256,14.170409,"Via Vittorio Veneto, Pignataro Maggiore, Pignataro Scalo, Pignataro Maggiore, Caserta, Campania, 81052, Italia",TROVATO,nominatim
WINDOWS,Aperto,GEMINI,AG527,,Via Monsignor Gennaro Verolino 19 ,ACERRA,80011,,Campania,AG527-W-ACERRA,Centro Sud,Esistenti,"Via Monsignor Gennaro Verolino 19, 80011 ACERRA, , Campania, Italia",40.9426977,14.3725017,"Via Monsignor Gennaro Verolino, Acerra, Napoli, Campania, 80011, Italia",TROVATO,nominatim
MALL,Aperto,GREEN ADVISOR,AG870,,VIA ALBERTO LIONELLO 201,ROMA,00139,RM,Lazio,AG870-W-ROMA TIBURTINA,Centro Sud,Esistenti,"VIA ALBERTO LIONELLO 201, 00139 ROMA, RM, Lazio, Italia",41.9701141,12.5386784,"Poste Italiane, 201, Via Alberto Lionello, Porta di Roma, Castel Giubileo, Municipio Roma III, Roma, Roma Capitale, Lazio, 00139, Italia",TROVATO,nominatim
MALL,Aperto,GREEN ADVISOR,AG870,,VIA COLLATINA,ROMA,00132,RM,Lazio,AG870-W-ROMA TIBURTINA,Centro Sud,Esistenti,"VIA COLLATINA, 00132 ROMA, RM, Lazio, Italia",41.9224781,12.6674167,"Via Collatina, Municipio Roma VI, Roma, Roma Capitale, Lazio, 00132, Italia",TROVATO,nominatim
MALL,Aperto,QITALIA,AG660,,Via Crea 10 (CC LE GRU),GRUGLIASCO,10095,TO,Piemonte,AG660 - GRUGLIASCO,NORD,Esistenti,"Via Crea 10 (CC LE GRU), 10095 GRUGLIASCO, TO, Piemonte, Italia",45.0577077,7.6147814,"Via Crea, Shopville Le Gru, Grugliasco, Torino, Piemonte, 10195, Italia",TROVATO,nominatim
WINDOWS,Aperto,GREEN ADVISOR,AG870,,Via Troilo Il Grande 84-86,ROMA ,00131,RM,Lazio,AG870 - ROMA EST,Centro Sud,Esistenti,"Via Troilo Il Grande 84-86, 00131 ROMA, RM, Lazio, Italia",41.9473814,12.6008752,"Via Troilo il Grande, Settecamini, Casal Monastero, Roma, Roma Capitale, Lazio, 00131, Italia",TROVATO,nominatim
WINDOWS,Aperto,SMART LINE SERVICE SRL,AG127,FR17859,Via Ammiraglio George Curzon 12,Villa San Giovanni,89018,RC,Calabria,AG127-W-VILLA S.GIOVANI,Centro Sud,Esistenti,"Via Ammiraglio George Curzon 12, 89018 Villa San Giovanni, RC, Calabria, Italia",38.2180591,15.638486,"Villa San Giovanni, Reggio Calabria, Calabria, 89018, Italia",TROVATO_COMUNE,nominatim
ESE,Aperto,INSIEME S.P.A.,AG194,FR01516,Corso Dora 13,Avigliana,10051,TO,Piemonte,AG194 - SD_AVIGLIANA,Centro Sud,Esistenti,"Corso Dora 13, 10051 Avigliana, TO, Piemonte, Italia",45.0897038,7.4026645,"Corso Dora, Ponte Dora, Grangia, Avigliana, Torino, Piemonte, 10051, Italia",TROVATO,nominatim
ESE,Aperto,INSIEME S.P.A.,AG194,FR12622,Via Agostino Fausti 10/12,Bracciano,00062,RM,Lazio,AG194 - SD_BRACCIANO,Centro Sud,Esistenti,"Via Agostino Fausti 10/12, 00062 Bracciano, RM, Lazio, Italia",42.1025598,12.1764061,"Via Agostino Fausti, Bracciano, Roma Capitale, Lazio, 00062, Italia",TROVATO,nominatim
ESE,Aperto,INSIEME S.P.A.,AG194,FR01745,Via F.lli Vercelli 116,Carmagnola,10022,TO,Piemonte,AG194 - SD_CARMAGNOLA,Centro Sud,Esistenti,"Via F.lli Vercelli 116, 10022 Carmagnola, TO, Piemonte, Italia",44.8455856,7.7192711,"Carmagnola, Torino, Piemonte, 10022, Italia",TROVATO_COMUNE,nominatim
ESE,Aperto,INSIEME S.P.A.,AG194,FR01744,Via Saluzzo 6,Cavour,10061,TO,Piemonte,AG194 - SD_CAVOUR,Centro Sud,Esistenti,"Via Saluzzo 6, 10061 Cavour, TO, Piemonte, Italia",44.7684608,7.388038,"Via Antica di Saluzzo, Ruata Ribotta, Cavour, Torino, Piemonte, 10061, Italia",TROVATO,nominatim
ESE,Aperto,INSIEME S.P.A.,AG194,FR12392,Via G. Bruzzesi 9,Civitavecchia,00053,RM,Lazio,AG194 - SEDE_CIVITAVECCHIA_RM,Centro Sud,Esistenti,"Via G. Bruzzesi 9, 00053 Civitavecchia, RM, Lazio, Italia",42.0937524,11.7922462,"Civitavecchia, Roma Capitale, Lazio, 00053, Italia",TROVATO_COMUNE,nominatim
ESE,Aperto,INSIEME S.P.A.,AG194,FR09427,Via Biccocchi 109,Follonica,58022,GR,Toscana,AG194 - FOLLONICA,Centro Sud,Esistenti,"Via Biccocchi 109, 58022 Follonica, GR, Toscana, Italia",42.926326,10.761625,"Follonica, Grosseto, Toscana, 58022, Italia",TROVATO_COMUNE,nominatim
ESE,Aperto,INSIEME S.P.A.,AG194,FR12801,Piazza G. Falcone 23,Ladispoli,00055,RM,Lazio,AG194 - SD_LADISPOLI,Centro Sud,Esistenti,"Piazza G. Falcone 23, 00055 Ladispoli, RM, Lazio, Italia",41.9537219,12.0734646,"Ladispoli, Roma Capitale, Lazio, Italia",TROVATO_COMUNE,nominatim
ESE,Aperto,INSIEME S.P.A.,AG194,FR01517,Via Cavour 4 bis/B,Moncalieri,10024,TO,Piemonte,AG194 - SEDE_MONCALIERI_TO,Centro Sud,Esistenti,"Via Cavour 4 bis/B, 10024 Moncalieri, TO, Piemonte, Italia",44.9989247,7.6801722,"Via Cavour, Borgo Navile, Moncalieri, Torino, Piemonte, 10024, Italia",TROVATO,nominatim
ESE,Aperto,INSIEME S.P.A.,AG194,FR12735,Via Capitan Consalvo 25/27,Ostia Lido,00122,RM,Lazio,AG194 - ROMA OSTIA LIDO,Centro Sud,Esistenti,"Via Capitan Consalvo 25/27, 00122 Ostia Lido, RM, Lazio, Italia",41.7326012,12.2784556,"Lido di Ostia, Roma, Roma Capitale, Lazio, 00121, Italia",TROVATO_COMUNE,nominatim
ESE,Aperto,INSIEME S.P.A.,AG194,FR07627,Via S. Anna 100,Rapallo,16035,GE,Liguria,AG194 - RAPALLO,Centro Sud,Esistenti,"Via S. Anna 100, 16035 Rapallo, GE, Liguria, Italia",44.3519135,9.2223473,"Via della Liberta nuova chiesa S. Anna, Via della Libertà, Cappelletta, San Michele di Pagana, Rapallo, Genova, Liguria, 16035, Italia",TROVATO_FALLBACK,nominatim
ESE,Aperto,INSIEME S.P.A.,AG194,FR12396,Viale Palmiro Togliatti 16/17,ROMA,00155,RM,Lazio,AG194 - ROMA COLLATINO,Centro Sud,Esistenti,"Viale Palmiro Togliatti 16/17, 00155 ROMA, RM, Lazio, Italia",41.8995574,12.5757297,"Viale Palmiro Togliatti, Centocelle, Tor Sapienza, Roma, Roma Capitale, Lazio, 00171, Italia",TROVATO,nominatim
ESE,Aperto,INSIEME S.P.A.,AG194,FR12395,Via Cappelletta della Giustiniana 18,ROMA,00123,RM,Lazio,AG194 - ROMA GIUSTINIANA,Centro Sud,Esistenti,"Via Cappelletta della Giustiniana 18, 00123 ROMA, RM, Lazio, Italia",41.9861201,12.4062186,"Via della Cappelletta della Giustiniana, Giustiniana, Municipio Roma XV, Roma, Roma Capitale, Lazio, 00189, Italia",TROVATO_FALLBACK,nominatim
ESE,Aperto,INSIEME S.P.A.,AG194,FR12393,Via G. Volpato 7-9-11-13,ROMA,00146,RM,Lazio,AG194 - ROMA OSTIENSE,Centro Sud,Esistenti,"Via G. Volpato 7-9-11-13, 00146 ROMA, RM, Lazio, Italia",41.8933203,12.4829321,"Roma, Roma Capitale, Lazio, Italia",TROVATO_COMUNE,nominatim
ESE,Aperto,INSIEME S.P.A.,AG194,FR07628,Via Verdi 21,Savona,17100,SV,Liguria,AG194 - SD_SAVONA,Centro Sud,Esistenti,"Via Verdi 21, 17100 Savona, SV, Liguria, Italia",44.3163037,8.4726881,"21, Via Giuseppe Verdi, Rusca, Savona, Liguria, 17100, Italia",TROVATO,nominatim
ESE,Aperto,INSIEME S.P.A.,AG194,FR01518,Corso Einaudi 15 h/i/l,Torino ,10128,TO,Piemonte,AG194 - SD_TORINO_CROCETTA,Centro Sud,Esistenti,"Corso Einaudi 15 h/i/l, 10128 Torino, TO, Piemonte, Italia",45.0677551,7.6824892,"Torino, Piemonte, Italia",TROVATO_COMUNE,nominatim
ESE,Aperto,INSIEME S.P.A.,AG194,FR07630,Via E. Chiappori 7,Ventimiglia,18039,IM,Liguria,AG194 - SD_VENTIMIGLIA,Centro Sud,Esistenti,"Via E. Chiappori 7, 18039 Ventimiglia, IM, Liguria, Italia",43.826485,7.5495174,"Ventimiglia, Provincia di Imperia, Liguria, Italia",TROVATO_COMUNE,nominatim
ESE,Aperto,INSIEME S.P.A.,AG194,FR12394,Via Cassia sud 3/a,Viterbo,01100,VT,Lazio,AG194 - VITERBO,Centro Sud,Esistenti,"Via Cassia sud 3/a, 01100 Viterbo, VT, Lazio, Italia",42.3691912,12.0584017,"Via Cassia, Viterbo, Lazio, Italia",TROVATO,nominatim
ESE,Aperto,INSIEME S.P.A.,AG194,FR12767,Via Gabi 1,ROMA,00183,RM,Lazio,AG194 - ROMA APPIO,Centro Sud,Esistenti,"Via Gabi 1, 00183 ROMA, RM, Lazio, Italia",41.8812376,12.5094211,"Via Gabi, San Giovanni, Municipio Roma VII, Roma, Roma Capitale, Lazio, 00183, Italia",TROVATO,nominatim
ESE,Aperto,INSIEME S.P.A.,AG194,FR01963,Regio Parco Corso Belgio 171 F,Torino,10153,TO,Piemonte,AG194 - TORINO REGIO PARCO,Centro Sud,Esistenti,"Regio Parco Corso Belgio 171 F, 10153 Torino, TO, Piemonte, Italia",,,,NON_TROVATO,nominatim
ESE,Aperto,INSIEME S.P.A.,AG194,FR12964,Largo Domenico Paone 15 ,Formia,04023,LT,Lazio,AG194 - FORMIA,Centro Sud,Esistenti,"Largo Domenico Paone 15, 04023 Formia, LT, Lazio, Italia",,,,NON_TROVATO,nominatim
ESE,Aperto,INSIEME S.P.A.,AG194,FR12965,Via Armellini 26,Latina ,04100,LT,Lazio,AG194 - LATINA,Centro Sud,Esistenti,"Via Armellini 26, 04100 Latina, LT, Lazio, Italia",,,,NON_TROVATO,nominatim
ESE,Aperto,INSIEME S.P.A.,AG194,FR12978,Via Nazario Sauro 11,Fondi,04022,LT,Lazio,AG194 - FONDI,Centro Sud,Esistenti,"Via Nazario Sauro 11, 04022 Fondi, LT, Lazio, Italia",,,,NON_TROVATO,nominatim
ESE,Aperto,INSIEME S.P.A.,AG194,FR13979,Corso Umberto I 430,Montesilvano,65015,PE,Abruzzo,AG194 - MONTESILVANO,Centro Sud,Esistenti,"Corso Umberto I 430, 65015 Montesilvano, PE, Abruzzo, Italia",,,,NON_TROVATO,nominatim
ESE,Aperto,INSIEME S.P.A.,AG194,FR11980,Via Alcide De Gasperi 7,San benedetto del Tronto,63074,AP,Marche,AG194 - SAN BENEDETTO DEL TRON,Centro Sud,Esistenti,"Via Alcide De Gasperi 7, 63074 San benedetto del Tronto, AP, Marche, Italia",,,,NON_TROVATO,nominatim
WINDOWS,Aperto,INSIEME S.P.A.,AG194,,Via Torino 155/B,Nichelino,10042,TO,Piemonte,AG194-W-TORINO,Centro Sud,Esistenti,"Via Torino 155/B, 10042 Nichelino, TO, Piemonte, Italia",,,,NON_TROVATO,nominatim
WINDOWS,Aperto,INSIEME S.P.A.,AG194,,Via del Casale Ninfeo 6-8,Roma,00163,RM,Lazio,AG194-W-ROMA NINFEO,Centro Sud,Esistenti,"Via del Casale Ninfeo 6-8, 00163 Roma, RM, Lazio, Italia",,,,NON_TROVATO,nominatim
ESE,Aperto,INSIEME S.P.A.,AG194,FR09A69,Via Borgo Giannotti 256,Lucca,55100,LU,Toscana,AG194 - LUCCA,Centro Sud,Esistenti,"Via Borgo Giannotti 256, 55100 Lucca, LU, Toscana, Italia",,,,NON_TROVATO,nominatim
ESE,Aperto,MCF SRL,AG164,FR14B45,"Via Consalvo 107/a, 107/b",Napoli,80125,,Campania,AG164 - Napoli Fuorigrotta,Centro Sud,Esistenti,"Via Consalvo 107/a, 107/b, 80125 Napoli, , Campania, Italia",,,,NON_TROVATO,nominatim
ESE,Aperto,SYNERGY S.r.l.,AG441,FR07440,Corso Assarotti 1 c/d,Chiavari,16043,GE,Liguria,AG441 - CHIAVARI,NORD,Esistenti,"Corso Assarotti 1 c/d, 16043 Chiavari, GE, Liguria, Italia",,,,NON_TROVATO,nominatim
WINDOWS,Aperto,CONSORZIO SERVIZI GAS s.r.l.,AG367,,Via Nuova 36,Santo Stefano di Camastra,98077,ME,Sicilia,AG367 - MESSINA,Centro Sud,Esistenti,"Via Nuova 36, 98077 Santo Stefano di Camastra, ME, Sicilia, Italia",,,,NON_TROVATO,nominatim
WINDOWS,Aperto,INSIEME S.P.A.,AG194,,Via Prenestina 386/384,Roma,00017,RM,Lazio,AG194-W-ROMA PRENESTINO,Centro Sud,Esistenti,"Via Prenestina 386/384, 00017 Roma, RM, Lazio, Italia",,,,NON_TROVATO,nominatim
WINDOWS,Aperto,MCF SRL,AG164,,Corso Europa 162,Avellino,83100,AV,Campania,AG164 - AFRAGOLA,Centro Sud,Esistenti,"Corso Europa 162, 83100 Avellino, AV, Campania, Italia",,,,NON_TROVATO,nominatim
ESE,Aperto,LNT SRL (LA NUOVA TERMOIDROELETTRICA DEI F.LLI COCCONCELLI),AG339,FR18D44,Via A. D'Ippolito 23,Lamezia Terme,88046,CZ,Calabria,AG339 - LAMEZIA TER,Centro Sud,Esistenti,"Via A. D'Ippolito 23, 88046 Lamezia Terme, CZ, Calabria, Italia",,,,NON_TROVATO,nominatim
ESE,Aperto,LNT SRL (LA NUOVA TERMOIDROELETTRICA DEI F.LLI COCCONCELLI),AG339,FR18D44,Via Papandrea 1,Vibo Valentia,89811,VV,Calabria,AG339 - VIBO VALENTIA,Centro Sud,Esistenti,"Via Papandrea 1, 89811 Vibo Valentia, VV, Calabria, Italia",,,,NON_TROVATO,nominatim
ESE,Aperto,LNT SRL (LA NUOVA TERMOIDROELETTRICA DEI F.LLI COCCONCELLI),AG339,,Viale Regina Margherita 158/B,Amantea,87032,CS,Calabria,,Centro Sud,Esistenti,"Viale Regina Margherita 158/B, 87032 Amantea, CS, Calabria, Italia",,,,NON_TROVATO,nominatim
ESE,Aperto,LUX TECNOLOGY TC SRLS ,AG509,FR19511,Via Venezia 75,Gela,93012,CL,Sicilia,AG509 - GELA,Centro Sud,Esistenti,"Via Venezia 75, 93012 Gela, CL, Sicilia, Italia",,,,NON_TROVATO,nominatim
ESE,Aperto,LUX TECNOLOGY TC SRLS ,AG509,FR19512,Viale Trieste 126,Caltanissetta,93100,CL,Sicilia,AG509 - CALTANISSETTA,Centro Sud,Esistenti,"Viale Trieste 126, 93100 Caltanissetta, CL, Sicilia, Italia",,,,NON_TROVATO,nominatim
ESE,Aperto,ENERGIA GIUSTA S.r.l. UNIPERSONALE,AG707,FR04B48,Corso Vittorio Emanuele II  85 ,Conegliano,31015,TV,Veneto,AG707 - CONEGLIANO,NORD,Esistenti,"Corso Vittorio Emanuele II  85, 31015 Conegliano, TV, Veneto, Italia",,,,NON_TROVATO,nominatim
WINDOWS,Aperto,SMART LINE SERVICE SRL,AG127,FR14B35,Via Camillo Benso Cavuour 5,Aversa,81031,CE,Campania,AG127-W-AVERSA,Centro Sud,Esistenti,"Via Camillo Benso Cavuour 5, 81031 Aversa, CE, Campania, Italia",,,,NON_TROVATO,nominatim
WINDOWS,Aperto,INSIEME S.P.A.,AG194,,Via di Torrevecchia 83,Roma,00168,RM,Lazio,AG194-W-ROMA TORREVECCHIA,Centro Sud,Esistenti,"Via di Torrevecchia 83, 00168 Roma, RM, Lazio, Italia",,,,NON_TROVATO,nominatim
WINDOWS,Aperto,BLUGAS SRL,AG349,,Via Strozzi 91 B ,PRATO,59100 ,PO,TOSCANA,AG349-W-PRATO,NORD,Esistenti,"Via Strozzi 91 B, 59100 PRATO, PO, TOSCANA, Italia",,,,NON_TROVATO,nominatim
WINDOWS,Aperto,MCF SRL,AG164,,Via Torrione 59,Salerno,84127,SA,Campania,AG164-W-SALERNO,Centro Sud,Esistenti,"Via Torrione 59, 84127 Salerno, SA, Campania, Italia",,,,NON_TROVATO,nominatim
ESE,Aperto,MCF SRL,AG164,FR14013,"VIA PIETRO COLLETTA, 18",Maddaloni,81024 ,CE,Campania,AG164 - MADDALONI E CIRCELLO,Centro Sud,Esistenti,"VIA PIETRO COLLETTA, 18, 81024 Maddaloni, CE, Campania, Italia",,,,NON_TROVATO,nominatim
ESE,Aperto,MCF SRL,AG164,FR15002,Corso Bucci 66,Campobasso,86100,CB,Molise,AG164 - CAMPOBASSO,Centro Sud,Esistenti,"Corso Bucci 66, 86100 Campobasso, CB, Molise, Italia",,,,NON_TROVATO,nominatim
ESE,Aperto,MCF SRL,AG164,FR14761,Viale Kennedy 75,Santa Maria Capua Vetere,81055,CE,Campania,AG164 - SMARIA CAPUA VETERE,Centro Sud,Esistenti,"Viale Kennedy 75, 81055 Santa Maria Capua Vetere, CE, Campania, Italia",,,,NON_TROVATO,nominatim
ESE,Aperto,MCF SRL,AG164,FR14962,Via Ennio Goduti 1/3,Benevento,82100,BN,Campania,AG164 - BENEVENTO,Centro Sud,Esistenti,"Via Ennio Goduti 1/3, 82100 Benevento, BN, Campania, Italia",,,,NON_TROVATO,nominatim
ESE,Aperto,MCF SRL,AG164,FR14961,Viale Abramo Lincoln 83,Caserta,81100,CE,Campania,AG164 - CASERTA,Centro Sud,Esistenti,"Viale Abramo Lincoln 83, 81100 Caserta, CE, Campania, Italia",,,,NON_TROVATO,nominatim
ESE,Aperto,MCF SRL,AG164,FR14969,Corso Vittorio Emanuele 113,Afragola,80021,,Campania,AG164 - AFRAGOLA,Centro Sud,Esistenti,"Corso Vittorio Emanuele 113, 80021 Afragola, , Campania, Italia",,,,NON_TROVATO,nominatim
ESE,Aperto,INSIEME S.P.A.,AG194,FR11B51,Via Piave 38,Ancona,60124,AN,Marche,AG194 - ANCONA,Centro Sud,Esistenti,"Via Piave 38, 60124 Ancona, AN, Marche, Italia",,,,NON_TROVATO,nominatim
WINDOWS,Aperto,MCF SRL,AG164,,Via XXI Luglio 12,SESSA AURUNCA,81037,CE,CAMPANIA,AG164-W-SESSA AURUNCA,Centro Sud,Esistenti,"Via XXI Luglio 12, 81037 SESSA AURUNCA, CE, CAMPANIA, Italia",,,,NON_TROVATO,nominatim
WINDOWS,Aperto,SMART LINE SERVICE SRL,AG127,FR12B96,Via Circumvallazione 3 - 5 ,NOLA,80035,,CAMPANIA,AG127-W-NOLA,Centro Sud,Esistenti,"Via Circumvallazione 3 - 5, 80035 NOLA, , CAMPANIA, Italia",,,,NON_TROVATO,nominatim
ESE,Aperto,MCF SRL,AG164,FR14B61,Via G.Bruno n.189 ,Napoli,80122,,Campania,AG164 - VOMERO-CHIAIA,Centro Sud,Esistenti,"Via G.Bruno n.189, 80122 Napoli, , Campania, Italia",,,,NON_TROVATO,nominatim
ESE,Aperto,SMART LINE SERVICE SRL,AG127,FR14B62,Via Alcide de Gasperi 15,San Giorgio a Cremano,80046,,Campania,AG127 - SAN GIORGIO A CREMANO,Centro Sud,Esistenti,"Via Alcide de Gasperi 15, 80046 San Giorgio a Cremano, , Campania, Italia",,,,NON_TROVATO,nominatim
MALL,Aperto,QITALIA,AG660,,VIA FONTEVIVO 17,LA SPEZIA,19100,SP,Liguria,AG660 - LA SPEZIA,NORD,Esistenti,"VIA FONTEVIVO 17, 19100 LA SPEZIA, SP, Liguria, Italia",,,,NON_TROVATO,nominatim
MALL,Aperto,QITALIA,AG660,,VIA GIUSEPPE GARIBALDI 1,LIMBIATE,20851,MB,Lombardia,AG660 - LIMBIATE,NORD,Esistenti,"VIA GIUSEPPE GARIBALDI 1, 20851 LIMBIATE, MB, Lombardia, Italia",,,,NON_TROVATO,nominatim
MALL,Aperto,QITALIA,AG660,,VIA BISCOLLA 48 ,MASSA COZZILE,51010,PT,Toscana,AG660 - MONTECATINI,NORD,Esistenti,"VIA BISCOLLA 48, 51010 MASSA COZZILE, PT, Toscana, Italia",,,,NON_TROVATO,nominatim
MALL,Aperto,QITALIA,AG660,,"Via Emilia Ovest 1480, C.C. Grandemilia",Modena,41123,MO,Emilia Romagna,AG660 - GRANDEMILIA,NORD,Esistenti,"Via Emilia Ovest 1480, C.C. Grandemilia, 41123 Modena, MO, Emilia Romagna, Italia",,,,NON_TROVATO,nominatim
ESE,Aperto,PROMETEO ENERGIA SERVIZI SRL,AG337,FR18013,Piazza Zumbini 67/68,Cosenza,87100,CS,Calabria,AG337 - COSENZA,Centro Sud,Esistenti,"Piazza Zumbini 67/68, 87100 Cosenza, CS, Calabria, Italia",,,,NON_TROVATO,nominatim
WINDOWS,Aperto,PROMETEO ENERGIA SERVIZI SRL,AG337,,Via Fratelli Bandiera 25 ,RENDE ,87036,CS,Calabria,AG337-W-RENDE,Centro Sud,Esistenti,"Via Fratelli Bandiera 25, 87036 RENDE, CS, Calabria, Italia",,,,NON_TROVATO,nominatim
MALL,Aperto,QITALIA,AG660,,VIA DELLA LIBERAZIONE 8 ,PESCHIERA BORROMEO,20068,MI,Lombardia,AG660 - BORROMEA,NORD,Esistenti,"VIA DELLA LIBERAZIONE 8, 20068 PESCHIERA BORROMEO, MI, Lombardia, Italia",,,,NON_TROVATO,nominatim
ESE,Aperto,NOVAENERGIA SRL,AG305,FR01C38,Via Milano 71,Alessandria,15121,AL,Piemonte,AG305 - ALESSANDRIA,NORD,Esistenti,"Via Milano 71, 15121 Alessandria, AL, Piemonte, Italia",,,,NON_TROVATO,nominatim
ESE,Aperto,NOVAENERGIA SRL,AG305,FR01774,Corso Alessandria 138,Asti,14100,AT,Piemonte,AG305 - ASTI,NORD,Esistenti,"Corso Alessandria 138, 14100 Asti, AT, Piemonte, Italia",,,,NON_TROVATO,nominatim
ESE,Aperto,NOVAENERGIA SRL,AG305,FR01541,Via Novara 11,Borgomanero ,28021,NO,Piemonte,AG305 - S&D_NOVNRG_BORGOMANERO,NORD,Esistenti,"Via Novara 11, 28021 Borgomanero, NO, Piemonte, Italia",,,,NON_TROVATO,nominatim
MALL,Aperto,QITALIA,AG660,,VIA PALMIRO TOGLIATTI 1 ,RESCALDINA,20027,MI,Lombardia,AG660 - RESCALDINA,NORD,Esistenti,"VIA PALMIRO TOGLIATTI 1, 20027 RESCALDINA, MI, Lombardia, Italia",,,,NON_TROVATO,nominatim
ESE,Aperto,NOVAENERGIA SRL,AG305,FR01403,Viale Giulio Cesare 201/D,Novara,28100 ,NO,Piemonte,AG305 - S&D_NOVNRG_NOVARA SUD,NORD,Esistenti,"Viale Giulio Cesare 201/D, 28100 Novara, NO, Piemonte, Italia",,,,NON_TROVATO,nominatim
WINDOWS,Aperto,ALTO LAZIO GAS SRL,AG310,,Piazza Filattiera nr. 38 ,ROMA,00139,RM,LAZIO,AG310-W-ROMA PRATI,Centro Sud,Esistenti,"Piazza Filattiera nr. 38, 00139 ROMA, RM, LAZIO, Italia",,,,NON_TROVATO,nominatim
ESE,Aperto,SYNERGY S.r.l.,AG441,FR07440,Via Sestri 272,Genova,16154,GE,Liguria,AG441 - CHIAVARI,NORD,Esistenti,"Via Sestri 272, 16154 Genova, GE, Liguria, Italia",,,,NON_TROVATO,nominatim
ESE,Aperto,ROCCA ENERGIA SRL,AG334,FR12074,Via Giuseppe Sirtori 86/88,Roma,00149,RM,Lazio,AG334 - ROMA PORTUENSE,Centro Sud,Esistenti,"Via Giuseppe Sirtori 86/88, 00149 Roma, RM, Lazio, Italia",,,,NON_TROVATO,nominatim
ESE,Aperto,ROCCA ENERGIA SRL,AG334,FR12010,Via Formoso 36,Fiumicino,00054,RM,Lazio,AG334 - FIUMICINO,Centro Sud,Esistenti,"Via Formoso 36, 00054 Fiumicino, RM, Lazio, Italia",,,,NON_TROVATO,nominatim
ESE,Aperto,ROCCA ENERGIA SRL,AG334,FR12775,Via Mura Dei Francesi 197/G-H,Ciampino,00043,RM,Lazio,AG334 - CIAMPINO,Centro Sud,Esistenti,"Via Mura Dei Francesi 197/G-H, 00043 Ciampino, RM, Lazio, Italia",,,,NON_TROVATO,nominatim
ESE,Aperto,ROCCA ENERGIA SRL,AG334,FR12010,Via Ermanno Wolf Ferrari 316,ROMA ,00124,RM,Lazio,AG334 - FIUMICINO,Centro Sud,Esistenti,"Via Ermanno Wolf Ferrari 316, 00124 ROMA, RM, Lazio, Italia",,,,NON_TROVATO,nominatim
WINDOWS,Aperto,ROCCA ENERGIA SRL,AG334,,Piazza dell'Alberone 14,Roma,00181,RM,Lazio,AG334-W-ROMA ALBERONE,Centro Sud,Esistenti,"Piazza dell'Alberone 14, 00181 Roma, RM, Lazio, Italia",,,,NON_TROVATO,nominatim
WINDOWS,Aperto,ENERGIA ITALIA SPA,AG267,,Piazza degli Eroi 8/9,SAN CATALDO,93017,CL,Sicilia,AG267-W-SAN CATALDO,Centro Sud,Esistenti,"Piazza degli Eroi 8/9, 93017 SAN CATALDO, CL, Sicilia, Italia",,,,NON_TROVATO,nominatim
ESE,Aperto,SMART LINE SERVICE SRL,AG127,FR17859,Via Enrico Mattei 16,Matera,75100,MT,Basilicata,AG127 - Matera,Centro Sud,Esistenti,"Via Enrico Mattei 16, 75100 Matera, MT, Basilicata, Italia",,,,NON_TROVATO,nominatim
ESE,Aperto,SMART LINE SERVICE SRL,AG127,FR14005,Corso Secondigliano 147ABC,Napoli,80144,,Campania,AG127 - NAPOLI MIANO,Centro Sud,Esistenti,"Corso Secondigliano 147ABC, 80144 Napoli, , Campania, Italia",,,,NON_TROVATO,nominatim
ESE,Aperto,SMART LINE SERVICE SRL,AG127,FR14460,C.so Italia 108,Sant'Agnello,80065,,Campania,AG127 - SANT'AGNELLO,Centro Sud,Esistenti,"C.so Italia 108, 80065 Sant'Agnello, , Campania, Italia",,,,NON_TROVATO,nominatim
ESE,Aperto,SMART LINE SERVICE SRL,AG127,FR14015,Via Maristi 18,Giugliano in Campania ,80014 ,,Campania,AG127 - GIUGLIANO NAPOLI,Centro Sud,Esistenti,"Via Maristi 18, 80014 Giugliano in Campania, , Campania, Italia",,,,NON_TROVATO,nominatim
ESE,Aperto,SMART LINE SERVICE SRL,AG127,FR14860,Via Delle Porcellane di Capodimonte 43,Napoli,80128,,Campania,AG127 - Napoli Avvocata,Centro Sud,Esistenti,"Via Delle Porcellane di Capodimonte 43, 80128 Napoli, , Campania, Italia",,,,NON_TROVATO,nominatim
ESE,Aperto,SMART LINE SERVICE SRL,AG127,FR14995 ,Via Santa Maria 60/62 ,Quarto,80010,,Campania,AG127 - Marano di Napoli,Centro Sud,Esistenti,"Via Santa Maria 60/62, 80010 Quarto, , Campania, Italia",,,,NON_TROVATO,nominatim
ESE,Aperto,SMART LINE SERVICE SRL,AG127,FR14A16,Viale Europa 2A/2B,Castellammare di Stabia,80053,,Campania,AG127 - CASTELLAMMARE DI STA,Centro Sud,Esistenti,"Viale Europa 2A/2B, 80053 Castellammare di Stabia, , Campania, Italia",,,,NON_TROVATO,nominatim
ESE,Aperto,SMART LINE SERVICE SRL,AG127,FR14A35,"Via G. Ponzio, 4 IS. C1 Torre Saverio",Napoli,80141,,Campania,AG127 - NAPOLI POGGIOREALE,Centro Sud,Esistenti,"Via G. Ponzio, 4 IS. C1 Torre Saverio, 80141 Napoli, , Campania, Italia",,,,NON_TROVATO,nominatim
ESE,Aperto,SMART LINE SERVICE SRL,AG127,FR08584,Via Emilia Est 56/58,Modena,41124 ,MO,Emilia Romagna,AG127 - UFFICIO MODENA,Centro Sud,Esistenti,"Via Emilia Est 56/58, 41124 Modena, MO, Emilia Romagna, Italia",,,,NON_TROVATO,nominatim
ESE,Aperto,SMART LINE SERVICE SRL,AG127,FR08968,Via Renaccio 1/2,Faenza,48018,RA,Emilia Romagna,AG127 - FAENZA,Centro Sud,Esistenti,"Via Renaccio 1/2, 48018 Faenza, RA, Emilia Romagna, Italia",,,,NON_TROVATO,nominatim
ESE,Aperto,SMART LINE SERVICE SRL,AG127,FR12023,Via Beata Vergine del Carmelo 131/133,ROMA,00128,RM,Lazio,AG127 - ROMA SPINACETO,Centro Sud,Esistenti,"Via Beata Vergine del Carmelo 131/133, 00128 ROMA, RM, Lazio, Italia",,,,NON_TROVATO,nominatim
ESE,Aperto,SMART LINE SERVICE SRL,AG127,FR12049,Via Lucio Calpurnio Bibulo 5/7,ROMA,00175 ,RM,Lazio,AG127 - ROMA QUADRARO,Centro Sud,Esistenti,"Via Lucio Calpurnio Bibulo 5/7, 00175 ROMA, RM, Lazio, Italia",,,,NON_TROVATO,nominatim
ESE,Aperto,SMART LINE SERVICE SRL,AG127,FR12579,Piazza Augusto Albini 32/34,ROMA,00154 ,RM,Lazio,AG127 - GARBATELLA,Centro Sud,Esistenti,"Piazza Augusto Albini 32/34, 00154 ROMA, RM, Lazio, Italia",,,,NON_TROVATO,nominatim
WINDOWS,Aperto,SMART LINE SERVICE SRL,AG127,FR12B22,Via del mare 47/49 ,Pomezia,00071,RM,Lazio,AG127-W-POMEZIA,Centro Sud,Esistenti,"Via del mare 47/49, 00071 Pomezia, RM, Lazio, Italia",,,,NON_TROVATO,nominatim
WINDOWS,Aperto,SMART LINE SERVICE SRL,AG127,FR14B23,Corso Italia 33 ,Marano di Napoli,80016,,Campania,AG127-W-MARANO,Centro Sud,Esistenti,"Corso Italia 33, 80016 Marano di Napoli, , Campania, Italia",,,,NON_TROVATO,nominatim
ESE,Aperto,SMART LINE SERVICE SRL,AG127,FR04820,Viale Mediterraneo 534/536,Chioggia,30015 ,VE,Veneto,AG127 - CHIOGGIA,Centro Sud,Esistenti,"Viale Mediterraneo 534/536, 30015 Chioggia, VE, Veneto, Italia",,,,NON_TROVATO,nominatim
ESE,Aperto,SMART LINE SERVICE SRL,AG127,FR04603,Via Matteotti 35,Este,35042,PD,Veneto,AG127 - UFFICIO ESTE,Centro Sud,Esistenti,"Via Matteotti 35, 35042 Este, PD, Veneto, Italia",,,,NON_TROVATO,nominatim
WINDOWS,Aperto,SMART LINE SERVICE SRL,AG127,FR12B21,Corso del Popolo 32 ,Grottaferrata,00046,RM,Lazio,AG127-W-GROTTAFERRATA,Centro Sud,Esistenti,"Corso del Popolo 32, 00046 Grottaferrata, RM, Lazio, Italia",,,,NON_TROVATO,nominatim
WINDOWS,Aperto,INSIEME S.P.A.,AG194,,Via Renato Fucini 22,ROMA,00137,RM,LAZIO,AG194-W-ROMA TALENTI,Centro Sud,Esistenti,"Via Renato Fucini 22, 00137 ROMA, RM, LAZIO, Italia",,,,NON_TROVATO,nominatim
WINDOWS,Aperto,GREEN ADVISOR,AG870,,Via Anagni 136,Roma,00171,RM,Lazio,AG870-W-ROMA,Centro Sud,Esistenti,"Via Anagni 136, 00171 Roma, RM, Lazio, Italia",,,,NON_TROVATO,nominatim
WINDOWS,Aperto,VITRANO SRL,AG315,,"Via Cavour, 84 ",Carlentini,96013,SR,Sicilia,,Centro Sud,Esistenti,"Via Cavour, 84, 96013 Carlentini, SR, Sicilia, Italia",,,,NON_TROVATO,nominatim
WINDOWS,Aperto,INSIEME S.P.A.,AG194,,Via Giuseppe Mazzini 7,GAETA,04024,LT,Lazio,AG194-W-GAETA,Centro Sud,Esistenti,"Via Giuseppe Mazzini 7, 04024 GAETA, LT, Lazio, Italia",,,,NON_TROVATO,nominatim
ESE,Aperto,MCF SRL,AG164,FR10C07,Via Alessandro Manzoni 379-381-383 ,Perugia,06135,PG,Umbria,AG164 - PERUGIA,Centro Sud,Esistenti,"Via Alessandro Manzoni 379-381-383, 06135 Perugia, PG, Umbria, Italia",,,,NON_TROVATO,nominatim
WINDOWS,Aperto,ENERGIA GIUSTA S.r.l. UNIPERSONALE,AG707,FR01C01,Piazza Vittorio Veneto nr.14,ORBASSANO,10043 ,TO,Piemonte,AG707-W-ORBASSANO,NORD,Esistenti,"Piazza Vittorio Veneto nr.14, 10043 ORBASSANO, TO, Piemonte, Italia",,,,NON_TROVATO,nominatim
ESE,Aperto,SYNERGY S.r.l.,AG441,FR07967,Via Redipuglia 9,La Spezia,19124,SP,Liguria,AG441 - LA SPEZIA,NORD,Esistenti,"Via Redipuglia 9, 19124 La Spezia, SP, Liguria, Italia",,,,NON_TROVATO,nominatim
WINDOWS,Aperto,SYNERGY S.r.l.,AG441,,Piazza San Giorgio 28,Sarzana,19038,SP,Liguria,AG441-W-SARZANA,NORD,Esistenti,"Piazza San Giorgio 28, 19038 Sarzana, SP, Liguria, Italia",,,,NON_TROVATO,nominatim
WINDOWS,Aperto,TEKNICA GAS SRL,AG762,,Via Ghiglini 62,Arenzano,16011 ,GE,Liguria,AG762-W-ARENZANO,NORD,Esistenti,"Via Ghiglini 62, 16011 Arenzano, GE, Liguria, Italia",,,,NON_TROVATO,nominatim
ESE,Aperto,TEKNICA GAS SRL,AG762,FR07754,Via della Stazione 4,Arma di Taggia ,18018,IM,Liguria,AG762 - ARMA DI TAGGIA,NORD,Esistenti,"Via della Stazione 4, 18018 Arma di Taggia, IM, Liguria, Italia",,,,NON_TROVATO,nominatim
ESE,Aperto,TEKNICA GAS SRL,AG762,FR07753,Piazza Dante Alighieri 24,Imperia,18100 ,IM,Liguria,AG762 - TEKGAS_IMPERIA,NORD,Esistenti,"Piazza Dante Alighieri 24, 18100 Imperia, IM, Liguria, Italia",,,,NON_TROVATO,nominatim
WINDOWS,Aperto,SMART LINE SERVICE SRL,AG127,,Corso della Repubblica n. 145/147,Velletri ,00049,RM,Lazio,AG127-W-VELLETRI,Centro Sud,Esistenti,"Corso della Repubblica n. 145/147, 00049 Velletri, RM, Lazio, Italia",,,,NON_TROVATO,nominatim
ESE,Aperto,TERMOCOOP SRL,AG240,FR12502,Via Gaetano Donizetti 37,Albano Laziale,00041 ,RM,Lazio,AG240 - ALBANO LAZIALE,SUD,Esistenti,"Via Gaetano Donizetti 37, 00041 Albano Laziale, RM, Lazio, Italia",,,,NON_TROVATO,nominatim
ESE,Aperto,TERMOCOOP SRL,AG240,FR09033,Via Tosco Romagnola 248,Cascina,56021,PI,Toscana,AG240 - CASCINA,SUD,Esistenti,"Via Tosco Romagnola 248, 56021 Cascina, PI, Toscana, Italia",,,,NON_TROVATO,nominatim
ESE,Aperto,TERMOCOOP SRL,AG240,FR10372,Via Roma 130,Castiglione del Lago,06061 ,PG,Umbria,AG240 - CASTIGLIONE DEL LAGO,SUD,Esistenti,"Via Roma 130, 06061 Castiglione del Lago, PG, Umbria, Italia",,,,NON_TROVATO,nominatim
ESE,Aperto,TERMOCOOP SRL,AG240,FR09024,Via Benedetto Croce 54,Pisa,56125,PI,Toscana,AG240 - PISA - SUD,SUD,Esistenti,"Via Benedetto Croce 54, 56125 Pisa, PI, Toscana, Italia",,,,NON_TROVATO,nominatim
ESE,Aperto,TERMOCOOP SRL,AG240,FR12398,Via Enrico Giglioli 87 B/C,Roma,00169 ,RM,Lazio,AG240 - ROMA TORRE MAURA,SUD,Esistenti,"Via Enrico Giglioli 87 B/C, 00169 Roma, RM, Lazio, Italia",,,,NON_TROVATO,nominatim
ESE,Aperto,TERMOCOOP SRL,AG240,FR12398,Via Roberto Malatesta 227,ROMA,00176 ,RM,Lazio,AG240 - ROMA PRENESTINA,SUD,Esistenti,"Via Roberto Malatesta 227, 00176 ROMA, RM, Lazio, Italia",,,,NON_TROVATO,nominatim
MALL,Aperto,QITALIA,AG660,,STRADA PADANA VERSO PADOVA 60,VICENZA,36100,VI,Veneto,AG660 - PALLADIO,NORD,Esistenti,"STRADA PADANA VERSO PADOVA 60, 36100 VICENZA, VI, Veneto, Italia",,,,NON_TROVATO,nominatim
WINDOWS,Aperto,MCF SRL,AG164,,"Piazza Pace, 21",Boscoreale,80041,,CAMPANIA,AG164-W-BOSCOREALE,Centro Sud,Esistenti,"Piazza Pace, 21, 80041 Boscoreale, , CAMPANIA, Italia",,,,NON_TROVATO,nominatim
WINDOWS,Aperto,NOVAENERGIA SRL,AG305,,Via della Repubblica 5,Vigevano,27029,PV ,Lombardia,AG305-W-VIGEVANO,NORD,Esistenti,"Via della Repubblica 5, 27029 Vigevano, PV, Lombardia, Italia",,,,NON_TROVATO,nominatim
ESE,Aperto,VITRANO SRL,AG315,FR19003,Via Servi di Maria 129,Siracusa,96100 ,SR,Sicilia,AG315 - SIRACUSA,Centro Sud,Esistenti,"Via Servi di Maria 129, 96100 Siracusa, SR, Sicilia, Italia",,,,NON_TROVATO,nominatim
WINDOWS,Aperto,INSIEME S.P.A.,AG194,,Via Vincenzo Pacifici 4/6 ,TIVOLI,00019,RM,Lazio,AG194-W-TIVOLI,Centro Sud,Esistenti,"Via Vincenzo Pacifici 4/6, 00019 TIVOLI, RM, Lazio, Italia",,,,NON_TROVATO,nominatim
ESE,Aperto,WINNING SRL ,AGA41,FR11A44,"Via Indipendenza 14, Via Costituzione 8",Fano,61032,PU,Marche,AGA41 - FANO,NORD,Esistenti,"Via Indipendenza 14, Via Costituzione 8, 61032 Fano, PU, Marche, Italia",,,,NON_TROVATO,nominatim
WINDOWS,Aperto,WINNING SRL ,AGA41,,Via Umberto Giordano 72,SENIGALLIA,60019,AN,Marche,AGA41-W-SENIGALLIA,NORD,Esistenti,"Via Umberto Giordano 72, 60019 SENIGALLIA, AN, Marche, Italia",,,,NON_TROVATO,nominatim
WINDOWS,Aperto,ALTO LAZIO GAS SRL,AG310,,"via Tiburtina,113 ",TIVOLI TERME,00012,RM,Lazio,AG310-W-TIVOLI TERME,Centro Sud,Esistenti,"via Tiburtina,113, 00012 TIVOLI TERME, RM, Lazio, Italia",,,,NON_TROVATO,nominatim
ESE,Aperto,MAIN SOLUTION,AGA78,FR18C17,via Francesco De Seta n°3 /4 ,Catanzaro,88100,CZ,Calabria,AGA78 - CATANZARO,Centro Sud,Esistenti,"via Francesco De Seta n°3 /4, 88100 Catanzaro, CZ, Calabria, Italia",,,,NON_TROVATO,nominatim
FLAGSHIP,Aperto,ENI PLENITUDE-ASSIST,AGC18,,"Via Toledo, 243 ",Napoli,80134,,Campania,AGC18 - FLAGSHIP_NA_IBRIDO,,Esistenti,"Via Toledo, 243, 80134 Napoli, , Campania, Italia",,,,NON_TROVATO,nominatim
ESE,Aperto,GRUPPO AURA,AG546,FR03C33,"Via F. Argelati, 44",Milano,20143,MI,Lombardia,AG546 - MILANO,NORD,Esistenti,"Via F. Argelati, 44, 20143 Milano, MI, Lombardia, Italia",,,,NON_TROVATO,nominatim
WINDOWS,Aperto,ENERGIA ITALIA SPA,AG267,,Via Francesco Crispi 22,Marsala,91025,TP,Sicilia,AG267-W-MARSALA,Centro Sud,Esistenti,"Via Francesco Crispi 22, 91025 Marsala, TP, Sicilia, Italia",,,,NON_TROVATO,nominatim
ESE,Aperto,MAIN SOLUTION,AGA78,FR18C40,Via Papa Giovanni XXIII,Castrolibero,87040,CS,Calabria,AGA78-W-CASTROLIBERO,Centro Sud,Esistenti,"Via Papa Giovanni XXIII, 87040 Castrolibero, CS, Calabria, Italia",,,,NON_TROVATO,nominatim
WINDOWS,Aperto,WINNING SRL ,AGA41,,Viale Costantinopoli 36,Rimini,47924,RN,Emilia Romagna,AGA41-W-RIMINI,NORD,Esistenti,"Viale Costantinopoli 36, 47924 Rimini, RN, Emilia Romagna, Italia",,,,NON_TROVATO,nominatim
ESE,Aperto,MAIN SOLUTION,AGA78,FR16C43,Via Santa Chiara 1 angolo Corso Umberto 56,Mola di Bari,70042,BA,Puglia,AGA78 - MOLA DI BARI,Centro Sud,Esistenti,"Via Santa Chiara 1 angolo Corso Umberto 56, 70042 Mola di Bari, BA, Puglia, Italia",,,,NON_TROVATO,nominatim
ESE,Aperto,MAIN SOLUTION,AGA78,FR16C43,Piazza Umberto 7 ,Bitritto,70020,BA,Puglia,AGA78 - BITRITTO,Centro Sud,Esistenti,"Piazza Umberto 7, 70020 Bitritto, BA, Puglia, Italia",,,,NON_TROVATO,nominatim
ESE,Aperto,MAIN SOLUTION,AGA78,FR16C41,Via Cialdini 17,Monopoli,70043,BA,Puglia,AGA78 - MONOPOLI,Centro Sud,Esistenti,"Via Cialdini 17, 70043 Monopoli, BA, Puglia, Italia",,,,NON_TROVATO,nominatim
MALL,Aperto,GREEN ADVISOR,AG870,,VIALE DELL'OCEANO PACIFICO 83 LOCALITA' CASTELLACCIO ,ROMA,00144,RM,Lazio,AG870 - CC Euroma2,Centro Sud,Esistenti,"VIALE DELL'OCEANO PACIFICO 83 LOCALITA' CASTELLACCIO, 00144 ROMA, RM, Lazio, Italia",,,,NON_TROVATO,nominatim
WINDOWS,Aperto,MCF SRL,AG164,,"Via Ruggiero Da Torrecuso, 4",Torrecuso,82030,BN,Campania,AG164-W-TORRECUSO,Centro Sud,Esistenti,"Via Ruggiero Da Torrecuso, 4, 82030 Torrecuso, BN, Campania, Italia",,,,NON_TROVATO,nominatim
WINDOWS,Aperto,ALTO LAZIO GAS SRL,AG310,,Corso San Giorgio nr. 106,Teramo,64100,TE,Abruzzo,AG310-W-TERAMO,Centro Sud,Esistenti,"Corso San Giorgio nr. 106, 64100 Teramo, TE, Abruzzo, Italia",,,,NON_TROVATO,nominatim
ESE,Aperto,ENERGIA GIUSTA S.r.l. UNIPERSONALE,AG707,FR12C53,Via E. Jenner 139A ,Roma,00151,RM,LAZIO,AG707 - ROMA MONTEVERDE,NORD,Esistenti,"Via E. Jenner 139A, 00151 Roma, RM, LAZIO, Italia",,,,NON_TROVATO,nominatim
ESE,Aperto,TEKNICA GAS SRL,AG762,FR07754,Via A. Manzoni 53/55,Sanremo,18038 ,IM,Liguria,AG762 - TEKGAS_SANREMO,NORD,Esistenti,"Via A. Manzoni 53/55, 18038 Sanremo, IM, Liguria, Italia",,,,NON_TROVATO,nominatim
ESE,Aperto,SMART LINE SERVICE SRL,AG127,FR18C39,Via Pretoria 161,Potenza,85100,PZ,Basilicata,AG127 - POTENZA,Centro Sud,Esistenti,"Via Pretoria 161, 85100 Potenza, PZ, Basilicata, Italia",,,,NON_TROVATO,nominatim
WINDOWS,Aperto,MCF SRL,AG164,,Corso Italia 50,Vasto,66054,CH,Abruzzo,AG164-W-VASTO,Centro Sud,Esistenti,"Corso Italia 50, 66054 Vasto, CH, Abruzzo, Italia",,,,NON_TROVATO,nominatim
WINDOWS,Aperto,SMART LINE SERVICE SRL,AG127,,"Via Nazionale delle Puglie, 42",Casoria,80026,,Campania,AG127-W-CASORIA,Centro Sud,Esistenti,"Via Nazionale delle Puglie, 42, 80026 Casoria, , Campania, Italia",,,,NON_TROVATO,nominatim
WINDOWS,Aperto,SMART LINE SERVICE SRL,AG127,,"Via Giuseppe Tropeano, 53",Napoli,80131,,Campania,AG127-W-NAPOLI,Centro Sud,Esistenti,"Via Giuseppe Tropeano, 53, 80131 Napoli, , Campania, Italia",,,,NON_TROVATO,nominatim
WINDOWS,Aperto,SMART LINE SERVICE SRL,AG127,,"Corso Umberto I, 156",Caivano,80023,,Campania,AG127-W-CAIVANO,Centro Sud,Esistenti,"Corso Umberto I, 156, 80023 Caivano, , Campania, Italia",,,,NON_TROVATO,nominatim
ESE,Aperto,WINNING SRL ,AGA41,FR11C64,Via Bellocchi 18,Fabriano,60044,AN,Marche,AGA41 - FABRIANO,NORD,Esistenti,"Via Bellocchi 18, 60044 Fabriano, AN, Marche, Italia",,,,NON_TROVATO,nominatim
WINDOWS,Aperto,SMART LINE SERVICE SRL,AG127,,via Giacomo Canale n.11 ,NOCERA INFERIORE,84014,SA,Campania,AG127-W-NOCERA INFERIORE,Centro Sud,Esistenti,"via Giacomo Canale n.11, 84014 NOCERA INFERIORE, SA, Campania, Italia",,,,NON_TROVATO,nominatim
WINDOWS,Aperto,SMART LINE SERVICE SRL,AG127,FR14C60,"Via Giacinto Gigante, 58",Casavatore,80020,,Campania,AG127-W-CASAVATORE,Centro Sud,Esistenti,"Via Giacinto Gigante, 58, 80020 Casavatore, , Campania, Italia",,,,NON_TROVATO,nominatim
WINDOWS,Aperto,SMART LINE SERVICE SRL,AG127,FR14C59,"Via Vittorio Veneto, 63/65",Napoli,80145,,Campania,AG127-W-MIANO,Centro Sud,Esistenti,"Via Vittorio Veneto, 63/65, 80145 Napoli, , Campania, Italia",,,,NON_TROVATO,nominatim
WINDOWS,Aperto,EASY LIFE,AGA12,,Via Casilina 991F,Roma,00177,RM,Lazio,AGA12-W-RM-CASILINA,Centro Sud,Esistenti,"Via Casilina 991F, 00177 Roma, RM, Lazio, Italia",,,,NON_TROVATO,nominatim
ESE,Aperto,WINNING SRL ,AGA41,FR11C63,Via Curiel 30,Pesaro,61121,PU,Marche,AGA41 - PESARO,NORD,Esistenti,"Via Curiel 30, 61121 Pesaro, PU, Marche, Italia",,,,NON_TROVATO,nominatim
FLAGSHIP,Aperto,ENI PLENITUDE-ASSIST,AGD12,,Via Cola di Rienzo 159-161,Roma,00192,RM,Lazio,AGD12 - FLAGSHIP_ROMA_IBRIDO,,Esistenti,"Via Cola di Rienzo 159-161, 00192 Roma, RM, Lazio, Italia",,,,NON_TROVATO,nominatim
WINDOWS,Aperto,ALTO LAZIO GAS SRL,AG310,,Corso Federico II nr. 39   ,l'Aquila,67100,AQ,Abruzzo,AG310-W-AQUILA,Centro Sud,Esistenti,"Corso Federico II nr. 39, 67100 l'Aquila, AQ, Abruzzo, Italia",,,,NON_TROVATO,nominatim
WINDOWS,Aperto,ENERGIA GIUSTA S.r.l. UNIPERSONALE,AG707,FR12D06,Via Curzio Rufo 3,ROMA,00174,RM,LAZIO,AG707-W-ROMA TUSCOLANA,NORD,Esistenti,"Via Curzio Rufo 3, 00174 ROMA, RM, LAZIO, Italia",,,,NON_TROVATO,nominatim
ESE,Aperto,SMART LINE SERVICE SRL,AG127,FR20D22,Via S. Farina 8,Cagliari, 09127,CA,Sardegna,AG127 - CAGLIARI,Centro Sud,Esistenti,"Via S. Farina 8, 09127 Cagliari, CA, Sardegna, Italia",,,,NON_TROVATO,nominatim
ESE,Aperto,G.R. SERVIZI SRL,AG307,FR01D29,Via Savio 23,Savigliano,12038 ,CN,Piemonte,AG307 - SAVIGLIANO,NORD,Esistenti,"Via Savio 23, 12038 Savigliano, CN, Piemonte, Italia",,,,NON_TROVATO,nominatim
ESE,Aperto,G.R. SERVIZI SRL,AG307,FR01D30,Via Giovanni Battista Beccaria 2D,Mondovì ,12084,CN,Piemonte,AG307 - MONDOVI,NORD,Esistenti,"Via Giovanni Battista Beccaria 2D, 12084 Mondovì, CN, Piemonte, Italia",,,,NON_TROVATO,nominatim
WINDOWS,Aperto,GREENTECH INNOVATIONS ,AGA50,FR08D25,"Via Amerigo Vespucci, 23",Cattolica,47841,RN,Emilia Romagna,AGA50-W-CATTOLICA,NORD,Esistenti,"Via Amerigo Vespucci, 23, 47841 Cattolica, RN, Emilia Romagna, Italia",,,,NON_TROVATO,nominatim
WINDOWS,Aperto,G.R. SERVIZI SRL,AG307,FR01D23,Corso Massimo D’Azeglio 36 ,Ivrea,10015,TO,Piemonte,AG307-W-IVREA,NORD,Esistenti,"Corso Massimo D’Azeglio 36, 10015 Ivrea, TO, Piemonte, Italia",,,,NON_TROVATO,nominatim
ESE,Aperto,ENERGIA ITALIA SPA,AG267,FR19D35,Via Giacomo Leopardi 8-10,Catania,95127,CT,Sicilia,AG267 - CATANIA,Centro Sud,Esistenti,"Via Giacomo Leopardi 8-10, 95127 Catania, CT, Sicilia, Italia",,,,NON_TROVATO,nominatim
WINDOWS,Aperto,ENERGIA GIUSTA S.r.l. UNIPERSONALE,AG707,,"Via Sant'Antonio Abate, 4",Busto Arsizio ,21052,VA,Lombardia,AG707-W-BUSTO ARSIZIO,NORD,Esistenti,"Via Sant'Antonio Abate, 4, 21052 Busto Arsizio, VA, Lombardia, Italia",,,,NON_TROVATO,nominatim
WINDOWS,Aperto,ENERGIA GIUSTA S.r.l. UNIPERSONALE,AG707,,"Via Alessandro Manzoni, 10",Pianezza,10044,TO,Piemonte,AG707-W-PIANEZZA,NORD,Esistenti,"Via Alessandro Manzoni, 10, 10044 Pianezza, TO, Piemonte, Italia",,,,NON_TROVATO,nominatim
WINDOWS,Aperto,ENERGIA GIUSTA S.r.l. UNIPERSONALE,AG707,FR12A66,Via dei caduti della resistenza 699,Roma,00128,RM,LAZIO,AG707 - ROMA SPINACETO,NORD,Esistenti,"Via dei caduti della resistenza 699, 00128 Roma, RM, LAZIO, Italia",,,,NON_TROVATO,nominatim
WINDOWS,Aperto,MCF SRL,AG164,FR14B61,"Via Maurizio De Vito Piscicelli, 104",Napoli,80128,,Campania,AG164 - VOMERO-CHIAIA,Centro Sud,Esistenti,"Via Maurizio De Vito Piscicelli, 104, 80128 Napoli, , Campania, Italia",,,,NON_TROVATO,nominatim
ESE,Aperto,INSIEME S.P.A.,AG194,FR09D36,Via Grande 6,Livorno,57123,LI,Toscana,AG194 - LIVORNO,SUD,Esistenti,"Via Grande 6, 57123 Livorno, LI, Toscana, Italia",,,,NON_TROVATO,nominatim
ESE,Aperto,ENERGIA GIUSTA S.r.l. UNIPERSONALE,AG707,FR06D46,Via Cosattini n. 11,UDINE ,33100,UD,Friuli Venezia Giulia,AG707 - UDINE,NORD,Esistenti,"Via Cosattini n. 11, 33100 UDINE, UD, Friuli Venezia Giulia, Italia",,,,NON_TROVATO,nominatim
WINDOWS,Aperto,ENERGIA GIUSTA S.r.l. UNIPERSONALE,AG707,FR01D41,"Piazza Cavour, 36 ",Saluzzo,12037,CN,Piemonte,AG707-W-SALUZZO,NORD,Esistenti,"Piazza Cavour, 36, 12037 Saluzzo, CN, Piemonte, Italia",,,,NON_TROVATO,nominatim
ESE,Aperto,WINNING SRL ,AGA41,FR08D42,Viale Vittorio Veneto 21 C,Bologna,40131,BO,Emilia Romagna,AGA41 - BOLOGNA,NORD,Esistenti,"Viale Vittorio Veneto 21 C, 40131 Bologna, BO, Emilia Romagna, Italia",,,,NON_TROVATO,nominatim
WINDOWS,Aperto,GREENTECH INNOVATIONS ,AGA50,FR08D24,Via Cervese 2636,Cesena,47021,FC,Emilia Romagna,AGA50-W-CESENA,NORD,Esistenti,"Via Cervese 2636, 47021 Cesena, FC, Emilia Romagna, Italia",,,,NON_TROVATO,nominatim
WINDOWS,Aperto,ENERGIA GIUSTA S.r.l. UNIPERSONALE,AG707,FR12D40,"Via Domenico Seghetti, 44 ",Frascati,00044,RM,Lazio,AG707-W-FRASCATI,NORD,Esistenti,"Via Domenico Seghetti, 44, 00044 Frascati, RM, Lazio, Italia",,,,NON_TROVATO,nominatim
ESE,Aperto,MCF SRL,AG164,FR16D43,Corso Roma 168,Foggia,71100,FG,Puglia,AG164 - FOGGIA,Centro Sud,Esistenti,"Corso Roma 168, 71100 Foggia, FG, Puglia, Italia",,,,NON_TROVATO,nominatim
,,RAGION_X,AGXXX,FR0XX,Via Giuseppe Mazzini 71,Bagheria,90011,PA,Sicilia,,Sud,Nuovi,"Via Giuseppe Mazzini 71, 90011 Bagheria, PA, Sicilia, Italia",,,,NON_TROVATO,nominatim
,,RAGION_X,AGXXX,FR0XX,Via Dante Alighieri 185,Sassari,07100,SS,Sardegna,,Sud,Nuovi,"Via Dante Alighieri 185, 07100 Sassari, SS, Sardegna, Italia",,,,NON_TROVATO,nominatim
,,RAGION_X,AGXXX,FR0XX,Via Antonio Gramsci 19,Siena,53100,SI,Toscana,,Centro,Nuovi,"Via Antonio Gramsci 19, 53100 Siena, SI, Toscana, Italia",,,,NON_TROVATO,nominatim
,,RAGION_X,AGXXX,FR0XX,Via Bologna 141,Salerno,84121,SA,Campania,,Sud,Nuovi,"Via Bologna 141, 84121 Salerno, SA, Campania, Italia",,,,NON_TROVATO,nominatim
,,RAGION_X,AGXXX,FR0XX,Corso Vittorio Emanuele 87,Rapallo,16035,GE,Liguria,,Nord,Nuovi,"Corso Vittorio Emanuele 87, 16035 Rapallo, GE, Liguria, Italia",,,,NON_TROVATO,nominatim
,,RAGION_X,AGXXX,FR0XX,Via Venezia 171,Mantova,46100,MN,Lombardia,,Nord,Nuovi,"Via Venezia 171, 46100 Mantova, MN, Lombardia, Italia",,,,NON_TROVATO,nominatim
,,RAGION_X,AGXXX,FR0XX,Via Cesare Battisti 217,Ragusa,97100,RG,Sicilia,,Sud,Nuovi,"Via Cesare Battisti 217, 97100 Ragusa, RG, Sicilia, Italia",,,,NON_TROVATO,nominatim
,,RAGION_X,AGXXX,FR0XX,Via Torino 15,Frosinone,03100,FR,Lazio,,Centro,Nuovi,"Via Torino 15, 03100 Frosinone, FR, Lazio, Italia",,,,NON_TROVATO,nominatim
,,RAGION_X,AGXXX,FR0XX,Corso Italia 92,Genova,16121,GE,Liguria,,Nord,Nuovi,"Corso Italia 92, 16121 Genova, GE, Liguria, Italia",,,,NON_TROVATO,nominatim
,,RAGION_X,AGXXX,FR0XX,Via Dante Alighieri 145,Arezzo,52100,AR,Toscana,,Centro,Nuovi,"Via Dante Alighieri 145, 52100 Arezzo, AR, Toscana, Italia",,,,NON_TROVATO,nominatim
,,RAGION_X,AGXXX,FR0XX,Via Dante Alighieri 15,Fermo,63900,FM,Marche,,Centro,Nuovi,"Via Dante Alighieri 15, 63900 Fermo, FM, Marche, Italia",,,,NON_TROVATO,nominatim
,,RAGION_X,AGXXX,FR0XX,Via Goffredo Mameli 79,Verona,37121,VR,Veneto,,Nord,Nuovi,"Via Goffredo Mameli 79, 37121 Verona, VR, Veneto, Italia",,,,NON_TROVATO,nominatim
,,RAGION_X,AGXXX,FR0XX,Via Giacomo Matteotti 154,Bagheria,90011,PA,Sicilia,,Sud,Nuovi,"Via Giacomo Matteotti 154, 90011 Bagheria, PA, Sicilia, Italia",,,,NON_TROVATO,nominatim
,,RAGION_X,AGXXX,FR0XX,Via Giuseppe Garibaldi 28,Vasto,66054,CH,Abruzzo,,Sud,Nuovi,"Via Giuseppe Garibaldi 28, 66054 Vasto, CH, Abruzzo, Italia",,,,NON_TROVATO,nominatim
,,RAGION_X,AGXXX,FR0XX,Via Vittorio Emanuele II 34,Sanremo,18038,IM,Liguria,,Nord,Nuovi,"Via Vittorio Emanuele II 34, 18038 Sanremo, IM, Liguria, Italia",,,,NON_TROVATO,nominatim
,,RAGION_X,AGXXX,FR0XX,Via Torino 153,Lecco,23900,LC,Lombardia,,Nord,Nuovi,"Via Torino 153, 23900 Lecco, LC, Lombardia, Italia",,,,NON_TROVATO,nominatim
,,RAGION_X,AGXXX,FR0XX,Via Aldo Moro 24,Afragola,80021,,Campania,,Sud,Nuovi,"Via Aldo Moro 24, 80021 Afragola, , Campania, Italia",,,,NON_TROVATO,nominatim
,,RAGION_X,AGXXX,FR0XX,Piazza Cavour 217,Civitanova Marche,62012,MC,Marche,,Centro,Nuovi,"Piazza Cavour 217, 62012 Civitanova Marche, MC, Marche, Italia",,,,NON_TROVATO,nominatim
,,RAGION_X,AGXXX,FR0XX,Via Leonardo da Vinci 50,Carrara,54033,MS,Toscana,,Centro,Nuovi,"Via Leonardo da Vinci 50, 54033 Carrara, MS, Toscana, Italia",,,,NON_TROVATO,nominatim
,,RAGION_X,AGXXX,FR0XX,Via Trieste 44,Guidonia Montecelio,00012,RM,Lazio,,Centro,Nuovi,"Via Trieste 44, 00012 Guidonia Montecelio, RM, Lazio, Italia",,,,NON_TROVATO,nominatim
,,RAGION_X,AGXXX,FR0XX,Via Camillo Cavour 144,Chieti,66100,CH,Abruzzo,,Sud,Nuovi,"Via Camillo Cavour 144, 66100 Chieti, CH, Abruzzo, Italia",,,,NON_TROVATO,nominatim
,,RAGION_X,AGXXX,FR0XX,Via Nazionale 165,Sesto Fiorentino,50019,FI,Toscana,,Centro,Nuovi,"Via Nazionale 165, 50019 Sesto Fiorentino, FI, Toscana, Italia",,,,NON_TROVATO,nominatim
,,RAGION_X,AGXXX,FR0XX,Via Vittorio Emanuele II 219,Civitanova Marche,62012,MC,Marche,,Centro,Nuovi,"Via Vittorio Emanuele II 219, 62012 Civitanova Marche, MC, Marche, Italia",,,,NON_TROVATO,nominatim
,,RAGION_X,AGXXX,FR0XX,Via Giuseppe Verdi 64,Bagheria,90011,PA,Sicilia,,Sud,Nuovi,"Via Giuseppe Verdi 64, 90011 Bagheria, PA, Sicilia, Italia",,,,NON_TROVATO,nominatim
,,RAGION_X,AGXXX,FR0XX,Via Aldo Moro 158,Vittoria,97019,RG,Sicilia,,Sud,Nuovi,"Via Aldo Moro 158, 97019 Vittoria, RG, Sicilia, Italia",,,,NON_TROVATO,nominatim
,,RAGION_X,AGXXX,FR0XX,Via San Francesco 167,Marsala,91025,TP,Sicilia,,Sud,Nuovi,"Via San Francesco 167, 91025 Marsala, TP, Sicilia, Italia",,,,NON_TROVATO,nominatim
,,RAGION_X,AGXXX,FR0XX,Via Giacomo Matteotti 76,Aosta,11100,AO,Valle D'Aosta,,Nord,Nuovi,"Via Giacomo Matteotti 76, 11100 Aosta, AO, Valle D'Aosta, Italia",,,,NON_TROVATO,nominatim
,,RAGION_X,AGXXX,FR0XX,Via Camillo Cavour 218,Parma,43121,PR,Emilia-Romagna,,Nord,Nuovi,"Via Camillo Cavour 218, 43121 Parma, PR, Emilia-Romagna, Italia",,,,NON_TROVATO,nominatim
,,RAGION_X,AGXXX,FR0XX,Via della Repubblica 17,Crotone,88900,KR,Calabria,,Sud,Nuovi,"Via della Repubblica 17, 88900 Crotone, KR, Calabria, Italia",,,,NON_TROVATO,nominatim
,,RAGION_X,AGXXX,FR0XX,Via Giuseppe Garibaldi 82,Tivoli,00019,RM,Lazio,,Centro,Nuovi,"Via Giuseppe Garibaldi 82, 00019 Tivoli, RM, Lazio, Italia",,,,NON_TROVATO,nominatim
,,RAGION_X,AGXXX,FR0XX,Via Firenze 203,Pistoia,51100,PT,Toscana,,Centro,Nuovi,"Via Firenze 203, 51100 Pistoia, PT, Toscana, Italia",,,,NON_TROVATO,nominatim
,,RAGION_X,AGXXX,FR0XX,Via Antonio Gramsci 169,Cesena,47521,FC,Emilia-Romagna,,Nord,Nuovi,"Via Antonio Gramsci 169, 47521 Cesena, FC, Emilia-Romagna, Italia",,,,NON_TROVATO,nominatim
,,RAGION_X,AGXXX,FR0XX,Via Antonio Gramsci 7,Reggio Calabria,89121,RC,Calabria,,Sud,Nuovi,"Via Antonio Gramsci 7, 89121 Reggio Calabria, RC, Calabria, Italia",,,,NON_TROVATO,nominatim
,,RAGION_X,AGXXX,FR0XX,Via XX Settembre 80,Viareggio,55049,LU,Toscana,,Centro,Nuovi,"Via XX Settembre 80, 55049 Viareggio, LU, Toscana, Italia",,,,NON_TROVATO,nominatim
,,RAGION_X,AGXXX,FR0XX,Via Torino 99,Oristano,09170,OR,Sardegna,,Sud,Nuovi,"Via Torino 99, 09170 Oristano, OR, Sardegna, Italia",,,,NON_TROVATO,nominatim
,,RAGION_X,AGXXX,FR0XX,Via della Repubblica 127,Bassano del Grappa,36061,VI,Veneto,,Nord,Nuovi,"Via della Repubblica 127, 36061 Bassano del Grappa, VI, Veneto, Italia",,,,NON_TROVATO,nominatim
,,RAGION_X,AGXXX,FR0XX,Via Aldo Moro 57,Settimo Torinese,10036,TO,Piemonte,,Nord,Nuovi,"Via Aldo Moro 57, 10036 Settimo Torinese, TO, Piemonte, Italia",,,,NON_TROVATO,nominatim
,,RAGION_X,AGXXX,FR0XX,Via della Repubblica 48,Fano,61032,PU,Marche,,Centro,Nuovi,"Via della Repubblica 48, 61032 Fano, PU, Marche, Italia",,,,NON_TROVATO,nominatim
,,RAGION_X,AGXXX,FR0XX,Via Vittorio Emanuele II 149,Carbonia,09013,SU,Sardegna,,Sud,Nuovi,"Via Vittorio Emanuele II 149, 09013 Carbonia, SU, Sardegna, Italia",,,,NON_TROVATO,nominatim
,,RAGION_X,AGXXX,FR0XX,Via Giuseppe Mazzini 183,Forlì,47121,FC,Emilia-Romagna,,Nord,Nuovi,"Via Giuseppe Mazzini 183, 47121 Forlì, FC, Emilia-Romagna, Italia",,,,NON_TROVATO,nominatim
,,RAGION_X,AGXXX,FR0XX,Via XX Settembre 117,Legnano,20025,MI,Lombardia,,Nord,Nuovi,"Via XX Settembre 117, 20025 Legnano, MI, Lombardia, Italia",,,,NON_TROVATO,nominatim
,,RAGION_X,AGXXX,FR0XX,Via Venezia 189,Pozzuoli,80078,,Campania,,Sud,Nuovi,"Via Venezia 189, 80078 Pozzuoli, , Campania, Italia",,,,NON_TROVATO,nominatim
,,RAGION_X,AGXXX,FR0XX,Via Giuseppe Mazzini 178,Chioggia,30015,VE,Veneto,,Nord,Nuovi,"Via Giuseppe Mazzini 178, 30015 Chioggia, VE, Veneto, Italia",,,,NON_TROVATO,nominatim
,,RAGION_X,AGXXX,FR0XX,Via Camillo Cavour 56,Padova,35121,PD,Veneto,,Nord,Nuovi,"Via Camillo Cavour 56, 35121 Padova, PD, Veneto, Italia",,,,NON_TROVATO,nominatim
,,RAGION_X,AGXXX,FR0XX,Via Trento 96,Lamezia Terme,88046,CZ,Calabria,,Sud,Nuovi,"Via Trento 96, 88046 Lamezia Terme, CZ, Calabria, Italia",,,,NON_TROVATO,nominatim
,,RAGION_X,AGXXX,FR0XX,Via Goffredo Mameli 93,Vicenza,36100,VI,Veneto,,Nord,Nuovi,"Via Goffredo Mameli 93, 36100 Vicenza, VI, Veneto, Italia",,,,NON_TROVATO,nominatim
,,RAGION_X,AGXXX,FR0XX,Via San Francesco 152,Siena,53100,SI,Toscana,,Centro,Nuovi,"Via San Francesco 152, 53100 Siena, SI, Toscana, Italia",,,,NON_TROVATO,nominatim
,,RAGION_X,AGXXX,FR0XX,Piazza Cavour 52,Agrigento,92100,AG,Sicilia,,Sud,Nuovi,"Piazza Cavour 52, 92100 Agrigento, AG, Sicilia, Italia",,,,NON_TROVATO,nominatim
,,RAGION_X,AGXXX,FR0XX,Via Alessandro Manzoni 196,Napoli,80121,,Campania,,Sud,Nuovi,"Via Alessandro Manzoni 196, 80121 Napoli, , Campania, Italia",,,,NON_TROVATO,nominatim
,,RAGION_X,AGXXX,FR0XX,Via Cesare Battisti 107,Perugia,06121,PG,Umbria,,Centro,Nuovi,"Via Cesare Battisti 107, 06121 Perugia, PG, Umbria, Italia",,,,NON_TROVATO,nominatim
,,RAGION_X,AGXXX,FR0XX,Via Torino 217,Afragola,80021,,Campania,,Sud,Nuovi,"Via Torino 217, 80021 Afragola, , Campania, Italia",,,,NON_TROVATO,nominatim
,,RAGION_X,AGXXX,FR0XX,Corso Vittorio Emanuele 181,Alessandria,15121,AL,Piemonte,,Nord,Nuovi,"Corso Vittorio Emanuele 181, 15121 Alessandria, AL, Piemonte, Italia",,,,NON_TROVATO,nominatim
,,RAGION_X,AGXXX,FR0XX,Via Giuseppe Mazzini 21,Perugia,06121,PG,Umbria,,Centro,Nuovi,"Via Giuseppe Mazzini 21, 06121 Perugia, PG, Umbria, Italia",,,,NON_TROVATO,nominatim
,,RAGION_X,AGXXX,FR0XX,Via Leonardo da Vinci 36,Alba,12051,CN,Piemonte,,Nord,Nuovi,"Via Leonardo da Vinci 36, 12051 Alba, CN, Piemonte, Italia",,,,NON_TROVATO,nominatim
,,RAGION_X,AGXXX,FR0XX,Corso Italia 25,Catanzaro,88100,CZ,Calabria,,Sud,Nuovi,"Corso Italia 25, 88100 Catanzaro, CZ, Calabria, Italia",,,,NON_TROVATO,nominatim
,,RAGION_X,AGXXX,FR0XX,Via Firenze 100,Fano,61032,PU,Marche,,Centro,Nuovi,"Via Firenze 100, 61032 Fano, PU, Marche, Italia",,,,NON_TROVATO,nominatim
,,RAGION_X,AGXXX,FR0XX,Via XX Settembre 93,Nuoro,08100,NU,Sardegna,,Sud,Nuovi,"Via XX Settembre 93, 08100 Nuoro, NU, Sardegna, Italia",,,,NON_TROVATO,nominatim
,,RAGION_X,AGXXX,FR0XX,Piazza Cavour 126,Trapani,91100,TP,Sicilia,,Sud,Nuovi,"Piazza Cavour 126, 91100 Trapani, TP, Sicilia, Italia",,,,NON_TROVATO,nominatim
,,RAGION_X,AGXXX,FR0XX,Via Torino 181,Crotone,88900,KR,Calabria,,Sud,Nuovi,"Via Torino 181, 88900 Crotone, KR, Calabria, Italia",,,,NON_TROVATO,nominatim
,,RAGION_X,AGXXX,FR0XX,Via Torino 91,Mantova,46100,MN,Lombardia,,Nord,Nuovi,"Via Torino 91, 46100 Mantova, MN, Lombardia, Italia",,,,NON_TROVATO,nominatim
,,RAGION_X,AGXXX,FR0XX,Via Vittorio Emanuele II 161,Nuoro,08100,NU,Sardegna,,Sud,Nuovi,"Via Vittorio Emanuele II 161, 08100 Nuoro, NU, Sardegna, Italia",,,,NON_TROVATO,nominatim
,,RAGION_X,AGXXX,FR0XX,Via San Francesco 101,Vibo Valentia,89900,VV,Calabria,,Sud,Nuovi,"Via San Francesco 101, 89900 Vibo Valentia, VV, Calabria, Italia",,,,NON_TROVATO,nominatim
,,RAGION_X,AGXXX,FR0XX,Via Alessandro Manzoni 121,Siena,53100,SI,Toscana,,Centro,Nuovi,"Via Alessandro Manzoni 121, 53100 Siena, SI, Toscana, Italia",,,,NON_TROVATO,nominatim
,,RAGION_X,AGXXX,FR0XX,Via Giacomo Matteotti 144,Aversa,81031,CE,Campania,,Sud,Nuovi,"Via Giacomo Matteotti 144, 81031 Aversa, CE, Campania, Italia",,,,NON_TROVATO,nominatim
,,RAGION_X,AGXXX,FR0XX,Via Firenze 138,Salerno,84121,SA,Campania,,Sud,Nuovi,"Via Firenze 138, 84121 Salerno, SA, Campania, Italia",,,,NON_TROVATO,nominatim
,,RAGION_X,AGXXX,FR0XX,Via Guglielmo Marconi 204,Mantova,46100,MN,Lombardia,,Nord,Nuovi,"Via Guglielmo Marconi 204, 46100 Mantova, MN, Lombardia, Italia",,,,NON_TROVATO,nominatim
,,RAGION_X,AGXXX,FR0XX,Via Trento 73,Sondrio,23100,SO,Lombardia,,Nord,Nuovi,"Via Trento 73, 23100 Sondrio, SO, Lombardia, Italia",,,,NON_TROVATO,nominatim
,,RAGION_X,AGXXX,FR0XX,Via Milano 44,Sondrio,23100,SO,Lombardia,,Nord,Nuovi,"Via Milano 44, 23100 Sondrio, SO, Lombardia, Italia",,,,NON_TROVATO,nominatim
,,RAGION_X,AGXXX,FR0XX,Via Goffredo Mameli 201,Ravenna,48121,RA,Emilia-Romagna,,Nord,Nuovi,"Via Goffredo Mameli 201, 48121 Ravenna, RA, Emilia-Romagna, Italia",,,,NON_TROVATO,nominatim
,,RAGION_X,AGXXX,FR0XX,Piazza Cavour 78,Vicenza,36100,VI,Veneto,,Nord,Nuovi,"Piazza Cavour 78, 36100 Vicenza, VI, Veneto, Italia",,,,NON_TROVATO,nominatim
,,RAGION_X,AGXXX,FR0XX,Via Goffredo Mameli 185,Pescara,65121,PE,Abruzzo,,Sud,Nuovi,"Via Goffredo Mameli 185, 65121 Pescara, PE, Abruzzo, Italia",,,,NON_TROVATO,nominatim
,,RAGION_X,AGXXX,FR0XX,Via San Francesco 218,Casoria,80026,,Campania,,Sud,Nuovi,"Via San Francesco 218, 80026 Casoria, , Campania, Italia",,,,NON_TROVATO,nominatim
,,RAGION_X,AGXXX,FR0XX,Via Firenze 56,Faenza,48018,RA,Emilia-Romagna,,Nord,Nuovi,"Via Firenze 56, 48018 Faenza, RA, Emilia-Romagna, Italia",,,,NON_TROVATO,nominatim
,,RAGION_X,AGXXX,FR0XX,Via Alessandro Manzoni 21,Bassano del Grappa,36061,VI,Veneto,,Nord,Nuovi,"Via Alessandro Manzoni 21, 36061 Bassano del Grappa, VI, Veneto, Italia",,,,NON_TROVATO,nominatim
,,RAGION_X,AGXXX,FR0XX,Corso Italia 158,Ravenna,48121,RA,Emilia-Romagna,,Nord,Nuovi,"Corso Italia 158, 48121 Ravenna, RA, Emilia-Romagna, Italia",,,,NON_TROVATO,nominatim
,,RAGION_X,AGXXX,FR0XX,Via Giuseppe Garibaldi 160,Empoli,50053,FI,Toscana,,Centro,Nuovi,"Via Giuseppe Garibaldi 160, 50053 Empoli, FI, Toscana, Italia",,,,NON_TROVATO,nominatim
,,RAGION_X,AGXXX,FR0XX,Corso Vittorio Emanuele 112,Pisa,56121,PI,Toscana,,Centro,Nuovi,"Corso Vittorio Emanuele 112, 56121 Pisa, PI, Toscana, Italia",,,,NON_TROVATO,nominatim
,,RAGION_X,AGXXX,FR0XX,Via Alessandro Manzoni 121,Udine,33100,UD,Friuli Venezia Giulia,,Nord,Nuovi,"Via Alessandro Manzoni 121, 33100 Udine, UD, Friuli Venezia Giulia, Italia",,,,NON_TROVATO,nominatim
,,RAGION_X,AGXXX,FR0XX,Via Venezia 28,Alba,12051,CN,Piemonte,,Nord,Nuovi,"Via Venezia 28, 12051 Alba, CN, Piemonte, Italia",,,,NON_TROVATO,nominatim
,,RAGION_X,AGXXX,FR0XX,Via Nazionale 217,Cesena,47521,FC,Emilia-Romagna,,Nord,Nuovi,"Via Nazionale 217, 47521 Cesena, FC, Emilia-Romagna, Italia",,,,NON_TROVATO,nominatim
,,RAGION_X,AGXXX,FR0XX,Via Roma 56,Imola,40026,BO,Emilia-Romagna,,Nord,Nuovi,"Via Roma 56, 40026 Imola, BO, Emilia-Romagna, Italia",,,,NON_TROVATO,nominatim
,,RAGION_X,AGXXX,FR0XX,Via Trento 147,Quartu Sant'Elena,09045,CA,Sardegna,,Sud,Nuovi,"Via Trento 147, 09045 Quartu Sant'Elena, CA, Sardegna, Italia",,,,NON_TROVATO,nominatim
,,RAGION_X,AGXXX,FR0XX,Via Giuseppe Mazzini 18,Sacile,33077,PN,Friuli Venezia Giulia,,Nord,Nuovi,"Via Giuseppe Mazzini 18, 33077 Sacile, PN, Friuli Venezia Giulia, Italia",,,,NON_TROVATO,nominatim
,,RAGION_X,AGXXX,FR0XX,Via della Repubblica 1,Oristano,09170,OR,Sardegna,,Sud,Nuovi,"Via della Repubblica 1, 09170 Oristano, OR, Sardegna, Italia",,,,NON_TROVATO,nominatim
,,RAGION_X,AGXXX,FR0XX,Via Nazionale 91,Fermo,63900,FM,Marche,,Centro,Nuovi,"Via Nazionale 91, 63900 Fermo, FM, Marche, Italia",,,,NON_TROVATO,nominatim
,,RAGION_X,AGXXX,FR0XX,Piazza Garibaldi 199,Pesaro,61121,PU,Marche,,Centro,Nuovi,"Piazza Garibaldi 199, 61121 Pesaro, PU, Marche, Italia",,,,NON_TROVATO,nominatim
,,RAGION_X,AGXXX,FR0XX,Via Bologna 107,Avezzano,67051,AQ,Abruzzo,,Sud,Nuovi,"Via Bologna 107, 67051 Avezzano, AQ, Abruzzo, Italia",,,,NON_TROVATO,nominatim
,,RAGION_X,AGXXX,FR0XX,Via Nazionale 69,Catania,95121,CT,Sicilia,,Sud,Nuovi,"Via Nazionale 69, 95121 Catania, CT, Sicilia, Italia",,,,NON_TROVATO,nominatim
,,RAGION_X,AGXXX,FR0XX,Via XX Settembre 167,Trento,38122,TN,Trentino-Alto Adige,,Nord,Nuovi,"Via XX Settembre 167, 38122 Trento, TN, Trentino-Alto Adige, Italia",,,,NON_TROVATO,nominatim
,,RAGION_X,AGXXX,FR0XX,Via Milano 126,Venezia,30121,VE,Veneto,,Nord,Nuovi,"Via Milano 126, 30121 Venezia, VE, Veneto, Italia",,,,NON_TROVATO,nominatim
,,RAGION_X,AGXXX,FR0XX,Via Venezia 34,Piacenza,29121,PC,Emilia-Romagna,,Nord,Nuovi,"Via Venezia 34, 29121 Piacenza, PC, Emilia-Romagna, Italia",,,,NON_TROVATO,nominatim
,,RAGION_X,AGXXX,FR0XX,Via Giuseppe Garibaldi 52,Olbia,07026,SS,Sardegna,,Sud,Nuovi,"Via Giuseppe Garibaldi 52, 07026 Olbia, SS, Sardegna, Italia",,,,NON_TROVATO,nominatim
,,RAGION_X,AGXXX,FR0XX,Via Dante Alighieri 102,Pisa,56121,PI,Toscana,,Centro,Nuovi,"Via Dante Alighieri 102, 56121 Pisa, PI, Toscana, Italia",,,,NON_TROVATO,nominatim
,,RAGION_X,AGXXX,FR0XX,Via Giuseppe Garibaldi 128,Sassari,07100,SS,Sardegna,,Sud,Nuovi,"Via Giuseppe Garibaldi 128, 07100 Sassari, SS, Sardegna, Italia",,,,NON_TROVATO,nominatim
,,RAGION_X,AGXXX,FR0XX,Via Leonardo da Vinci 189,Messina,98121,ME,Sicilia,,Sud,Nuovi,"Via Leonardo da Vinci 189, 98121 Messina, ME, Sicilia, Italia",,,,NON_TROVATO,nominatim
,,RAGION_X,AGXXX,FR0XX,Piazza Garibaldi 58,Roma,00184,RM,Lazio,,Centro,Nuovi,"Piazza Garibaldi 58, 00184 Roma, RM, Lazio, Italia",,,,NON_TROVATO,nominatim
,,RAGION_X,AGXXX,FR0XX,Corso Vittorio Emanuele 30,Catania,95121,CT,Sicilia,,Sud,Nuovi,"Corso Vittorio Emanuele 30, 95121 Catania, CT, Sicilia, Italia",,,,NON_TROVATO,nominatim
,,RAGION_X,AGXXX,FR0XX,Via XX Settembre 80,Vittoria,97019,RG,Sicilia,,Sud,Nuovi,"Via XX Settembre 80, 97019 Vittoria, RG, Sicilia, Italia",,,,NON_TROVATO,nominatim
,,RAGION_X,AGXXX,FR0XX,Via Aldo Moro 29,Civitavecchia,00053,RM,Lazio,,Centro,Nuovi,"Via Aldo Moro 29, 00053 Civitavecchia, RM, Lazio, Italia",,,,NON_TROVATO,nominatim
,,RAGION_X,AGXXX,FR0XX,Via Antonio Gramsci 198,Empoli,50053,FI,Toscana,,Centro,Nuovi,"Via Antonio Gramsci 198, 50053 Empoli, FI, Toscana, Italia",,,,NON_TROVATO,nominatim
,,RAGION_X,AGXXX,FR0XX,Via Giuseppe Garibaldi 97,Casoria,80026,,Campania,,Sud,Nuovi,"Via Giuseppe Garibaldi 97, 80026 Casoria, , Campania, Italia",,,,NON_TROVATO,nominatim
,,RAGION_X,AGXXX,FR0XX,Via Torino 187,Fermo,63900,FM,Marche,,Centro,Nuovi,"Via Torino 187, 63900 Fermo, FM, Marche, Italia",,,,NON_TROVATO,nominatim
,,RAGION_X,AGXXX,FR0XX,Via XX Settembre 122,Sondrio,23100,SO,Lombardia,,Nord,Nuovi,"Via XX Settembre 122, 23100 Sondrio, SO, Lombardia, Italia",,,,NON_TROVATO,nominatim
,,RAGION_X,AGXXX,FR0XX,Corso Italia 200,Bolzano,39100,BZ,Trentino-Alto Adige,,Nord,Nuovi,"Corso Italia 200, 39100 Bolzano, BZ, Trentino-Alto Adige, Italia",,,,NON_TROVATO,nominatim
,,RAGION_X,AGXXX,FR0XX,Corso Italia 114,Rovigo,45100,RO,Veneto,,Nord,Nuovi,"Corso Italia 114, 45100 Rovigo, RO, Veneto, Italia",,,,NON_TROVATO,nominatim
,,RAGION_X,AGXXX,FR0XX,Via della Repubblica 142,Bagheria,90011,PA,Sicilia,,Sud,Nuovi,"Via della Repubblica 142, 90011 Bagheria, PA, Sicilia, Italia",,,,NON_TROVATO,nominatim
,,RAGION_X,AGXXX,FR0XX,Via Camillo Cavour 211,Cuneo,12100,CN,Piemonte,,Nord,Nuovi,"Via Camillo Cavour 211, 12100 Cuneo, CN, Piemonte, Italia",,,,NON_TROVATO,nominatim
,,RAGION_X,AGXXX,FR0XX,Via Cesare Battisti 153,Potenza,85100,PZ,Basilicata,,Sud,Nuovi,"Via Cesare Battisti 153, 85100 Potenza, PZ, Basilicata, Italia",,,,NON_TROVATO,nominatim
,,RAGION_X,AGXXX,FR0XX,Via Giuseppe Mazzini 194,Schio,36015,VI,Veneto,,Nord,Nuovi,"Via Giuseppe Mazzini 194, 36015 Schio, VI, Veneto, Italia",,,,NON_TROVATO,nominatim
,,RAGION_X,AGXXX,FR0XX,Via Giuseppe Mazzini 156,Faenza,48018,RA,Emilia-Romagna,,Nord,Nuovi,"Via Giuseppe Mazzini 156, 48018 Faenza, RA, Emilia-Romagna, Italia",,,,NON_TROVATO,nominatim
,,RAGION_X,AGXXX,FR0XX,Via Camillo Cavour 170,Torre del Greco,80059,,Campania,,Sud,Nuovi,"Via Camillo Cavour 170, 80059 Torre del Greco, , Campania, Italia",,,,NON_TROVATO,nominatim
,,RAGION_X,AGXXX,FR0XX,Piazza Garibaldi 106,Latina,04100,LT,Lazio,,Centro,Nuovi,"Piazza Garibaldi 106, 04100 Latina, LT, Lazio, Italia",41.4138846,13.2418522,"Piazza Giuseppe Garibaldi, Sonnino, Latina, Lazio, Italia",TROVATO,nominatim
,,RAGION_X,AGXXX,FR0XX,Corso Vittorio Emanuele 196,Bari,70121,BA,Puglia,,Sud,Nuovi,"Corso Vittorio Emanuele 196, 70121 Bari, BA, Puglia, Italia",41.0720339,16.8702139,"Corso Vittorio Emanuele, Carbonara di Bari, Municipio 4, Bari, Puglia, 70131, Italia",TROVATO,nominatim
,,RAGION_X,AGXXX,FR0XX,Via Antonio Gramsci 165,Ravenna,48121,RA,Emilia-Romagna,,Nord,Nuovi,"Via Antonio Gramsci 165, 48121 Ravenna, RA, Emilia-Romagna, Italia",44.4649089,11.959616,"Via Antonio Gramsci, Fusignano, Unione dei comuni della Bassa Romagna, Ravenna, Emilia-Romagna, 48034, Italia",TROVATO,nominatim
,,RAGION_X,AGXXX,FR0XX,Corso Vittorio Emanuele 125,Pinerolo,10064,TO,Piemonte,,Nord,Nuovi,"Corso Vittorio Emanuele 125, 10064 Pinerolo, TO, Piemonte, Italia",44.8873086,7.3319454,"Pinerolo, Torino, Piemonte, 10064, Italia",TROVATO_COMUNE,nominatim
,,RAGION_X,AGXXX,FR0XX,Via Alessandro Manzoni 187,Ascoli Piceno,63100,AP,Marche,,Centro,Nuovi,"Via Alessandro Manzoni 187, 63100 Ascoli Piceno, AP, Marche, Italia",42.8956179,13.6614011,"Via Alessandro Manzoni, Appignano del Tronto, Ascoli Piceno, Marche, 63083, Italia",TROVATO,nominatim
,,RAGION_X,AGXXX,FR0XX,Piazza Cavour 39,Oristano,09170,OR,Sardegna,,Sud,Nuovi,"Piazza Cavour 39, 09170 Oristano, OR, Sardegna, Italia",39.7249494,8.7954961,"Piazza Camillo Benso Conte di Cavour, Pompu, Aristanis/Oristano, Sardigna/Sardegna, 09095, Italia",TROVATO,nominatim
,,RAGION_X,AGXXX,FR0XX,Via Dante Alighieri 5,Ferrara,44121,FE,Emilia-Romagna,,Nord,Nuovi,"Via Dante Alighieri 5, 44121 Ferrara, FE, Emilia-Romagna, Italia",44.8624651,11.5096393,"5, Via Dante Alighieri, Vigarano Pieve, Vigarano Mainarda, Unione Alto Ferrarese, Ferrara, Emilia-Romagna, 44049, Italia",TROVATO,nominatim
,,RAGION_X,AGXXX,FR0XX,Via Firenze 36,Bari,70121,BA,Puglia,,Sud,Nuovi,"Via Firenze 36, 70121 Bari, BA, Puglia, Italia",41.0755571,16.8694083,"Via Firenze, Carbonara di Bari, Municipio 4, Bari, Puglia, 70131, Italia",TROVATO,nominatim
,,RAGION_X,AGXXX,FR0XX,Corso Italia 166,Bagheria,90011,PA,Sicilia,,Sud,Nuovi,"Corso Italia 166, 90011 Bagheria, PA, Sicilia, Italia",38.1040746,13.4940367,"Corso Italia, Campagnone, Aspra, Bagheria, Palermo, Sicilia, 90011, Italia",TROVATO,nominatim
,,RAGION_X,AGXXX,FR0XX,Via Nazionale 61,Roma,00184,RM,Lazio,,Centro,Nuovi,"Via Nazionale 61, 00184 Roma, RM, Lazio, Italia",41.8994763,12.4915765,"Rafi Ruben, 61, Via Nazionale, Monti, Municipio Roma I, Roma, Roma Capitale, Lazio, 00184, Italia",TROVATO,nominatim
,,RAGION_X,AGXXX,FR0XX,Via Trieste 137,Siracusa,96100,SR,Sicilia,,Sud,Nuovi,"Via Trieste 137, 96100 Siracusa, SR, Sicilia, Italia",37.065333,15.2925941,"Via Trieste, Ortigia, Siracusa, Sicilia, 96100, Italia",TROVATO,nominatim
,,RAGION_X,AGXXX,FR0XX,Via Guglielmo Marconi 126,Palermo,90133,PA,Sicilia,,Sud,Nuovi,"Via Guglielmo Marconi 126, 90133 Palermo, PA, Sicilia, Italia",38.1254931,13.3498589,"Via Guglielmo Marconi, VIII Circoscrizione, Palermo, Sicilia, 90141, Italia",TROVATO,nominatim
,,RAGION_X,AGXXX,FR0XX,Via Dante Alighieri 80,Collegno,10093,TO,Piemonte,,Nord,Nuovi,"Via Dante Alighieri 80, 10093 Collegno, TO, Piemonte, Italia",45.0753157,7.5716526,"Via Dante Alighieri, Leumann, Collegno, Torino, Piemonte, 10093, Italia",TROVATO,nominatim
,,RAGION_X,AGXXX,FR0XX,Via Giuseppe Mazzini 158,Barletta,76121,BT,Puglia,,Sud,Nuovi,"Via Giuseppe Mazzini 158, 76121 Barletta, BT, Puglia, Italia",41.3122796,16.2713226,"Via Giuseppe Mazzini, Borgovilla, Barletta, Barletta-Andria-Trani, Puglia, 76121, Italia",TROVATO,nominatim
,,RAGION_X,AGXXX,FR0XX,Via Bologna 105,Venezia,30121,VE,Veneto,,Nord,Nuovi,"Via Bologna 105, 30121 Venezia, VE, Veneto, Italia",45.5586096,12.2809914,"Via Bologna, Colmello, Marcon, Venezia, Veneto, 30020, Italia",TROVATO,nominatim
,,RAGION_X,AGXXX,FR0XX,Via Trento 40,Novara,28100,NO,Piemonte,,Nord,Nuovi,"Via Trento 40, 28100 Novara, NO, Piemonte, Italia",45.4349129,8.5995154,"Via Trento, San Paolo, Torrion Quartara, Novara, Piemonte, 28100, Italia",TROVATO,nominatim
,,RAGION_X,AGXXX,FR0XX,Via Trento 13,Aprilia,04011,LT,Lazio,,Centro,Nuovi,"Via Trento 13, 04011 Aprilia, LT, Lazio, Italia",41.5920579,12.649934,"Via Trento, Aprilia, Latina, Lazio, 04011, Italia",TROVATO,nominatim
,,RAGION_X,AGXXX,FR0XX,Via Milano 72,Siracusa,96100,SR,Sicilia,,Sud,Nuovi,"Via Milano 72, 96100 Siracusa, SR, Sicilia, Italia",37.0762065,15.2924634,"72, Via Milano, Santa Lucia, Siracusa, Sicilia, 96100, Italia",TROVATO,nominatim
,,RAGION_X,AGXXX,FR0XX,Via Trieste 205,Treviglio,24047,BG,Lombardia,,Nord,Nuovi,"Via Trieste 205, 24047 Treviglio, BG, Lombardia, Italia",45.5274751,9.5901639,"Via Trieste, Treviglio, Bergamo, Lombardia, 24047, Italia",TROVATO,nominatim
,,RAGION_X,AGXXX,FR0XX,Via Giuseppe Verdi 151,Vibo Valentia,89900,VV,Calabria,,Sud,Nuovi,"Via Giuseppe Verdi 151, 89900 Vibo Valentia, VV, Calabria, Italia",38.6771589,16.1050116,"Via Giuseppe Verdi, Vibo Valentia, Calabria, 89900, Italia",TROVATO,nominatim
,,RAGION_X,AGXXX,FR0XX,Via Venezia 102,Barletta,76121,BT,Puglia,,Sud,Nuovi,"Via Venezia 102, 76121 Barletta, BT, Puglia, Italia",41.3181439,16.2738212,"Via Venezia, Centro, Barletta, Barletta-Andria-Trani, Puglia, 76121, Italia",TROVATO,nominatim
,,RAGION_X,AGXXX,FR0XX,Via Camillo Cavour 162,Cosenza,87100,CS,Calabria,,Sud,Nuovi,"Via Camillo Cavour 162, 87100 Cosenza, CS, Calabria, Italia",39.3119507,16.22785,"Via Camillo Benso Conte di Cavour, Andreotta, Castrolibero, Cosenza, Calabria, 87040, Italia",TROVATO,nominatim
,,RAGION_X,AGXXX,FR0XX,Via Milano 40,Merano,39012,BZ,Trentino-Alto Adige,,Nord,Nuovi,"Via Milano 40, 39012 Merano, BZ, Trentino-Alto Adige, Italia",46.6713536,11.1646348,"Meran - Merano, Burggrafenamt - Burgraviato, Bolzano - Bozen, Trentino-Alto Adige/Südtirol, 39012, Italia",TROVATO_COMUNE,nominatim
,,RAGION_X,AGXXX,FR0XX,Via Trento 33,Massa,54100,MS,Toscana,,Centro,Nuovi,"Via Trento 33, 54100 Massa, MS, Toscana, Italia",44.0196668,10.0941451,"Via Trento, Bondano, Marina di Massa, Massa, Massa-Carrara, Toscana, 54037, Italia",TROVATO,nominatim
,,RAGION_X,AGXXX,FR0XX,Via Cesare Battisti 7,Fano,61032,PU,Marche,,Centro,Nuovi,"Via Cesare Battisti 7, 61032 Fano, PU, Marche, Italia",43.8443501,13.0215993,"Via Cesare Battisti, Piattelletti, Sassonia, Fano, Pesaro e Urbino, Marche, 61032, Italia",TROVATO,nominatim
,,RAGION_X,AGXXX,FR0XX,Via Dante Alighieri 63,Genova,16121,GE,Liguria,,Nord,Nuovi,"Via Dante Alighieri 63, 16121 Genova, GE, Liguria, Italia",44.4060445,8.6827004,"63, Via Dante Alighieri, Olivette, Borghetto, Bicocca, Arenzano, Genova, Liguria, 16011, Italia",TROVATO,nominatim
,,RAGION_X,AGXXX,FR0XX,Via Goffredo Mameli 159,Molfetta,70056,BA,Puglia,,Sud,Nuovi,"Via Goffredo Mameli 159, 70056 Molfetta, BA, Puglia, Italia",41.2018328,16.5902784,"Via Goffredo Mameli, Villaggio Belgiovine, Molfetta, Bari, Puglia, 70056, Italia",TROVATO,nominatim
,,RAGION_X,AGXXX,FR0XX,Via Torino 63,Rieti,02100,RI,Lazio,,Centro,Nuovi,"Via Torino 63, 02100 Rieti, RI, Lazio, Italia",42.4025479,12.8605297,"Rieti, Lazio, 02100, Italia",TROVATO_COMUNE,nominatim
,,RAGION_X,AGXXX,FR0XX,Corso Italia 12,Vicenza,36100,VI,Veneto,,Nord,Nuovi,"Corso Italia 12, 36100 Vicenza, VI, Veneto, Italia",45.6437518,11.299771,"Corso Italia, Valdagno, Comunità Montana Agno-Chiampo, Vicenza, Veneto, 36078, Italia",TROVATO,nominatim
,,RAGION_X,AGXXX,FR0XX,Via Camillo Cavour 86,Alghero,07041,SS,Sardegna,,Sud,Nuovi,"Via Camillo Cavour 86, 07041 Alghero, SS, Sardegna, Italia",40.5577319,8.3122872,"Via Camillo Benso Conte di Cavour, Centro storico, l'Alguer/Alghero, Tàttari/Sassari, Sardigna/Sardegna, 07041, Italia",TROVATO,nominatim
,,RAGION_X,AGXXX,FR0XX,Via XX Settembre 16,L'Aquila,67100,AQ,Abruzzo,,Sud,Nuovi,"Via XX Settembre 16, 67100 L'Aquila, AQ, Abruzzo, Italia",42.3528598,13.3904009,"Via Venti Settembre, Borgo Rivera, Pile, L'Aquila, Abruzzo, 67100, Italia",TROVATO,nominatim
,,RAGION_X,AGXXX,FR0XX,Via Camillo Cavour 8,Carpi,41012,MO,Emilia-Romagna,,Nord,Nuovi,"Via Camillo Cavour 8, 41012 Carpi, MO, Emilia-Romagna, Italia",44.7771015,10.8854581,"8, Via Camillo Benso di Cavour, Quartirolo, Carpi, Unione delle Terre d'Argine, Modena, Emilia-Romagna, 41012, Italia",TROVATO,nominatim
,,RAGION_X,AGXXX,FR0XX,Via Torino 68,Ferrara,44121,FE,Emilia-Romagna,,Nord,Nuovi,"Via Torino 68, 44121 Ferrara, FE, Emilia-Romagna, Italia",44.7025302,11.8053773,"Via Torino, Ripapersico, Portomaggiore, Unione dei comuni Valli e Delizie, Ferrara, Emilia-Romagna, 44015, Italia",TROVATO,nominatim
,,RAGION_X,AGXXX,FR0XX,Via Guglielmo Marconi 133,Frosinone,03100,FR,Lazio,,Centro,Nuovi,"Via Guglielmo Marconi 133, 03100 Frosinone, FR, Lazio, Italia",41.6956563,13.2569432,"Via Guglielmo Marconi, Sant'Agata, Ferentino, Frosinone, Lazio, 03013, Italia",TROVATO,nominatim
,,RAGION_X,AGXXX,FR0XX,Via Aldo Moro 36,Firenze,50121,FI,Toscana,,Centro,Nuovi,"Via Aldo Moro 36, 50121 Firenze, FI, Toscana, Italia",43.738637,11.2950437,"Via Aldo Moro, Ponte a Niccheri, Grassina, Bagno a Ripoli, Firenze, Toscana, 50126, Italia",TROVATO,nominatim
,,RAGION_X,AGXXX,FR0XX,Via Firenze 155,Grosseto,58100,GR,Toscana,,Centro,Nuovi,"Via Firenze 155, 58100 Grosseto, GR, Toscana, Italia",42.7157116,10.9848147,"Via Firenze, Sciangai, Marina di Grosseto, Grosseto, Toscana, 58046, Italia",TROVATO,nominatim
,,RAGION_X,AGXXX,FR0XX,Via Guglielmo Marconi 124,Bitonto,70032,BA,Puglia,,Sud,Nuovi,"Via Guglielmo Marconi 124, 70032 Bitonto, BA, Puglia, Italia",41.0497743,16.5728773,"Bitonto, Bari, Puglia, 70032, Italia",TROVATO_COMUNE,nominatim
,,RAGION_X,AGXXX,FR0XX,Via Vittorio Emanuele II 184,Sacile,33077,PN,Friuli Venezia Giulia,,Nord,Nuovi,"Via Vittorio Emanuele II 184, 33077 Sacile, PN, Friuli Venezia Giulia, Italia",45.9548046,12.5034415,"Sacile, Pordenone / Pordenon, Friuli-Venezia Giulia, 33077, Italia",TROVATO_COMUNE,nominatim
,,RAGION_X,AGXXX,FR0XX,Via Giuseppe Mazzini 118,La Spezia,19121,SP,Liguria,,Nord,Nuovi,"Via Giuseppe Mazzini 118, 19121 La Spezia, SP, Liguria, Italia",44.0734724,9.9078533,"Via Giuseppe Mazzini, Maralunga, Pugliola, Lerici, La Spezia, Liguria, 19032, Italia",TROVATO,nominatim
,,RAGION_X,AGXXX,FR0XX,Via Goffredo Mameli 63,Bressanone,39042,BZ,Trentino-Alto Adige,,Nord,Nuovi,"Via Goffredo Mameli 63, 39042 Bressanone, BZ, Trentino-Alto Adige, Italia",46.716413,11.657792,"Brixen - Bressanone, Eisacktal - Valle Isarco, Bolzano - Bozen, Trentino-Alto Adige/Südtirol, 39042, Italia",TROVATO_COMUNE,nominatim
,,RAGION_X,AGXXX,FR0XX,Via Nazionale 12,Genova,16121,GE,Liguria,,Nord,Nuovi,"Via Nazionale 12, 16121 Genova, GE, Liguria, Italia",44.4518782,8.9756528,"Via Nazionale, Molassana, Media Val Bisagno, Genova, Liguria, 16138, Italia",TROVATO,nominatim
,,RAGION_X,AGXXX,FR0XX,Via Firenze 92,Rende,87036,CS,Calabria,,Sud,Nuovi,"Via Firenze 92, 87036 Rende, CS, Calabria, Italia",39.3319934,16.1843828,"Rende, Cosenza, Calabria, 87036, Italia",TROVATO_COMUNE,nominatim
,,RAGION_X,AGXXX,FR0XX,Corso Vittorio Emanuele 25,Rimini,47921,RN,Emilia-Romagna,,Nord,Nuovi,"Corso Vittorio Emanuele 25, 47921 Rimini, RN, Emilia-Romagna, Italia",44.0593886,12.5684371,"Rimini, Emilia-Romagna, 47921-47924, Italia",TROVATO_COMUNE,nominatim
,,RAGION_X,AGXXX,FR0XX,Via Aldo Moro 11,Catania,95121,CT,Sicilia,,Sud,Nuovi,"Via Aldo Moro 11, 95121 Catania, CT, Sicilia, Italia",37.5140403,15.0187026,"Via Aldo Moro, Mezzocampo, Lineri, Misterbianco, Catania, Sicilia, 95045, Italia",TROVATO,nominatim
,,RAGION_X,AGXXX,FR0XX,Via Leonardo da Vinci 219,Savona,17100,SV,Liguria,,Nord,Nuovi,"Via Leonardo da Vinci 219, 17100 Savona, SV, Liguria, Italia",44.2064101,8.4128548,"Via Leonardo da Vinci, Voze, Noli, Savona, Liguria, 17026, Italia",TROVATO,nominatim
,,RAGION_X,AGXXX,FR0XX,Via Torino 81,Fano,61032,PU,Marche,,Centro,Nuovi,"Via Torino 81, 61032 Fano, PU, Marche, Italia",43.8424173,13.0146632,"Fano, Pesaro e Urbino, Marche, 61032, Italia",TROVATO_COMUNE,nominatim
,,RAGION_X,AGXXX,FR0XX,Via Giuseppe Garibaldi 114,Salerno,84121,SA,Campania,,Sud,Nuovi,"Via Giuseppe Garibaldi 114, 84121 Salerno, SA, Campania, Italia",40.7490646,14.6765791,"Via Giuseppe Garibaldi, Croce Malloni, Taverne, Nocera Superiore, Salerno, Campania, 84015, Italia",TROVATO,nominatim
,,RAGION_X,AGXXX,FR0XX,Via Antonio Gramsci 194,Faenza,48018,RA,Emilia-Romagna,,Nord,Nuovi,"Via Antonio Gramsci 194, 48018 Faenza, RA, Emilia-Romagna, Italia",44.2825734,11.8700394,"Via Antonio Gramsci, Quartiere Centro Sud, Faenza, Unione della Romagna Faentina, Ravenna, Emilia-Romagna, 48018, Italia",TROVATO,nominatim
,,RAGION_X,AGXXX,FR0XX,Via Dante Alighieri 27,Chioggia,30015,VE,Veneto,,Nord,Nuovi,"Via Dante Alighieri 27, 30015 Chioggia, VE, Veneto, Italia",45.2179083,12.2270656,"Chioggia, Venezia, Veneto, 30015, Italia",TROVATO_COMUNE,nominatim
,,RAGION_X,AGXXX,FR0XX,Via Giuseppe Garibaldi 166,Afragola,80021,,Campania,,Sud,Nuovi,"Via Giuseppe Garibaldi 166, 80021 Afragola, , Campania, Italia",40.926012,14.310831,"Afragola, Napoli, Campania, 80021, Italia",TROVATO_COMUNE,nominatim
,,RAGION_X,AGXXX,FR0XX,Via Cesare Battisti 190,Olbia,07026,SS,Sardegna,,Sud,Nuovi,"Via Cesare Battisti 190, 07026 Olbia, SS, Sardegna, Italia",40.7219767,8.5669667,"Via Olbia, Cappuccini, Tàttari/Sassari, Sardigna/Sardegna, 07100, Italia",TROVATO_COMUNE,nominatim
,,RAGION_X,AGXXX,FR0XX,Piazza Cavour 126,Como,22100,CO,Lombardia,,Nord,Nuovi,"Piazza Cavour 126, 22100 Como, CO, Lombardia, Italia",45.8130614,9.0809014,"Piazza Camillo Benso Conte di Cavour, Lungolago, Sant'Agostino, Como, Lombardia, 22100, Italia",TROVATO,nominatim
,,RAGION_X,AGXXX,FR0XX,Via Roma 25,Novara,28100,NO,Piemonte,,Nord,Nuovi,"Via Roma 25, 28100 Novara, NO, Piemonte, Italia",45.534299,8.4170808,"25, Via Roma, Carpignano Sesia, Novara, Piemonte, 28064, Italia",TROVATO,nominatim
,,RAGION_X,AGXXX,FR0XX,Via Guglielmo Marconi 194,Collegno,10093,TO,Piemonte,,Nord,Nuovi,"Via Guglielmo Marconi 194, 10093 Collegno, TO, Piemonte, Italia",45.0775473,7.5724262,"Collegno, Torino, Piemonte, Italia",TROVATO_COMUNE,nominatim
,,RAGION_X,AGXXX,FR0XX,Corso Italia 164,Termoli,86039,CB,Molise,,Sud,Nuovi,"Corso Italia 164, 86039 Termoli, CB, Molise, Italia",41.9983273,14.9939366,"Termoli, Campobasso, Molise, 86039, Italia",TROVATO_COMUNE,nominatim
,,RAGION_X,AGXXX,FR0XX,Via Roma 14,Ferrara,44121,FE,Emilia-Romagna,,Nord,Nuovi,"Via Roma 14, 44121 Ferrara, FE, Emilia-Romagna, Italia",44.8421085,11.4986353,"14, Via Roma, Vigarano Mainarda, Unione Alto Ferrarese, Ferrara, Emilia-Romagna, 44049, Italia",TROVATO,nominatim
,,RAGION_X,AGXXX,FR0XX,Corso Vittorio Emanuele 1,Benevento,82100,BN,Campania,,Sud,Nuovi,"Corso Vittorio Emanuele 1, 82100 Benevento, BN, Campania, Italia",41.0771098,14.7583398,"Corso Vittorio Emanuele, San Leucio del Sannio, Benevento, Campania, 83016, Italia",TROVATO,nominatim
,,RAGION_X,AGXXX,FR0XX,Via Nazionale 77,Verbania,28921,VB,Piemonte,,Nord,Nuovi,"Via Nazionale 77, 28921 Verbania, VB, Piemonte, Italia",45.9344082,8.5580062,"Verbania, Verbano-Cusio-Ossola, Piemonte, Italia",TROVATO_COMUNE,nominatim
,,RAGION_X,AGXXX,FR0XX,Via Bologna 105,Latina,04100,LT,Lazio,,Centro,Nuovi,"Via Bologna 105, 04100 Latina, LT, Lazio, Italia",41.5780406,12.8300631,"Via Bologna, Cerciabella, Cisterna di Latina, Latina, Lazio, 04012, Italia",TROVATO,nominatim
,,RAGION_X,AGXXX,FR0XX,Via Cesare Battisti 84,Cinisello Balsamo,20092,MI,Lombardia,,Nord,Nuovi,"Via Cesare Battisti 84, 20092 Cinisello Balsamo, MI, Lombardia, Italia",45.5561665,9.2520968,"Via Cesare Battisti, Bettola, Crocetta, Cinisello Balsamo, Zona Omogenea Milano Nord, Milano, Lombardia, 20092, Italia",TROVATO,nominatim
,,RAGION_X,AGXXX,FR0XX,Via Dante Alighieri 70,Bassano del Grappa,36061,VI,Veneto,,Nord,Nuovi,"Via Dante Alighieri 70, 36061 Bassano del Grappa, VI, Veneto, Italia",45.7529248,11.7474607,"Via Dante Alighieri, Nuova Firenze, Pilastroni, Bassano del Grappa, Vicenza, Veneto, 36061, Italia",TROVATO,nominatim
,,RAGION_X,AGXXX,FR0XX,Via Vittorio Emanuele II 172,Chioggia,30015,VE,Veneto,,Nord,Nuovi,"Via Vittorio Emanuele II 172, 30015 Chioggia, VE, Veneto, Italia",45.2179083,12.2270656,"Chioggia, Venezia, Veneto, 30015, Italia",TROVATO_COMUNE,nominatim
,,RAGION_X,AGXXX,FR0XX,Via San Francesco 2,Terni,05100,TR,Umbria,,Centro,Nuovi,"Via San Francesco 2, 05100 Terni, TR, Umbria, Italia",42.4985416,12.6589997,"Via San Francesco, Colmartino, Colle, Stroncone, Terni, Umbria, 05039, Italia",TROVATO,nominatim
,,RAGION_X,AGXXX,FR0XX,Via della Repubblica 98,Gorizia,34170,GO,Friuli Venezia Giulia,,Nord,Nuovi,"Via della Repubblica 98, 34170 Gorizia, GO, Friuli Venezia Giulia, Italia",45.9441278,13.6252288,"Gorizia, Gorizia / Gurize / Gorica, Friuli-Venezia Giulia, 34170, Italia",TROVATO_COMUNE,nominatim
,,RAGION_X,AGXXX,FR0XX,Via San Francesco 40,Monfalcone,34074,GO,Friuli Venezia Giulia,,Nord,Nuovi,"Via San Francesco 40, 34074 Monfalcone, GO, Friuli Venezia Giulia, Italia",45.8111037,13.5326554,"40, Via San Francesco, Monfalcone, Gorizia / Gurize / Gorica, Friuli-Venezia Giulia, 34074, Italia",TROVATO,nominatim
,,RAGION_X,AGXXX,FR0XX,Via Roma 64,Trento,38122,TN,Trentino-Alto Adige,,Nord,Nuovi,"Via Roma 64, 38122 Trento, TN, Trentino-Alto Adige, Italia",46.0781639,10.999389,"64, Via Roma, Lon, Vezzano, Vallelaghi, Provincia di Trento, Trentino-Alto Adige/Südtirol, 38096, Italia",TROVATO,nominatim
,,RAGION_X,AGXXX,FR0XX,Piazza Cavour 136,Marsala,91025,TP,Sicilia,,Sud,Nuovi,"Piazza Cavour 136, 91025 Marsala, TP, Sicilia, Italia",37.7979221,12.4342091,"Marsala, Trapani, Sicilia, 91025, Italia",TROVATO_COMUNE,nominatim
,,RAGION_X,AGXXX,FR0XX,Piazza Cavour 139,Catania,95121,CT,Sicilia,,Sud,Nuovi,"Piazza Cavour 139, 95121 Catania, CT, Sicilia, Italia",37.5174099,15.0835219,"Piazza Cavour, Consolazione, Borgo, Borgo-Sanzio, Catania, Sicilia, Italia",TROVATO,nominatim
,,RAGION_X,AGXXX,FR0XX,Via Aldo Moro 95,Olbia,07026,SS,Sardegna,,Sud,Nuovi,"Via Aldo Moro 95, 07026 Olbia, SS, Sardegna, Italia",40.7219767,8.5669667,"Via Olbia, Cappuccini, Tàttari/Sassari, Sardigna/Sardegna, 07100, Italia",TROVATO_COMUNE,nominatim
,,RAGION_X,AGXXX,FR0XX,Via della Repubblica 176,Imperia,18100,IM,Liguria,,Nord,Nuovi,"Via della Repubblica 176, 18100 Imperia, IM, Liguria, Italia",43.890163,8.0369145,"Via della Repubblica, Oneglia, Oliveto, Imperia, Provincia di Imperia, Liguria, 18100, Italia",TROVATO,nominatim
,,RAGION_X,AGXXX,FR0XX,Via Giuseppe Garibaldi 123,Vigevano,27029,PV,Lombardia,,Nord,Nuovi,"Via Giuseppe Garibaldi 123, 27029 Vigevano, PV, Lombardia, Italia",45.3170942,8.858603,"Vigevano, Pavia, Lombardia, 27029, Italia",TROVATO_COMUNE,nominatim
,,RAGION_X,AGXXX,FR0XX,Via Trieste 37,Trapani,91100,TP,Sicilia,,Sud,Nuovi,"Via Trieste 37, 91100 Trapani, TP, Sicilia, Italia",38.0197758,12.5321601,"Via Trieste, Trapani, Sicilia, 91100, Italia",TROVATO,nominatim
,,RAGION_X,AGXXX,FR0XX,Via Trento 107,Rimini,47921,RN,Emilia-Romagna,,Nord,Nuovi,"Via Trento 107, 47921 Rimini, RN, Emilia-Romagna, Italia",44.0895323,12.535119,"Viale Bezzecca, Viserba Monte, Viserba, Rimini, Emilia-Romagna, 47811, Italia",TROVATO,nominatim
,,RAGION_X,AGXXX,FR0XX,Via Bologna 217,Cesena,47521,FC,Emilia-Romagna,,Nord,Nuovi,"Via Bologna 217, 47521 Cesena, FC, Emilia-Romagna, Italia",44.1205922,12.3372678,"Via Bologna, Bulgaria, Gambettola, Unione Rubicone e mare, Forlì-Cesena, Emilia-Romagna, 47035, Italia",TROVATO,nominatim
,,RAGION_X,AGXXX,FR0XX,Via XX Settembre 216,Trapani,91100,TP,Sicilia,,Sud,Nuovi,"Via XX Settembre 216, 91100 Trapani, TP, Sicilia, Italia",38.020885,12.5220026,"Via Venti Settembre, Trapani, Sicilia, 91100, Italia",TROVATO,nominatim
,,RAGION_X,AGXXX,FR0XX,Corso Italia 134,Salerno,84121,SA,Campania,,Sud,Nuovi,"Corso Italia 134, 84121 Salerno, SA, Campania, Italia",40.643265,14.8785838,"Corso Italia, Quartiere INA, Pontecagnano, Pontecagnano Faiano, Salerno, Campania, 84141, Italia",TROVATO,nominatim
,,RAGION_X,AGXXX,FR0XX,Via Giuseppe Garibaldi 209,Reggio Emilia,42121,RE,Emilia-Romagna,,Nord,Nuovi,"Via Giuseppe Garibaldi 209, 42121 Reggio Emilia, RE, Emilia-Romagna, Italia",44.7740018,10.644852,"Via Giuseppe Garibaldi, La Rocca, Argine, Cadelbosco di Sopra, Terra di Mezzo, Reggio nell'Emilia, Emilia-Romagna, 42011, Italia",TROVATO,nominatim
,,RAGION_X,AGXXX,FR0XX,Via della Repubblica 150,La Spezia,19121,SP,Liguria,,Nord,Nuovi,"Via della Repubblica 150, 19121 La Spezia, SP, Liguria, Italia",44.1585779,9.7821196,"Via della Repubblica, Graveglia, Riccò del Golfo di Spezia, La Spezia, Liguria, 19020, Italia",TROVATO,nominatim
,,RAGION_X,AGXXX,FR0XX,Via Dante Alighieri 111,Matera,75100,MT,Basilicata,,Sud,Nuovi,"Via Dante Alighieri 111, 75100 Matera, MT, Basilicata, Italia",40.6733772,16.5923089,"Via Dante Alighieri, Olmi, Grotta Pignata, Matera, Basilicata, 75100, Italia",TROVATO,nominatim
,,RAGION_X,AGXXX,FR0XX,Via Firenze 58,Rovigo,45100,RO,Veneto,,Nord,Nuovi,"Via Firenze 58, 45100 Rovigo, RO, Veneto, Italia",45.0471022,11.8718411,"Via Firenze, Palà, Ceregnano, Rovigo, Veneto, 45010, Italia",TROVATO,nominatim
,,RAGION_X,AGXXX,FR0XX,Via Guglielmo Marconi 32,Sesto Fiorentino,50019,FI,Toscana,,Centro,Nuovi,"Via Guglielmo Marconi 32, 50019 Sesto Fiorentino, FI, Toscana, Italia",43.831721,11.1992239,"Sesto Fiorentino, Firenze, Toscana, Italia",TROVATO_COMUNE,nominatim
,,RAGION_X,AGXXX,FR0XX,Corso Italia 30,Treviso,31100,TV,Veneto,,Nord,Nuovi,"Corso Italia 30, 31100 Treviso, TV, Veneto, Italia",45.6658505,12.2455414,"Treviso, Veneto, 31100, Italia",TROVATO_COMUNE,nominatim
,,RAGION_X,AGXXX,FR0XX,Piazza Garibaldi 172,Fermo,63900,FM,Marche,,Centro,Nuovi,"Piazza Garibaldi 172, 63900 Fermo, FM, Marche, Italia",43.1501944,13.4753934,"Piazza Garibaldi, Madonnetta, Massa Fermana, Fermo, Marche, Italia",TROVATO,nominatim
,,RAGION_X,AGXXX,FR0XX,Via Aldo Moro 173,Caserta,81100,CE,Campania,,Sud,Nuovi,"Via Aldo Moro 173, 81100 Caserta, CE, Campania, Italia",41.0743378,14.3102024,"Via Aldo Moro, Cuccagna, Casagiove, Caserta, Campania, 81022, Italia",TROVATO,nominatim
,,RAGION_X,AGXXX,FR0XX,Via Milano 144,Piacenza,29121,PC,Emilia-Romagna,,Nord,Nuovi,"Via Milano 144, 29121 Piacenza, PC, Emilia-Romagna, Italia",45.0596649,9.6281303,"Via Milano, Case Ponte Trebbia, Cotrebbia Nuova, Calendasco, Piacenza, Emilia-Romagna, 29121, Italia",TROVATO,nominatim
,,RAGION_X,AGXXX,FR0XX,Via Giuseppe Garibaldi 185,Monfalcone,34074,GO,Friuli Venezia Giulia,,Nord,Nuovi,"Via Giuseppe Garibaldi 185, 34074 Monfalcone, GO, Friuli Venezia Giulia, Italia",45.8084745,13.5278172,"Via Giuseppe Garibaldi, Anconetta, Monfalcone, Gorizia / Gurize / Gorica, Friuli-Venezia Giulia, 34074, Italia",TROVATO,nominatim
,,RAGION_X,AGXXX,FR0XX,Via Antonio Gramsci 211,Parma,43121,PR,Emilia-Romagna,,Nord,Nuovi,"Via Antonio Gramsci 211, 43121 Parma, PR, Emilia-Romagna, Italia",44.7002359,10.3526835,"Via Antonio Gramsci, Case Nuove, Basilicanova, Montechiarugolo, Parma, Emilia-Romagna, 43029, Italia",TROVATO,nominatim
,,RAGION_X,AGXXX,FR0XX,Via Alessandro Manzoni 33,Benevento,82100,BN,Campania,,Sud,Nuovi,"Via Alessandro Manzoni 33, 82100 Benevento, BN, Campania, Italia",41.1273649,14.915667,"Via Alessandro Manzoni, Apice Nuovo, Apice, Benevento, Campania, Italia",TROVATO,nominatim
,,RAGION_X,AGXXX,FR0XX,Via Trieste 19,Latina,04100,LT,Lazio,,Centro,Nuovi,"Via Trieste 19, 04100 Latina, LT, Lazio, Italia",41.4708016,12.9125247,"Via Trieste, Porta Nord, Villaggio Trieste, Latina, Lazio, 04100, Italia",TROVATO,nominatim
,,RAGION_X,AGXXX,FR0XX,Via Giuseppe Verdi 117,Caserta,81100,CE,Campania,,Sud,Nuovi,"Via Giuseppe Verdi 117, 81100 Caserta, CE, Campania, Italia",41.0691054,14.3310331,"Via Giuseppe Verdi, Caserta, Acquaviva, Caserta, Campania, 81100, Italia",TROVATO,nominatim
,,RAGION_X,AGXXX,FR0XX,Via Alessandro Manzoni 198,Varese,21100,VA,Lombardia,,Nord,Nuovi,"Via Alessandro Manzoni 198, 21100 Varese, VA, Lombardia, Italia",45.8163062,8.8279417,"Via Alessandro Manzoni, Motta, Marone, Varese, Lombardia, 21200, Italia",TROVATO,nominatim
,,RAGION_X,AGXXX,FR0XX,Via Trento 9,Palermo,90133,PA,Sicilia,,Sud,Nuovi,"Via Trento 9, 90133 Palermo, PA, Sicilia, Italia",38.1113404,13.3666151,"Via Trento, Kalsa, I Circoscrizione, Palermo, Sicilia, 90140, Italia",TROVATO,nominatim
,,RAGION_X,AGXXX,FR0XX,Via Milano 72,Novara,28100,NO,Piemonte,,Nord,Nuovi,"Via Milano 72, 28100 Novara, NO, Piemonte, Italia",45.5261753,8.5790464,"Via Milano, Caltignaga, Novara, Piemonte, 28015, Italia",TROVATO,nominatim
,,RAGION_X,AGXXX,FR0XX,Via Guglielmo Marconi 171,Napoli,80121,,Campania,,Sud,Nuovi,"Via Guglielmo Marconi 171, 80121 Napoli, , Campania, Italia",40.8279006,14.1898023,"Via Guglielmo Marconi, Rione Lauro, Fuorigrotta, Municipalità 10, Napoli, Campania, 80125, Italia",TROVATO,nominatim
,,RAGION_X,AGXXX,FR0XX,Via Guglielmo Marconi 82,Anzio,00042,RM,Lazio,,Centro,Nuovi,"Via Guglielmo Marconi 82, 00042 Anzio, RM, Lazio, Italia",41.4471008,12.6285618,"Anzio, Roma Capitale, Lazio, 00042, Italia",TROVATO_COMUNE,nominatim
,,RAGION_X,AGXXX,FR0XX,Via Milano 40,Viterbo,01100,VT,Lazio,,Centro,Nuovi,"Via Milano 40, 01100 Viterbo, VT, Lazio, Italia",42.4277419,12.1142753,"Via Milano, Ellera, La Quercia, Viterbo, Lazio, 01100, Italia",TROVATO,nominatim
,,RAGION_X,AGXXX,FR0XX,Via della Repubblica 85,Civitavecchia,00053,RM,Lazio,,Centro,Nuovi,"Via della Repubblica 85, 00053 Civitavecchia, RM, Lazio, Italia",42.0937524,11.7922462,"Civitavecchia, Roma Capitale, Lazio, 00053, Italia",TROVATO_COMUNE,nominatim
,,RAGION_X,AGXXX,FR0XX,Via Aldo Moro 77,Pordenone,33170,PN,Friuli Venezia Giulia,,Nord,Nuovi,"Via Aldo Moro 77, 33170 Pordenone, PN, Friuli Venezia Giulia, Italia",45.9260363,12.5714983,"Via Aldo Moro, Tamai, Brugnera, Pordenone / Pordenon, Friuli-Venezia Giulia, 33070, Italia",TROVATO,nominatim
,,RAGION_X,AGXXX,FR0XX,Via Nazionale 174,Viareggio,55049,LU,Toscana,,Centro,Nuovi,"Via Nazionale 174, 55049 Viareggio, LU, Toscana, Italia",43.8672392,10.2506055,"Viareggio, Unione dei comuni della Versilia, Lucca, Toscana, 55049, Italia",TROVATO_COMUNE,nominatim
,,RAGION_X,AGXXX,FR0XX,Via XX Settembre 128,La Spezia,19121,SP,Liguria,,Nord,Nuovi,"Via XX Settembre 128, 19121 La Spezia, SP, Liguria, Italia",44.1082829,9.8186375,"Via Venti Settembre, Vicci, Sarbia, La Spezia, Liguria, 19121, Italia",TROVATO,nominatim
,,RAGION_X,AGXXX,FR0XX,Piazza Garibaldi 134,Ravenna,48121,RA,Emilia-Romagna,,Nord,Nuovi,"Piazza Garibaldi 134, 48121 Ravenna, RA, Emilia-Romagna, Italia",44.442278,11.8614997,"Piazza Giuseppe Garibaldi, Sant'Agata sul Santerno, Unione dei comuni della Bassa Romagna, Ravenna, Emilia-Romagna, 48020, Italia",TROVATO,nominatim
,,RAGION_X,AGXXX,FR0XX,Via Leonardo da Vinci 122,Rivoli,10098,TO,Piemonte,,Nord,Nuovi,"Via Leonardo da Vinci 122, 10098 Rivoli, TO, Piemonte, Italia",45.0697151,7.5176764,"Rivoli, Torino, Piemonte, 10098, Italia",TROVATO_COMUNE,nominatim
,,RAGION_X,AGXXX,FR0XX,Via Torino 30,Cagliari,09121,CA,Sardegna,,Sud,Nuovi,"Via Torino 30, 09121 Cagliari, CA, Sardegna, Italia",39.2148566,9.1162142,"30, Via Torino, Lapola/Marina, Casteddu/Cagliari, Sardigna/Sardegna, 09124, Italia",TROVATO,nominatim
,,RAGION_X,AGXXX,FR0XX,Via XX Settembre 99,Perugia,06121,PG,Umbria,,Centro,Nuovi,"Via XX Settembre 99, 06121 Perugia, PG, Umbria, Italia",43.1062196,12.3837128,"Via Venti Settembre, Madonna Alta, Perugia, Umbria, 06124, Italia",TROVATO,nominatim
,,RAGION_X,AGXXX,FR0XX,Via Milano 208,Messina,98121,ME,Sicilia,,Sud,Nuovi,"Via Milano 208, 98121 Messina, ME, Sicilia, Italia",38.1795039,15.5489221,"Via Milano, Quartiere Lombardo, Quartiere Americano, III Circoscrizione, Messina, Sicilia, 98124, Italia",TROVATO,nominatim
,,RAGION_X,AGXXX,FR0XX,Via Venezia 86,Pavia,27100,PV,Lombardia,,Nord,Nuovi,"Via Venezia 86, 27100 Pavia, PV, Lombardia, Italia",45.2362293,9.1799055,"Via Venezia, Ponte Carate, San Genesio, San Genesio ed Uniti, Pavia, Lombardia, 27010, Italia",TROVATO,nominatim
,,RAGION_X,AGXXX,FR0XX,Via Vittorio Emanuele II 85,Lodi,26900,LO,Lombardia,,Nord,Nuovi,"Via Vittorio Emanuele II 85, 26900 Lodi, LO, Lombardia, Italia",45.2728418,9.5275388,"Via Vittorio Emanuele Secondo, Sesto, San Martino in Strada, Lodi, Lombardia, 26817, Italia",TROVATO,nominatim
,,RAGION_X,AGXXX,FR0XX,Via Dante Alighieri 138,Siracusa,96100,SR,Sicilia,,Sud,Nuovi,"Via Dante Alighieri 138, 96100 Siracusa, SR, Sicilia, Italia",37.0836692,15.1579573,"138, Via Dante Alighieri, Taverna, Floridia, Siracusa, Sicilia, 96014, Italia",TROVATO,nominatim
,,RAGION_X,AGXXX,FR0XX,Via Venezia 6,Vigevano,27029,PV,Lombardia,,Nord,Nuovi,"Via Venezia 6, 27029 Vigevano, PV, Lombardia, Italia",45.3170942,8.858603,"Vigevano, Pavia, Lombardia, 27029, Italia",TROVATO_COMUNE,nominatim
,,RAGION_X,AGXXX,FR0XX,Via Camillo Cavour 104,Treviglio,24047,BG,Lombardia,,Nord,Nuovi,"Via Camillo Cavour 104, 24047 Treviglio, BG, Lombardia, Italia",45.5209533,9.5947553,"Biblioteca Via Cavour, 4, Viale Camillo Benso conte di Cavour, Treviglio, Bergamo, Lombardia, 24047, Italia",TROVATO_FALLBACK,nominatim
,,RAGION_X,AGXXX,FR0XX,Via Firenze 49,Venezia,30121,VE,Veneto,,Nord,Nuovi,"Via Firenze 49, 30121 Venezia, VE, Veneto, Italia",45.486257,12.2431628,"Via Firenze, Bissuola, Mestre-Carpenedo, Mestre, Venezia, Veneto, 30170, Italia",TROVATO,nominatim
,,RAGION_X,AGXXX,FR0XX,Via Nazionale 165,Latina,04100,LT,Lazio,,Centro,Nuovi,"Via Nazionale 165, 04100 Latina, LT, Lazio, Italia",41.5824437,12.9736752,"Via Nazionale, Norma, Latina, Lazio, 04010, Italia",TROVATO,nominatim
,,RAGION_X,AGXXX,FR0XX,Corso Vittorio Emanuele 108,Foligno,06034,PG,Umbria,,Centro,Nuovi,"Corso Vittorio Emanuele 108, 06034 Foligno, PG, Umbria, Italia",42.9559744,12.7034782,"Foligno, Perugia, Umbria, 06034, Italia",TROVATO_COMUNE,nominatim
,,RAGION_X,AGXXX,FR0XX,Via Giacomo Matteotti 11,Pisa,56121,PI,Toscana,,Centro,Nuovi,"Via Giacomo Matteotti 11, 56121 Pisa, PI, Toscana, Italia",43.7099076,10.4113708,"Via Giacomo Matteotti, La Cella, Porta a Piagge, Pisa, Toscana, 56127, Italia",TROVATO,nominatim
,,RAGION_X,AGXXX,FR0XX,Via Guglielmo Marconi 76,Rapallo,16035,GE,Liguria,,Nord,Nuovi,"Via Guglielmo Marconi 76, 16035 Rapallo, GE, Liguria, Italia",44.3492083,9.2316102,"Rapallo, Genova, Liguria, 16035, Italia",TROVATO_COMUNE,nominatim
,,RAGION_X,AGXXX,FR0XX,Via Dante Alighieri 9,Cuneo,12100,CN,Piemonte,,Nord,Nuovi,"Via Dante Alighieri 9, 12100 Cuneo, CN, Piemonte, Italia",44.4147581,7.4317778,"9, Via Dante Alighieri, Tetto Cussin, Caraglio, Cuneo, Piemonte, 12023, Italia",TROVATO,nominatim
,,RAGION_X,AGXXX,FR0XX,Via Bologna 204,Sondrio,23100,SO,Lombardia,,Nord,Nuovi,"Via Bologna 204, 23100 Sondrio, SO, Lombardia, Italia",46.1712084,9.8716216,"Sondrio, Comunità montana della Valtellina di Sondrio, Sondrio, Lombardia, 23100, Italia",TROVATO_COMUNE,nominatim
,,RAGION_X,AGXXX,FR0XX,Via Milano 46,Benevento,82100,BN,Campania,,Sud,Nuovi,"Via Milano 46, 82100 Benevento, BN, Campania, Italia",41.1231227,14.7694266,"Via Milano, Rione Libertà, Libertà, Benevento, Campania, 82100, Italia",TROVATO,nominatim
,,RAGION_X,AGXXX,FR0XX,Via Trento 185,Battipaglia,84091,SA,Campania,,Sud,Nuovi,"Via Trento 185, 84091 Battipaglia, SA, Campania, Italia",40.6069955,14.9806798,"Via Trento, Rione Stella, Battipaglia, Salerno, Campania, 84091, Italia",TROVATO,nominatim
,,RAGION_X,AGXXX,FR0XX,Via Milano 117,Udine,33100,UD,Friuli Venezia Giulia,,Nord,Nuovi,"Via Milano 117, 33100 Udine, UD, Friuli Venezia Giulia, Italia",46.0842394,13.2044946,"Via Milano, Villaggio del Sole, Rizzi / I Riçs, Udine / Udin, Udine / Udin / Videm, Friuli-Venezia Giulia, 33100, Italia",TROVATO,nominatim
,,RAGION_X,AGXXX,FR0XX,Via Antonio Gramsci 65,Savona,17100,SV,Liguria,,Nord,Nuovi,"Via Antonio Gramsci 65, 17100 Savona, SV, Liguria, Italia",44.3072009,8.4851849,"Via Antonio Gramsci, Villetta, Savona, Liguria, 17100, Italia",TROVATO,nominatim
,,RAGION_X,AGXXX,FR0XX,Via San Francesco 98,Forlì,47121,FC,Emilia-Romagna,,Nord,Nuovi,"Via San Francesco 98, 47121 Forlì, FC, Emilia-Romagna, Italia",44.0616529,11.8433512,"Via San Francesco, Pezzuolo, Rocca San Casciano, Unione di Comuni della Romagna Forlivese, Forlì-Cesena, Emilia-Romagna, 47017, Italia",TROVATO,nominatim
,,RAGION_X,AGXXX,FR0XX,Via Giuseppe Garibaldi 135,Prato,59100,PO,Toscana,,Centro,Nuovi,"Via Giuseppe Garibaldi 135, 59100 Prato, PO, Toscana, Italia",43.8802049,11.1009632,"Via Giuseppe Garibaldi, il Cantiere, I lecci, Prato, Toscana, 59100, Italia",TROVATO,nominatim
,,RAGION_X,AGXXX,FR0XX,Via Giacomo Matteotti 41,Imola,40026,BO,Emilia-Romagna,,Nord,Nuovi,"Via Giacomo Matteotti 41, 40026 Imola, BO, Emilia-Romagna, Italia",44.3535145,11.7141233,"Imola, Nuovo Circondario Imolese, Bologna, Emilia-Romagna, 40026, Italia",TROVATO_COMUNE,nominatim
,,RAGION_X,AGXXX,FR0XX,Via Venezia 86,Lucca,55100,LU,Toscana,,Centro,Nuovi,"Via Venezia 86, 55100 Lucca, LU, Toscana, Italia",43.8225427,10.2798436,"Via Venezia, Torre del Lago Puccini, Viareggio, Unione dei comuni della Versilia, Lucca, Toscana, 55049, Italia",TROVATO,nominatim
,,RAGION_X,AGXXX,FR0XX,Via Dante Alighieri 124,Rapallo,16035,GE,Liguria,,Nord,Nuovi,"Via Dante Alighieri 124, 16035 Rapallo, GE, Liguria, Italia",44.3476504,9.2272859,"Via Dante Alighieri, Cerisola, San Michele di Pagana, Rapallo, Genova, Liguria, 16035, Italia",TROVATO,nominatim
,,RAGION_X,AGXXX,FR0XX,Via San Francesco 184,Cuneo,12100,CN,Piemonte,,Nord,Nuovi,"Via San Francesco 184, 12100 Cuneo, CN, Piemonte, Italia",44.3239043,7.5547495,"Via San Francesco, Boves, Cuneo, Piemonte, 12012, Italia",TROVATO,nominatim
,,RAGION_X,AGXXX,FR0XX,Via Firenze 112,Lecco,23900,LC,Lombardia,,Nord,Nuovi,"Via Firenze 112, 23900 Lecco, LC, Lombardia, Italia",45.7644764,9.3077035,"Via Firenze, Brongio Alto, Ruscolo, Brongio, Garbagnate Monastero, Lecco, Lombardia, 23846, Italia",TROVATO,nominatim
,,RAGION_X,AGXXX,FR0XX,Via Camillo Cavour 197,Sesto San Giovanni,20099,MI,Lombardia,,Nord,Nuovi,"Via Camillo Cavour 197, 20099 Sesto San Giovanni, MI, Lombardia, Italia",45.5347926,9.2371764,"Sesto San Giovanni, Zona Omogenea Milano Nord, Milano, Lombardia, 20099, Italia",TROVATO_COMUNE,nominatim
,,RAGION_X,AGXXX,FR0XX,Via Giuseppe Mazzini 170,Alessandria,15121,AL,Piemonte,,Nord,Nuovi,"Via Giuseppe Mazzini 170, 15121 Alessandria, AL, Piemonte, Italia",44.9148454,8.6175281,"Via Giuseppe Mazzini, Alessandria, Piemonte, 15121, Italia",TROVATO,nominatim
,,RAGION_X,AGXXX,FR0XX,Via Antonio Gramsci 109,Ascoli Piceno,63100,AP,Marche,,Centro,Nuovi,"Via Antonio Gramsci 109, 63100 Ascoli Piceno, AP, Marche, Italia",42.9381059,13.6968292,"Via Antonio Gramsci, Borgo Cappuccini, Colle Taffone, Offida, Ascoli Piceno, Marche, 63073, Italia",TROVATO,nominatim
,,RAGION_X,AGXXX,FR0XX,Via Giuseppe Verdi 124,Rieti,02100,RI,Lazio,,Centro,Nuovi,"Via Giuseppe Verdi 124, 02100 Rieti, RI, Lazio, Italia",42.4025479,12.8605297,"Rieti, Lazio, 02100, Italia",TROVATO_COMUNE,nominatim
,,RAGION_X,AGXXX,FR0XX,Via Leonardo da Vinci 2,Vigevano,27029,PV,Lombardia,,Nord,Nuovi,"Via Leonardo da Vinci 2, 27029 Vigevano, PV, Lombardia, Italia",45.3205208,8.8646726,"Via Leonardo da Vinci, Vigevano, Pavia, Lombardia, 27029, Italia",TROVATO,nominatim
,,RAGION_X,AGXXX,FR0XX,Via Roma 167,Bologna,40121,BO,Emilia-Romagna,,Nord,Nuovi,"Via Roma 167, 40121 Bologna, BO, Emilia-Romagna, Italia",44.6471604,11.5332141,"167, Via Roma, La Baruzza, Baricella, Unione Terre di Pianura, Bologna, Emilia-Romagna, 40052, Italia",TROVATO,nominatim
,,RAGION_X,AGXXX,FR0XX,Via Goffredo Mameli 143,Piacenza,29121,PC,Emilia-Romagna,,Nord,Nuovi,"Via Goffredo Mameli 143, 29121 Piacenza, PC, Emilia-Romagna, Italia",45.0534751,9.6947461,"Piacenza, Emilia-Romagna, Italia",TROVATO_COMUNE,nominatim
,,RAGION_X,AGXXX,FR0XX,Via Bologna 78,Firenze,50121,FI,Toscana,,Centro,Nuovi,"Via Bologna 78, 50121 Firenze, FI, Toscana, Italia",43.8251856,11.1404424,"Via Bologna, Fornello, Capalle, Campi Bisenzio, Firenze, Toscana, 50013, Italia",TROVATO,nominatim
,,RAGION_X,AGXXX,FR0XX,Via Trento 139,Andria,76123,BT,Puglia,,Sud,Nuovi,"Via Trento 139, 76123 Andria, BT, Puglia, Italia",41.3149851,16.271208,"Via Trento, Borgovilla, Barletta, Barletta-Andria-Trani, Puglia, 76121, Italia",TROVATO,nominatim
,,RAGION_X,AGXXX,FR0XX,Via Bologna 88,Barletta,76121,BT,Puglia,,Sud,Nuovi,"Via Bologna 88, 76121 Barletta, BT, Puglia, Italia",41.2310776,16.3005826,"Via Bologna, San Valentino, Andria, Barletta-Andria-Trani, Puglia, 76123, Italia",TROVATO,nominatim
,,RAGION_X,AGXXX,FR0XX,Via Torino 34,Bergamo,24121,BG,Lombardia,,Nord,Nuovi,"Via Torino 34, 24121 Bergamo, BG, Lombardia, Italia",45.6973011,9.6591775,"Via Torino, San Tomaso de' Calvi, Città Alta, Bergamo, Lombardia, 24112, Italia",TROVATO,nominatim
,,RAGION_X,AGXXX,FR0XX,Via Dante Alighieri 178,Pescara,65121,PE,Abruzzo,,Sud,Nuovi,"Via Dante Alighieri 178, 65121 Pescara, PE, Abruzzo, Italia",42.47005,14.214459,"Via Dante Alighieri, Porta Nuova, Pescara, Abruzzo, 65121, Italia",TROVATO,nominatim
,,RAGION_X,AGXXX,FR0XX,Via Dante Alighieri 102,Enna,94100,EN,Sicilia,,Sud,Nuovi,"Via Dante Alighieri 102, 94100 Enna, EN, Sicilia, Italia",37.5625529,14.2717157,"Via Dante Alighieri, Monte, Enna Bassa, Enna, Sicilia, 94100, Italia",TROVATO,nominatim
,,RAGION_X,AGXXX,FR0XX,Via Vittorio Emanuele II 103,Cuneo,12100,CN,Piemonte,,Nord,Nuovi,"Via Vittorio Emanuele II 103, 12100 Cuneo, CN, Piemonte, Italia",44.6531379,7.8581191,"103, Via Vittorio Emanuele Secondo, Cherasco, Cuneo, Piemonte, 12062, Italia",TROVATO,nominatim
,,RAGION_X,AGXXX,FR0XX,Via Torino 191,Piacenza,29121,PC,Emilia-Romagna,,Nord,Nuovi,"Via Torino 191, 29121 Piacenza, PC, Emilia-Romagna, Italia",45.0605143,9.6312181,"Via Torino, Case Ponte Trebbia, Malpaga, Calendasco, Piacenza, Emilia-Romagna, 29121, Italia",TROVATO,nominatim
,,RAGION_X,AGXXX,FR0XX,Via Torino 52,Pesaro,61121,PU,Marche,,Centro,Nuovi,"Via Torino 52, 61121 Pesaro, PU, Marche, Italia",43.9369274,12.7702904,"Via Torino, Gradara, Pesaro e Urbino, Marche, 61011, Italia",TROVATO,nominatim
,,RAGION_X,AGXXX,FR0XX,Via Trento 39,Reggio Calabria,89121,RC,Calabria,,Sud,Nuovi,"Via Trento 39, 89121 Reggio Calabria, RC, Calabria, Italia",38.1120468,15.6514796,"Via Trento, Reggio di Calabria, Reggio Calabria, Calabria, 89121, Italia",TROVATO,nominatim
,,RAGION_X,AGXXX,FR0XX,Via Giuseppe Mazzini 153,Milano,20121,MI,Lombardia,,Nord,Nuovi,"Via Giuseppe Mazzini 153, 20121 Milano, MI, Lombardia, Italia",45.4634905,9.1885191,"Via Giuseppe Mazzini, Cinque Vie, Cerchia dei Navigli, Municipio 1, Milano, Rodano, Milano, Lombardia, 20123, Italia",TROVATO,nominatim
,,RAGION_X,AGXXX,FR0XX,Piazza Garibaldi 149,Bolzano,39100,BZ,Trentino-Alto Adige,,Nord,Nuovi,"Piazza Garibaldi 149, 39100 Bolzano, BZ, Trentino-Alto Adige, Italia",46.4984781,11.3547399,"Bolzano - Bozen, Trentino-Alto Adige/Südtirol, 39100, Italia",TROVATO_COMUNE,nominatim
,,RAGION_X,AGXXX,FR0XX,Via Camillo Cavour 138,Napoli,80121,,Campania,,Sud,Nuovi,"Via Camillo Cavour 138, 80121 Napoli, , Campania, Italia",40.8085787,14.4885531,"Via Camillo Cavour, Terzigno, Napoli, Campania, 80047, Italia",TROVATO,nominatim
,,RAGION_X,AGXXX,FR0XX,Via Trieste 189,Sondrio,23100,SO,Lombardia,,Nord,Nuovi,"Via Trieste 189, 23100 Sondrio, SO, Lombardia, Italia",46.1695021,9.8738299,"Via Trieste, Scarpatetti, Centro storico, Campoledro, Ponchiera, Sondrio, Comunità montana della Valtellina di Sondrio, Sondrio, Lombardia, 23100, Italia",TROVATO,nominatim
,,RAGION_X,AGXXX,FR0XX,Via Vittorio Emanuele II 62,Trieste,34121,TS,Friuli Venezia Giulia,,Nord,Nuovi,"Via Vittorio Emanuele II 62, 34121 Trieste, TS, Friuli Venezia Giulia, Italia",45.6496485,13.7772781,"Trieste, Friuli-Venezia Giulia, 34121-34151, Italia",TROVATO_COMUNE,nominatim
,,RAGION_X,AGXXX,FR0XX,Via Nazionale 117,Sesto San Giovanni,20099,MI,Lombardia,,Nord,Nuovi,"Via Nazionale 117, 20099 Sesto San Giovanni, MI, Lombardia, Italia",45.5347926,9.2371764,"Sesto San Giovanni, Zona Omogenea Milano Nord, Milano, Lombardia, 20099, Italia",TROVATO_COMUNE,nominatim
,,RAGION_X,AGXXX,FR0XX,Via Goffredo Mameli 57,Palermo,90133,PA,Sicilia,,Sud,Nuovi,"Via Goffredo Mameli 57, 90133 Palermo, PA, Sicilia, Italia",38.1694071,13.2388344,"Via Goffredo Mameli, Villaggio delle More, Capaci, Palermo, Sicilia, 90040, Italia",TROVATO,nominatim
,,RAGION_X,AGXXX,FR0XX,Via Cesare Battisti 183,Nuoro,08100,NU,Sardegna,,Sud,Nuovi,"Via Cesare Battisti 183, 08100 Nuoro, NU, Sardegna, Italia",40.271158,9.4032592,"Via Cesare Battisti, Ulìana/Oliena, Nuoro, Sardigna/Sardegna, 08025, Italia",TROVATO,nominatim
,,RAGION_X,AGXXX,FR0XX,Via Giuseppe Garibaldi 174,Trapani,91100,TP,Sicilia,,Sud,Nuovi,"Via Giuseppe Garibaldi 174, 91100 Trapani, TP, Sicilia, Italia",38.0174757,12.5116251,"Via Giuseppe Garibaldi, Il Palazzo, Trapani, Sicilia, 91100, Italia",TROVATO,nominatim
,,RAGION_X,AGXXX,FR0XX,Piazza Cavour 16,Pinerolo,10064,TO,Piemonte,,Nord,Nuovi,"Piazza Cavour 16, 10064 Pinerolo, TO, Piemonte, Italia",44.8851208,7.3314549,"Piazza Cavour, Abbadia Alpina, Pinerolo, Torino, Piemonte, 10064, Italia",TROVATO,nominatim
,,RAGION_X,AGXXX,FR0XX,Piazza Garibaldi 62,Venezia,30121,VE,Veneto,,Nord,Nuovi,"Piazza Garibaldi 62, 30121 Venezia, VE, Veneto, Italia",45.5749517,12.6723171,"Piazza Giuseppe Garibaldi, Eraclea, Venezia, Veneto, 30020, Italia",TROVATO,nominatim
,,RAGION_X,AGXXX,FR0XX,Via Antonio Gramsci 138,Casoria,80026,,Campania,,Sud,Nuovi,"Via Antonio Gramsci 138, 80026 Casoria, , Campania, Italia",40.9123849,14.3040665,"Via Antonio Gramsci, Cantariello, San Salvatore di Casoria, Cittadella di Casoria, Casoria, Napoli, Campania, 80021, Italia",TROVATO,nominatim
,,RAGION_X,AGXXX,FR0XX,Via Trento 188,Moncalieri,10024,TO,Piemonte,,Nord,Nuovi,"Via Trento 188, 10024 Moncalieri, TO, Piemonte, Italia",45.0097521,7.6599463,"Via Trento, Borgo San Pietro, Moncalieri, Torino, Piemonte, 10024, Italia",TROVATO,nominatim
,,RAGION_X,AGXXX,FR0XX,Via Aldo Moro 198,Reggio Calabria,89121,RC,Calabria,,Sud,Nuovi,"Via Aldo Moro 198, 89121 Reggio Calabria, RC, Calabria, Italia",37.9174225,15.7777423,"Via Aldo Moro, San Leonardo, Melito di Porto Salvo, Reggio Calabria, Calabria, 89063, Italia",TROVATO,nominatim
,,RAGION_X,AGXXX,FR0XX,Via Nazionale 194,Andria,76123,BT,Puglia,,Sud,Nuovi,"Via Nazionale 194, 76123 Andria, BT, Puglia, Italia",41.3038007,16.0710823,"Via Nazionale, San Ferdinando di Puglia, Barletta-Andria-Trani, Puglia, 76017, Italia",TROVATO,nominatim
,,RAGION_X,AGXXX,FR0XX,Via Aldo Moro 145,Battipaglia,84091,SA,Campania,,Sud,Nuovi,"Via Aldo Moro 145, 84091 Battipaglia, SA, Campania, Italia",40.6092539,14.9821443,"Battipaglia, Salerno, Campania, 84091, Italia",TROVATO_COMUNE,nominatim
,,RAGION_X,AGXXX,FR0XX,Corso Vittorio Emanuele 44,Viterbo,01100,VT,Lazio,,Centro,Nuovi,"Corso Vittorio Emanuele 44, 01100 Viterbo, VT, Lazio, Italia",42.2541421,11.7573292,"Monte dei Paschi di Siena, 44, Corso Vittorio Emanuele, Tarquinia, Viterbo, Lazio, 01016, Italia",TROVATO,nominatim
,,RAGION_X,AGXXX,FR0XX,Via Giacomo Matteotti 163,Lucca,55100,LU,Toscana,,Centro,Nuovi,"Via Giacomo Matteotti 163, 55100 Lucca, LU, Toscana, Italia",43.8448323,10.47716,"Via Giacomo Matteotti, Corte Dovichetti, San Concordio, Sant'Angelo in Campo, Lucca, Toscana, 55060, Italia",TROVATO,nominatim
,,RAGION_X,AGXXX,FR0XX,Via Leonardo da Vinci 104,Livorno,57121,LI,Toscana,,Centro,Nuovi,"Via Leonardo da Vinci 104, 57121 Livorno, LI, Toscana, Italia",43.5725744,10.3190954,"Via Leonardo da Vinci, Consiglio di Zona 1, Livorno, Toscana, 57100, Italia",TROVATO,nominatim
,,RAGION_X,AGXXX,FR0XX,Via Torino 41,Gallarate,21013,VA,Lombardia,,Nord,Nuovi,"Via Torino 41, 21013 Gallarate, VA, Lombardia, Italia",45.6564306,8.7988933,"Via Torino, Centro, Gallarate, Varese, Lombardia, 21013, Italia",TROVATO,nominatim
,,RAGION_X,AGXXX,FR0XX,Via Guglielmo Marconi 148,Latina,04100,LT,Lazio,,Centro,Nuovi,"Via Guglielmo Marconi 148, 04100 Latina, LT, Lazio, Italia",41.579898,12.840548,"Via Guglielmo Marconi, Cerciabella, Cisterna di Latina, Latina, Lazio, 04012, Italia",TROVATO,nominatim
,,RAGION_X,AGXXX,FR0XX,Via Giacomo Matteotti 74,Imperia,18100,IM,Liguria,,Nord,Nuovi,"Via Giacomo Matteotti 74, 18100 Imperia, IM, Liguria, Italia",43.8702742,7.5523269,"74, Via Giacomo Matteotti, Airole, Provincia di Imperia, Liguria, 18030, Italia",TROVATO,nominatim
,,RAGION_X,AGXXX,FR0XX,Via Firenze 128,Brindisi,72100,BR,Puglia,,Sud,Nuovi,"Via Firenze 128, 72100 Brindisi, BR, Puglia, Italia",40.483892,17.9943437,"Via Firenze, San Pietro Vernotico, Brindisi, Puglia, 72027, Italia",TROVATO,nominatim
,,RAGION_X,AGXXX,FR0XX,Via Bologna 92,Ancona,60121,AN,Marche,,Centro,Nuovi,"Via Bologna 92, 60121 Ancona, AN, Marche, Italia",43.4958209,13.6229333,"Via Bologna, Villaggio Taunus, Marcelli, Numana, Ancona, Marche, 60026, Italia",TROVATO,nominatim
,,RAGION_X,AGXXX,FR0XX,Via Giuseppe Mazzini 187,Ravenna,48121,RA,Emilia-Romagna,,Nord,Nuovi,"Via Giuseppe Mazzini 187, 48121 Ravenna, RA, Emilia-Romagna, Italia",44.4133761,12.2012144,"Via Giuseppe Mazzini, San Rocco, Ravenna, Emilia-Romagna, 48121, Italia",TROVATO,nominatim
,,RAGION_X,AGXXX,FR0XX,Via Aldo Moro 10,Lecco,23900,LC,Lombardia,,Nord,Nuovi,"Via Aldo Moro 10, 23900 Lecco, LC, Lombardia, Italia",45.8652274,9.389736,"Via Aldo Moro, Santo Stefano, Castello, Lecco, Lombardia, 23900, Italia",TROVATO,nominatim
,,RAGION_X,AGXXX,FR0XX,Via Trento 175,Guidonia Montecelio,00012,RM,Lazio,,Centro,Nuovi,"Via Trento 175, 00012 Guidonia Montecelio, RM, Lazio, Italia",41.9768065,12.7289705,"Via Trento, Casali di Sant'Antonio, Guidonia, Guidonia Montecelio, Roma Capitale, Lazio, 00012, Italia",TROVATO,nominatim
,,RAGION_X,AGXXX,FR0XX,Via Leonardo da Vinci 63,Giugliano in Campania,80014,,Campania,,Sud,Nuovi,"Via Leonardo da Vinci 63, 80014 Giugliano in Campania, , Campania, Italia",40.9283217,14.2011232,"Giugliano in Campania, Napoli, Campania, 80014, Italia",TROVATO_COMUNE,nominatim
,,RAGION_X,AGXXX,FR0XX,Via Antonio Gramsci 122,Gorizia,34170,GO,Friuli Venezia Giulia,,Nord,Nuovi,"Via Antonio Gramsci 122, 34170 Gorizia, GO, Friuli Venezia Giulia, Italia",45.9491277,13.6087612,"Via Antonio Gramsci, Straccis / Stražice, Piuma / Pevma, Gorizia, Gorizia / Gurize / Gorica, Friuli-Venezia Giulia, 34170, Italia",TROVATO,nominatim
,,RAGION_X,AGXXX,FR0XX,Via Giuseppe Garibaldi 93,Alessandria,15121,AL,Piemonte,,Nord,Nuovi,"Via Giuseppe Garibaldi 93, 15121 Alessandria, AL, Piemonte, Italia",44.8598432,8.4834878,"Via Giuseppe Garibaldi, Oviglio, Alessandria, Piemonte, 15026, Italia",TROVATO,nominatim
,,RAGION_X,AGXXX,FR0XX,Via Alessandro Manzoni 103,Biella,13900,BI,Piemonte,,Nord,Nuovi,"Via Alessandro Manzoni 103, 13900 Biella, BI, Piemonte, Italia",45.5176046,8.0708384,"Via Alessandro Manzoni, Aunei, Sandigliano, Biella, Piemonte, 13876, Italia",TROVATO,nominatim
,,RAGION_X,AGXXX,FR0XX,Via Giuseppe Mazzini 118,Merano,39012,BZ,Trentino-Alto Adige,,Nord,Nuovi,"Via Giuseppe Mazzini 118, 39012 Merano, BZ, Trentino-Alto Adige, Italia",46.6713536,11.1646348,"Meran - Merano, Burggrafenamt - Burgraviato, Bolzano - Bozen, Trentino-Alto Adige/Südtirol, 39012, Italia",TROVATO_COMUNE,nominatim
,,RAGION_X,AGXXX,FR0XX,Via Roma 142,Verona,37121,VR,Veneto,,Nord,Nuovi,"Via Roma 142, 37121 Verona, VR, Veneto, Italia",45.4383892,10.9916432,"Via Roma, Cittadella, Centro storico, Verona, Veneto, 37122, Italia",TROVATO,nominatim
,,RAGION_X,AGXXX,FR0XX,Via Giuseppe Mazzini 78,Bologna,40121,BO,Emilia-Romagna,,Nord,Nuovi,"Via Giuseppe Mazzini 78, 40121 Bologna, BO, Emilia-Romagna, Italia",44.4888028,11.36131,"78, Via Giuseppe Mazzini, Murri, Santo Stefano, Bologna, Emilia-Romagna, 40138, Italia",TROVATO,nominatim
,,RAGION_X,AGXXX,FR0XX,Via Antonio Gramsci 52,Cerignola,71042,FG,Puglia,,Sud,Nuovi,"Via Antonio Gramsci 52, 71042 Cerignola, FG, Puglia, Italia",41.2648121,15.8996651,"Cerignola, Foggia, Puglia, 71042, Italia",TROVATO_COMUNE,nominatim
,,RAGION_X,AGXXX,FR0XX,Via Giuseppe Garibaldi 162,Bari,70121,BA,Puglia,,Sud,Nuovi,"Via Giuseppe Garibaldi 162, 70121 Bari, BA, Puglia, Italia",41.0629831,16.9219827,"Via Giuseppe Garibaldi, Triggiano, Bari, Puglia, 70019, Italia",TROVATO,nominatim
,,RAGION_X,AGXXX,FR0XX,Via Bologna 200,Mantova,46100,MN,Lombardia,,Nord,Nuovi,"Via Bologna 200, 46100 Mantova, MN, Lombardia, Italia",45.171741,10.8377763,"Via Bologna, Tripoli, Mottella, San Giorgio Bigarello, Mantova, Lombardia, 46030, Italia",TROVATO,nominatim
,,RAGION_X,AGXXX,FR0XX,Via Torino 207,Rivoli,10098,TO,Piemonte,,Nord,Nuovi,"Via Torino 207, 10098 Rivoli, TO, Piemonte, Italia",45.0669197,7.5592543,"Via Chivasso, Zona industriale di Rivoli, Cascine Vica, Tetti Neirotti, Rivoli, Torino, Piemonte, 10098, Italia",TROVATO,nominatim
,,RAGION_X,AGXXX,FR0XX,Via Roma 143,Bisceglie,76011,BT,Puglia,,Sud,Nuovi,"Via Roma 143, 76011 Bisceglie, BT, Puglia, Italia",41.2388931,16.4977136,"Via Roma, Bisceglie, Barletta-Andria-Trani, Puglia, 76011, Italia",TROVATO,nominatim
,,RAGION_X,AGXXX,FR0XX,Via Roma 2,Lecce,73100,LE,Puglia,,Sud,Nuovi,"Via Roma 2, 73100 Lecce, LE, Puglia, Italia",40.1212088,18.298805,"2, Via Roma, Maglie, Lecce, Puglia, 73024, Italia",TROVATO,nominatim
,,RAGION_X,AGXXX,FR0XX,Via Guglielmo Marconi 109,Gela,93012,CL,Sicilia,,Sud,Nuovi,"Via Guglielmo Marconi 109, 93012 Gela, CL, Sicilia, Italia",37.0659237,14.2522777,"Via Guglielmo Marconi, Quartiere Sant'Agostino, Gela, Caltanissetta, Sicilia, 93012, Italia",TROVATO,nominatim
,,RAGION_X,AGXXX,FR0XX,Corso Vittorio Emanuele 150,Civitavecchia,00053,RM,Lazio,,Centro,Nuovi,"Corso Vittorio Emanuele 150, 00053 Civitavecchia, RM, Lazio, Italia",42.0937524,11.7922462,"Civitavecchia, Roma Capitale, Lazio, 00053, Italia",TROVATO_COMUNE,nominatim
,,RAGION_X,AGXXX,FR0XX,Via Dante Alighieri 92,Novara,28100,NO,Piemonte,,Nord,Nuovi,"Via Dante Alighieri 92, 28100 Novara, NO, Piemonte, Italia",45.4651409,8.5581003,"Via Dante Alighieri, San Pietro Mosezzo, Novara, Piemonte, 28100, Italia",TROVATO,nominatim
,,RAGION_X,AGXXX,FR0XX,Via Guglielmo Marconi 70,Bisceglie,76011,BT,Puglia,,Sud,Nuovi,"Via Guglielmo Marconi 70, 76011 Bisceglie, BT, Puglia, Italia",41.24072,16.5028292,"Via Guglielmo Marconi, Bisceglie, Barletta-Andria-Trani, Puglia, 76011, Italia",TROVATO,nominatim
,,RAGION_X,AGXXX,FR0XX,Via Milano 72,Ragusa,97100,RG,Sicilia,,Sud,Nuovi,"Via Milano 72, 97100 Ragusa, RG, Sicilia, Italia",36.781651,14.5331394,"Via Milano, Marina di Ragusa, Ragusa, Sicilia, 97100, Italia",TROVATO,nominatim
,,RAGION_X,AGXXX,FR0XX,Via Firenze 79,Castellammare di Stabia,80053,,Campania,,Sud,Nuovi,"Via Firenze 79, 80053 Castellammare di Stabia, , Campania, Italia",40.6943046,14.4804813,"Castellammare di Stabia, Napoli, Campania, 80053, Italia",TROVATO_COMUNE,nominatim
,,RAGION_X,AGXXX,FR0XX,Via Torino 163,Merano,39012,BZ,Trentino-Alto Adige,,Nord,Nuovi,"Via Torino 163, 39012 Merano, BZ, Trentino-Alto Adige, Italia",46.6713536,11.1646348,"Meran - Merano, Burggrafenamt - Burgraviato, Bolzano - Bozen, Trentino-Alto Adige/Südtirol, 39012, Italia",TROVATO_COMUNE,nominatim
,,RAGION_X,AGXXX,FR0XX,Via Milano 192,Biella,13900,BI,Piemonte,,Nord,Nuovi,"Via Milano 192, 13900 Biella, BI, Piemonte, Italia",45.5628635,8.1054127,"192, Via Milano, Amosso, Vigliano Biellese, Biella, Piemonte, 13856, Italia",TROVATO,nominatim
,,RAGION_X,AGXXX,FR0XX,Piazza Garibaldi 28,Merano,39012,BZ,Trentino-Alto Adige,,Nord,Nuovi,"Piazza Garibaldi 28, 39012 Merano, BZ, Trentino-Alto Adige, Italia",46.6713536,11.1646348,"Meran - Merano, Burggrafenamt - Burgraviato, Bolzano - Bozen, Trentino-Alto Adige/Südtirol, 39012, Italia",TROVATO_COMUNE,nominatim
,,RAGION_X,AGXXX,FR0XX,Via XX Settembre 91,Taranto,74121,TA,Puglia,,Sud,Nuovi,"Via XX Settembre 91, 74121 Taranto, TA, Puglia, Italia",40.472293,17.2405909,"Via Venti Settembre, Taranto, Puglia, 74100, Italia",TROVATO,nominatim
,,RAGION_X,AGXXX,FR0XX,Via San Francesco 192,Imola,40026,BO,Emilia-Romagna,,Nord,Nuovi,"Via San Francesco 192, 40026 Imola, BO, Emilia-Romagna, Italia",44.3544942,11.697034,"Via San Francesco d'Assisi, Cappuccini, Piratello, Imola, Nuovo Circondario Imolese, Bologna, Emilia-Romagna, 40026, Italia",TROVATO,nominatim
,,RAGION_X,AGXXX,FR0XX,Piazza Garibaldi 199,Barletta,76121,BT,Puglia,,Sud,Nuovi,"Piazza Garibaldi 199, 76121 Barletta, BT, Puglia, Italia",41.2767779,16.415891,"Piazza Giuseppe Garibaldi, Trani, Barletta-Andria-Trani, Puglia, 76125, Italia",TROVATO,nominatim
,,RAGION_X,AGXXX,FR0XX,Via della Repubblica 210,Bolzano,39100,BZ,Trentino-Alto Adige,,Nord,Nuovi,"Via della Repubblica 210, 39100 Bolzano, BZ, Trentino-Alto Adige, Italia",46.4984781,11.3547399,"Bolzano - Bozen, Trentino-Alto Adige/Südtirol, 39100, Italia",TROVATO_COMUNE,nominatim
,,RAGION_X,AGXXX,FR0XX,Via Nazionale 168,Macerata,62100,MC,Marche,,Centro,Nuovi,"Via Nazionale 168, 62100 Macerata, MC, Marche, Italia",43.2555305,13.414186,"Via Nazionale, Sforzacosta, Macerata, Marche, 62100, Italia",TROVATO,nominatim
,,RAGION_X,AGXXX,FR0XX,Via Aldo Moro 160,Foligno,06034,PG,Umbria,,Centro,Nuovi,"Via Aldo Moro 160, 06034 Foligno, PG, Umbria, Italia",42.9559744,12.7034782,"Foligno, Perugia, Umbria, 06034, Italia",TROVATO_COMUNE,nominatim
,,RAGION_X,AGXXX,FR0XX,Piazza Cavour 178,Alghero,07041,SS,Sardegna,,Sud,Nuovi,"Piazza Cavour 178, 07041 Alghero, SS, Sardegna, Italia",40.5587291,8.3153206,"l'Alguer/Alghero, Tàttari/Sassari, Sardigna/Sardegna, Italia",TROVATO_COMUNE,nominatim
,,RAGION_X,AGXXX,FR0XX,Piazza Garibaldi 59,Settimo Torinese,10036,TO,Piemonte,,Nord,Nuovi,"Piazza Garibaldi 59, 10036 Settimo Torinese, TO, Piemonte, Italia",45.1372206,7.7712531,"Settimo Torinese, Torino, Piemonte, 10036, Italia",TROVATO_COMUNE,nominatim
,,RAGION_X,AGXXX,FR0XX,Via Torino 71,Palermo,90133,PA,Sicilia,,Sud,Nuovi,"Via Torino 71, 90133 Palermo, PA, Sicilia, Italia",38.1112429,13.365303,"Via Torino, Kalsa, I Circoscrizione, Palermo, Sicilia, 90140, Italia",TROVATO,nominatim
,,RAGION_X,AGXXX,FR0XX,Via Nazionale 62,Monopoli,70043,BA,Puglia,,Sud,Nuovi,"Via Nazionale 62, 70043 Monopoli, BA, Puglia, Italia",40.9522369,17.299948,"Monopoli, Bari, Puglia, Italia",TROVATO_COMUNE,nominatim
,,RAGION_X,AGXXX,FR0XX,Via Camillo Cavour 180,Carbonia,09013,SU,Sardegna,,Sud,Nuovi,"Via Camillo Cavour 180, 09013 Carbonia, SU, Sardegna, Italia",39.165332,8.527834,"Carbonia, Sulcis Iglesiente, Sardigna/Sardegna, 09013, Italia",TROVATO_COMUNE,nominatim
,,RAGION_X,AGXXX,FR0XX,Piazza Garibaldi 93,Moncalieri,10024,TO,Piemonte,,Nord,Nuovi,"Piazza Garibaldi 93, 10024 Moncalieri, TO, Piemonte, Italia",45.0007368,7.6800679,"Piazza Giuseppe Garibaldi, Borgo Navile, Moncalieri, Torino, Piemonte, 10024, Italia",TROVATO,nominatim
,,RAGION_X,AGXXX,FR0XX,Via Guglielmo Marconi 17,Pesaro,61121,PU,Marche,,Centro,Nuovi,"Via Guglielmo Marconi 17, 61121 Pesaro, PU, Marche, Italia",43.818166,12.8102258,"Via Guglielmo Marconi, Monteciccardo, Pesaro, Pesaro e Urbino, Marche, 61025, Italia",TROVATO,nominatim
,,RAGION_X,AGXXX,FR0XX,Via Camillo Cavour 116,Rovigo,45100,RO,Veneto,,Nord,Nuovi,"Via Camillo Cavour 116, 45100 Rovigo, RO, Veneto, Italia",45.0698219,11.7913208,"Via Camillo Benso Conte di Cavour, San Bortolo, Rovigo, Veneto, 45100, Italia",TROVATO,nominatim
,,RAGION_X,AGXXX,FR0XX,Via Alessandro Manzoni 90,Messina,98121,ME,Sicilia,,Sud,Nuovi,"Via Alessandro Manzoni 90, 98121 Messina, ME, Sicilia, Italia",38.2066424,15.5548101,"Via Alessandro Manzoni, Muricello, Gravitelli, IV Circoscrizione, Messina, Sicilia, 98121, Italia",TROVATO,nominatim
,,RAGION_X,AGXXX,FR0XX,Via Guglielmo Marconi 6,Caserta,81100,CE,Campania,,Sud,Nuovi,"Via Guglielmo Marconi 6, 81100 Caserta, CE, Campania, Italia",41.0733535,14.3498656,"Via Guglielmo Marconi, Caserta, Parco degli Aranci, Falciano, Tuoro, Caserta, Campania, 81020, Italia",TROVATO,nominatim
,,RAGION_X,AGXXX,FR0XX,Via Cesare Battisti 109,Mestre,30171,VE,Veneto,,Nord,Nuovi,"Via Cesare Battisti 109, 30171 Mestre, VE, Veneto, Italia",45.4928417,12.2397045,"Via Cesare Battisti, Carpenedo, Mestre-Carpenedo, Mestre, Venezia, Veneto, 30170, Italia",TROVATO,nominatim
,,RAGION_X,AGXXX,FR0XX,Via Giuseppe Mazzini 145,Olbia,07026,SS,Sardegna,,Sud,Nuovi,"Via Giuseppe Mazzini 145, 07026 Olbia, SS, Sardegna, Italia",40.7219767,8.5669667,"Via Olbia, Cappuccini, Tàttari/Sassari, Sardigna/Sardegna, 07100, Italia",TROVATO_COMUNE,nominatim
,,RAGION_X,AGXXX,FR0XX,Via Venezia 158,Fermo,63900,FM,Marche,,Centro,Nuovi,"Via Venezia 158, 63900 Fermo, FM, Marche, Italia",43.1907027,13.7900371,"Via Venezia, Porto San Giorgio, Fermo, Marche, 63822, Italia",TROVATO,nominatim
,,RAGION_X,AGXXX,FR0XX,Via Nazionale 48,Padova,35121,PD,Veneto,,Nord,Nuovi,"Via Nazionale 48, 35121 Padova, PD, Veneto, Italia",45.190598,11.7558536,"Via Nazionale, Arteselle, Solesino, Padova, Veneto, 35047, Italia",TROVATO,nominatim
,,RAGION_X,AGXXX,FR0XX,Via Bologna 192,Rapallo,16035,GE,Liguria,,Nord,Nuovi,"Via Bologna 192, 16035 Rapallo, GE, Liguria, Italia",44.3492083,9.2316102,"Rapallo, Genova, Liguria, 16035, Italia",TROVATO_COMUNE,nominatim
,,RAGION_X,AGXXX,FR0XX,Via Guglielmo Marconi 108,Imola,40026,BO,Emilia-Romagna,,Nord,Nuovi,"Via Guglielmo Marconi 108, 40026 Imola, BO, Emilia-Romagna, Italia",44.3535145,11.7141233,"Imola, Nuovo Circondario Imolese, Bologna, Emilia-Romagna, 40026, Italia",TROVATO_COMUNE,nominatim
,,RAGION_X,AGXXX,FR0XX,Via Leonardo da Vinci 87,Caltanissetta,93100,CL,Sicilia,,Sud,Nuovi,"Via Leonardo da Vinci 87, 93100 Caltanissetta, CL, Sicilia, Italia",37.475389,14.052903,"Via Leonardo da Vinci, San Luca, Caltanissetta, Sicilia, 93100, Italia",TROVATO,nominatim
,,RAGION_X,AGXXX,FR0XX,Via XX Settembre 194,Napoli,80121,,Campania,,Sud,Nuovi,"Via XX Settembre 194, 80121 Napoli, , Campania, Italia",40.8913312,14.2165132,"Via venti Settembre, Chiaiano, Municipalità 8, Cupa Spinelli, Napoli, Campania, 80145, Italia",TROVATO,nominatim
,,RAGION_X,AGXXX,FR0XX,Via Giuseppe Garibaldi 169,Foggia,71121,FG,Puglia,,Sud,Nuovi,"Via Giuseppe Garibaldi 169, 71121 Foggia, FG, Puglia, Italia",41.3170625,15.6289433,"Via Giuseppe Garibaldi, Ordona, Foggia, Puglia, 71040, Italia",TROVATO,nominatim
,,RAGION_X,AGXXX,FR0XX,Via Torino 84,Fiumicino,00054,RM,Lazio,,Centro,Nuovi,"Via Torino 84, 00054 Fiumicino, RM, Lazio, Italia",41.7712145,12.2278855,"Fiumicino, Roma Capitale, Lazio, Italia",TROVATO_COMUNE,nominatim
,,RAGION_X,AGXXX,FR0XX,Via Leonardo da Vinci 82,Civitanova Marche,62012,MC,Marche,,Centro,Nuovi,"Via Leonardo da Vinci 82, 62012 Civitanova Marche, MC, Marche, Italia",43.3117859,13.7279383,"Via Leonardo da Vinci, Centro, Civitanova Marche, Macerata, Marche, 62012, Italia",TROVATO,nominatim
,,RAGION_X,AGXXX,FR0XX,Via Vittorio Emanuele II 164,Chiavari,16043,GE,Liguria,,Nord,Nuovi,"Via Vittorio Emanuele II 164, 16043 Chiavari, GE, Liguria, Italia",44.3175701,9.3244561,"Chiavari, Genova, Liguria, 16043, Italia",TROVATO_COMUNE,nominatim
,,RAGION_X,AGXXX,FR0XX,Via Milano 194,Rapallo,16035,GE,Liguria,,Nord,Nuovi,"Via Milano 194, 16035 Rapallo, GE, Liguria, Italia",44.3492083,9.2316102,"Rapallo, Genova, Liguria, 16035, Italia",TROVATO_COMUNE,nominatim
,,RAGION_X,AGXXX,FR0XX,Via Camillo Cavour 38,Guidonia Montecelio,00012,RM,Lazio,,Centro,Nuovi,"Via Camillo Cavour 38, 00012 Guidonia Montecelio, RM, Lazio, Italia",41.9842734,12.6953191,"Guidonia Montecelio, Roma Capitale, Lazio, Italia",TROVATO_COMUNE,nominatim
,,RAGION_X,AGXXX,FR0XX,Via Vittorio Emanuele II 178,Carpi,41012,MO,Emilia-Romagna,,Nord,Nuovi,"Via Vittorio Emanuele II 178, 41012 Carpi, MO, Emilia-Romagna, Italia",44.7835699,10.8854523,"Carpi, Unione delle Terre d'Argine, Modena, Emilia-Romagna, Italia",TROVATO_COMUNE,nominatim
,,RAGION_X,AGXXX,FR0XX,Via Antonio Gramsci 173,Chiavari,16043,GE,Liguria,,Nord,Nuovi,"Via Antonio Gramsci 173, 16043 Chiavari, GE, Liguria, Italia",44.3175701,9.3244561,"Chiavari, Genova, Liguria, 16043, Italia",TROVATO_COMUNE,nominatim
,,RAGION_X,AGXXX,FR0XX,Via Vittorio Emanuele II 46,Vicenza,36100,VI,Veneto,,Nord,Nuovi,"Via Vittorio Emanuele II 46, 36100 Vicenza, VI, Veneto, Italia",45.6329676,11.5804274,"Via Vittorio Emanuele II, Povolaro, Dueville, Vicenza, Veneto, 36031, Italia",TROVATO,nominatim
,,RAGION_X,AGXXX,FR0XX,Via Nazionale 80,Trieste,34121,TS,Friuli Venezia Giulia,,Nord,Nuovi,"Via Nazionale 80, 34121 Trieste, TS, Friuli Venezia Giulia, Italia",45.6796987,13.7812715,"Via Nazionale, Sottomonte, Altipiano Est, Opicina / Opčine, Trieste, Friuli-Venezia Giulia, 34135, Italia",TROVATO,nominatim
,,RAGION_X,AGXXX,FR0XX,Via Aldo Moro 220,Oristano,09170,OR,Sardegna,,Sud,Nuovi,"Via Aldo Moro 220, 09170 Oristano, OR, Sardegna, Italia",39.875261,8.6131449,"Via Aldo Moro, Santa Justa/Santa Giusta, Aristanis/Oristano, Sardigna/Sardegna, 09096, Italia",TROVATO,nominatim
,,RAGION_X,AGXXX,FR0XX,Corso Vittorio Emanuele 55,Collegno,10093,TO,Piemonte,,Nord,Nuovi,"Corso Vittorio Emanuele 55, 10093 Collegno, TO, Piemonte, Italia",45.0775473,7.5724262,"Collegno, Torino, Piemonte, Italia",TROVATO_COMUNE,nominatim
,,RAGION_X,AGXXX,FR0XX,Via Trieste 63,Altamura,70022,BA,Puglia,,Sud,Nuovi,"Via Trieste 63, 70022 Altamura, BA, Puglia, Italia",40.8277495,16.5570843,"Via Trieste, Altamura, Bari, Puglia, 70022, Italia",TROVATO,nominatim
,,RAGION_X,AGXXX,FR0XX,Corso Italia 132,Caserta,81100,CE,Campania,,Sud,Nuovi,"Corso Italia 132, 81100 Caserta, CE, Campania, Italia",40.9991371,14.1841983,"Corso Italia, Frignano, Caserta, Campania, 81030, Italia",TROVATO,nominatim
,,RAGION_X,AGXXX,FR0XX,Via Venezia 59,Alessandria,15121,AL,Piemonte,,Nord,Nuovi,"Via Venezia 59, 15121 Alessandria, AL, Piemonte, Italia",44.9154816,8.6200432,"Via Venezia, Alessandria, Piemonte, 15121, Italia",TROVATO,nominatim
,,RAGION_X,AGXXX,FR0XX,Via Giuseppe Mazzini 34,Rivoli,10098,TO,Piemonte,,Nord,Nuovi,"Via Giuseppe Mazzini 34, 10098 Rivoli, TO, Piemonte, Italia",45.067298,7.5158838,"34, Via Giuseppe Mazzini, Borgo Uriola, Tetti Neirotti, Rivoli, Torino, Piemonte, 10098, Italia",TROVATO,nominatim
,,RAGION_X,AGXXX,FR0XX,Via Trieste 71,Siena,53100,SI,Toscana,,Centro,Nuovi,"Via Trieste 71, 53100 Siena, SI, Toscana, Italia",43.4660037,11.1478651,"Via Trieste, Calcinaia, Poggibonsi, Siena, Toscana, 53036, Italia",TROVATO,nominatim
,,RAGION_X,AGXXX,FR0XX,Via Vittorio Emanuele II 119,Arezzo,52100,AR,Toscana,,Centro,Nuovi,"Via Vittorio Emanuele II 119, 52100 Arezzo, AR, Toscana, Italia",43.4852713,12.1113268,"Via Vittorio Emanuele II, Monterchi, Pocaia, Monterchi, Arezzo, Toscana, 52035, Italia",TROVATO,nominatim
,,RAGION_X,AGXXX,FR0XX,Corso Vittorio Emanuele 56,Novara,28100,NO,Piemonte,,Nord,Nuovi,"Corso Vittorio Emanuele 56, 28100 Novara, NO, Piemonte, Italia",45.4464036,8.619655,"Novara, Piemonte, 28100, Italia",TROVATO_COMUNE,nominatim
,,RAGION_X,AGXXX,FR0XX,Via Giacomo Matteotti 139,Avellino,83100,AV,Campania,,Sud,Nuovi,"Via Giacomo Matteotti 139, 83100 Avellino, AV, Campania, Italia",40.9129533,14.7909441,"Via Giacomo Matteotti, Santa Maria delle Grazie, Avellino, Campania, 83100, Italia",TROVATO,nominatim
,,RAGION_X,AGXXX,FR0XX,Via Alessandro Manzoni 36,Bagheria,90011,PA,Sicilia,,Sud,Nuovi,"Via Alessandro Manzoni 36, 90011 Bagheria, PA, Sicilia, Italia",38.079351,13.509349,"Bagheria, Palermo, Sicilia, 90011, Italia",TROVATO_COMUNE,nominatim
,,RAGION_X,AGXXX,FR0XX,Via Cesare Battisti 19,Civitanova Marche,62012,MC,Marche,,Centro,Nuovi,"Via Cesare Battisti 19, 62012 Civitanova Marche, MC, Marche, Italia",43.3042003,13.7325065,"19, Via Cesare Battisti, Stadio, Centro, Civitanova Marche, Macerata, Marche, 62012, Italia",TROVATO,nominatim
,,RAGION_X,AGXXX,FR0XX,Via XX Settembre 110,Bagheria,90011,PA,Sicilia,,Sud,Nuovi,"Via XX Settembre 110, 90011 Bagheria, PA, Sicilia, Italia",38.0798945,13.5100714,"Via Venti Settembre, Centro storico, Scalidda, Bagheria, Palermo, Sicilia, 90011, Italia",TROVATO,nominatim
,,RAGION_X,AGXXX,FR0XX,Via Goffredo Mameli 143,Venezia,30121,VE,Veneto,,Nord,Nuovi,"Via Goffredo Mameli 143, 30121 Venezia, VE, Veneto, Italia",45.4719409,12.2177864,"Via Goffredo Mameli, Catene, Marghera, Venezia, Veneto, 30175, Italia",TROVATO,nominatim
,,RAGION_X,AGXXX,FR0XX,Via Torino 125,Rende,87036,CS,Calabria,,Sud,Nuovi,"Via Torino 125, 87036 Rende, CS, Calabria, Italia",39.3256838,16.2416669,"Via Torino, Roges, Rende, Cosenza, Calabria, 87036, Italia",TROVATO,nominatim
,,RAGION_X,AGXXX,FR0XX,Piazza Garibaldi 191,Padova,35121,PD,Veneto,,Nord,Nuovi,"Piazza Garibaldi 191, 35121 Padova, PD, Veneto, Italia",45.4089635,11.877892,"Piazza Giuseppe Garibaldi, Arcella, Padova, Veneto, 35100, Italia",TROVATO,nominatim
,,RAGION_X,AGXXX,FR0XX,Via della Repubblica 218,Andria,76123,BT,Puglia,,Sud,Nuovi,"Via della Repubblica 218, 76123 Andria, BT, Puglia, Italia",41.3177054,16.2636874,"Via della Repubblica, Barletta, Barletta-Andria-Trani, Puglia, 76121, Italia",TROVATO,nominatim
,,RAGION_X,AGXXX,FR0XX,Via Roma 179,Gela,93012,CL,Sicilia,,Sud,Nuovi,"Via Roma 179, 93012 Gela, CL, Sicilia, Italia",37.0664363,14.2502445,"Gela, Caltanissetta, Sicilia, 93012, Italia",TROVATO_COMUNE,nominatim
,,RAGION_X,AGXXX,FR0XX,Via Trento 120,Rapallo,16035,GE,Liguria,,Nord,Nuovi,"Via Trento 120, 16035 Rapallo, GE, Liguria, Italia",44.3512164,9.2249517,"Via Trento, Cerisola, San Michele di Pagana, Rapallo, Genova, Liguria, 16035, Italia",TROVATO,nominatim
,,RAGION_X,AGXXX,FR0XX,Via Leonardo da Vinci 190,Massa,54100,MS,Toscana,,Centro,Nuovi,"Via Leonardo da Vinci 190, 54100 Massa, MS, Toscana, Italia",44.2059609,10.0110115,"Via Leonardo da Vinci, Barisello, Serricciolo, Aulla, Unione di comuni Montana Lunigiana, Massa-Carrara, Toscana, 54011, Italia",TROVATO,nominatim
,,RAGION_X,AGXXX,FR0XX,Via Camillo Cavour 182,Settimo Torinese,10036,TO,Piemonte,,Nord,Nuovi,"Via Camillo Cavour 182, 10036 Settimo Torinese, TO, Piemonte, Italia",45.1387984,7.7695666,"Via Camillo Benso Conte di Cavour, Settimo Torinese, Torino, Piemonte, 10036, Italia",TROVATO,nominatim
,,RAGION_X,AGXXX,FR0XX,Via Giuseppe Verdi 1,Belluno,32100,BL,Veneto,,Nord,Nuovi,"Via Giuseppe Verdi 1, 32100 Belluno, BL, Veneto, Italia",46.0966768,12.0825258,"Via Giuseppe Verdi, Villa Brosa, Bribano, Sedico, Belluno, Veneto, 32036, Italia",TROVATO,nominatim
,,RAGION_X,AGXXX,FR0XX,Via Trento 172,Città di Castello,06012,PG,Umbria,,Centro,Nuovi,"Via Trento 172, 06012 Città di Castello, PG, Umbria, Italia",43.37664,12.2374333,"Via Trento, Fabbrecce, Trestina, Città di Castello, Perugia, Umbria, 06018, Italia",TROVATO,nominatim
,,RAGION_X,AGXXX,FR0XX,Via Firenze 27,Sesto Fiorentino,50019,FI,Toscana,,Centro,Nuovi,"Via Firenze 27, 50019 Sesto Fiorentino, FI, Toscana, Italia",43.8437097,11.2002306,"Via Firenze, Borgo Tantola, Querceto, Sesto Fiorentino, Firenze, Toscana, 50019, Italia",TROVATO,nominatim
,,RAGION_X,AGXXX,FR0XX,Corso Italia 69,Isernia,86170,IS,Molise,,Sud,Nuovi,"Corso Italia 69, 86170 Isernia, IS, Molise, Italia",41.7430144,14.2368271,"Corso Italia, Villa San Michele, Vastogirardi, Isernia, Molise, 86089, Italia",TROVATO,nominatim
,,RAGION_X,AGXXX,FR0XX,Piazza Cavour 31,Benevento,82100,BN,Campania,,Sud,Nuovi,"Piazza Cavour 31, 82100 Benevento, BN, Campania, Italia",41.1295587,14.7824639,"Benevento, Campania, 82100, Italia",TROVATO_COMUNE,nominatim
,,RAGION_X,AGXXX,FR0XX,Via Nazionale 113,Marsala,91025,TP,Sicilia,,Sud,Nuovi,"Via Nazionale 113, 91025 Marsala, TP, Sicilia, Italia",37.7979221,12.4342091,"Marsala, Trapani, Sicilia, 91025, Italia",TROVATO_COMUNE,nominatim
,,RAGION_X,AGXXX,FR0XX,Via Milano 76,Pesaro,61121,PU,Marche,,Centro,Nuovi,"Via Milano 76, 61121 Pesaro, PU, Marche, Italia",43.9095998,12.8952896,"Via Milano, Soria, Villa San Martino, Pesaro, Pesaro e Urbino, Marche, 61121, Italia",TROVATO,nominatim
,,RAGION_X,AGXXX,FR0XX,Via Goffredo Mameli 197,Firenze,50121,FI,Toscana,,Centro,Nuovi,"Via Goffredo Mameli 197, 50121 Firenze, FI, Toscana, Italia",43.7823864,11.2793693,"Via Goffredo Mameli, Campo di Marte, Quartiere 2, Firenze, Toscana, 50137, Italia",TROVATO,nominatim
,,RAGION_X,AGXXX,FR0XX,Via XX Settembre 29,Torre del Greco,80059,,Campania,,Sud,Nuovi,"Via XX Settembre 29, 80059 Torre del Greco, , Campania, Italia",40.7852935,14.3714073,"Via Venti Settembre, Sant'Antonio, Torre del Greco, Napoli, Campania, 80056, Italia",TROVATO,nominatim
,,RAGION_X,AGXXX,FR0XX,Via Giuseppe Verdi 83,Castellammare di Stabia,80053,,Campania,,Sud,Nuovi,"Via Giuseppe Verdi 83, 80053 Castellammare di Stabia, , Campania, Italia",40.6943046,14.4804813,"Castellammare di Stabia, Napoli, Campania, 80053, Italia",TROVATO_COMUNE,nominatim
,,RAGION_X,AGXXX,FR0XX,Via Milano 69,Cuneo,12100,CN,Piemonte,,Nord,Nuovi,"Via Milano 69, 12100 Cuneo, CN, Piemonte, Italia",44.4143742,7.4269384,"Via Milano, Roata Rossa, Caraglio, Cuneo, Piemonte, 12023, Italia",TROVATO,nominatim
,,RAGION_X,AGXXX,FR0XX,Via Giuseppe Garibaldi 151,Mestre,30171,VE,Veneto,,Nord,Nuovi,"Via Giuseppe Garibaldi 151, 30171 Mestre, VE, Veneto, Italia",45.4943063,12.2418053,"Mestre, Venezia, Veneto, 30170, Italia",TROVATO_COMUNE,nominatim
,,RAGION_X,AGXXX,FR0XX,Via Aldo Moro 181,Brescia,25121,BS,Lombardia,,Nord,Nuovi,"Via Aldo Moro 181, 25121 Brescia, BS, Lombardia, Italia",45.5238305,10.2187437,"Via Aldo Moro, Lamarmora, Zona Sud, Brescia, Lombardia, 25100, Italia",TROVATO,nominatim
,,RAGION_X,AGXXX,FR0XX,Via Leonardo da Vinci 177,Civitavecchia,00053,RM,Lazio,,Centro,Nuovi,"Via Leonardo da Vinci 177, 00053 Civitavecchia, RM, Lazio, Italia",42.0937524,11.7922462,"Civitavecchia, Roma Capitale, Lazio, 00053, Italia",TROVATO_COMUNE,nominatim
,,RAGION_X,AGXXX,FR0XX,Via Aldo Moro 30,Rapallo,16035,GE,Liguria,,Nord,Nuovi,"Via Aldo Moro 30, 16035 Rapallo, GE, Liguria, Italia",44.3492083,9.2316102,"Rapallo, Genova, Liguria, 16035, Italia",TROVATO_COMUNE,nominatim
,,RAGION_X,AGXXX,FR0XX,Corso Vittorio Emanuele 72,Bressanone,39042,BZ,Trentino-Alto Adige,,Nord,Nuovi,"Corso Vittorio Emanuele 72, 39042 Bressanone, BZ, Trentino-Alto Adige, Italia",46.716413,11.657792,"Brixen - Bressanone, Eisacktal - Valle Isarco, Bolzano - Bozen, Trentino-Alto Adige/Südtirol, 39042, Italia",TROVATO_COMUNE,nominatim
,,RAGION_X,AGXXX,FR0XX,Via Antonio Gramsci 21,Taranto,74121,TA,Puglia,,Sud,Nuovi,"Via Antonio Gramsci 21, 74121 Taranto, TA, Puglia, Italia",40.4988206,17.3824469,"Via Antonio Gramsci, Monteiasi, Taranto, Puglia, 74021, Italia",TROVATO,nominatim
,,RAGION_X,AGXXX,FR0XX,Via Torino 164,Brindisi,72100,BR,Puglia,,Sud,Nuovi,"Via Torino 164, 72100 Brindisi, BR, Puglia, Italia",40.5543667,17.8107591,"Via Torino, Mesagne, Brindisi, Puglia, 72023, Italia",TROVATO,nominatim
,,RAGION_X,AGXXX,FR0XX,Via Giuseppe Mazzini 114,Cremona,26100,CR,Lombardia,,Nord,Nuovi,"Via Giuseppe Mazzini 114, 26100 Cremona, CR, Lombardia, Italia",45.1685346,10.0765043,"Via Giuseppe Mazzini, Persico, Persichello, Persico Dosimo, Cremona, Lombardia, 26043, Italia",TROVATO,nominatim
,,RAGION_X,AGXXX,FR0XX,Via Giuseppe Verdi 151,Aversa,81031,CE,Campania,,Sud,Nuovi,"Via Giuseppe Verdi 151, 81031 Aversa, CE, Campania, Italia",40.9791678,14.2097903,"Via Giuseppe Verdi, Borgo San Lorenzo, Aversa, Caserta, Campania, 81031, Italia",TROVATO,nominatim
,,RAGION_X,AGXXX,FR0XX,Via Giuseppe Verdi 214,Monza,20900,MB,Lombardia,,Nord,Nuovi,"Via Giuseppe Verdi 214, 20900 Monza, MB, Lombardia, Italia",45.5892433,9.2729573,"Via Giuseppe Verdi, Borghetto, San Biagio, Monza, Monza e della Brianza, Lombardia, 20900, Italia",TROVATO,nominatim
,,RAGION_X,AGXXX,FR0XX,Via Cesare Battisti 124,Sesto Fiorentino,50019,FI,Toscana,,Centro,Nuovi,"Via Cesare Battisti 124, 50019 Sesto Fiorentino, FI, Toscana, Italia",43.8388385,11.2008908,"Via Cesare Battisti, Querceto, Sesto Fiorentino, Firenze, Toscana, 50019, Italia",TROVATO,nominatim
,,RAGION_X,AGXXX,FR0XX,Via Vittorio Emanuele II 28,Teramo,64100,TE,Abruzzo,,Sud,Nuovi,"Via Vittorio Emanuele II 28, 64100 Teramo, TE, Abruzzo, Italia",42.5309149,13.8831902,"Via Vittorio Emanuele Secondo, Intagliata, Castiglione Messer Raimondo, Teramo, Abruzzo, 64030, Italia",TROVATO,nominatim
,,RAGION_X,AGXXX,FR0XX,Via Goffredo Mameli 15,Aosta,11100,AO,Valle D'Aosta,,Nord,Nuovi,"Via Goffredo Mameli 15, 11100 Aosta, AO, Valle D'Aosta, Italia",45.7373075,7.3204025,"Aosta / Aoste, Valle d'Aosta / Vallée d'Aoste, 11100, Italia",TROVATO_COMUNE,nominatim
,,RAGION_X,AGXXX,FR0XX,Via Nazionale 64,Trapani,91100,TP,Sicilia,,Sud,Nuovi,"Via Nazionale 64, 91100 Trapani, TP, Sicilia, Italia",37.9003731,12.7116255,"Trapani, Sicilia, 91100, Italia",TROVATO_COMUNE,nominatim
,,RAGION_X,AGXXX,FR0XX,Corso Vittorio Emanuele 185,Lodi,26900,LO,Lombardia,,Nord,Nuovi,"Corso Vittorio Emanuele 185, 26900 Lodi, LO, Lombardia, Italia",45.3132013,9.5008964,"Corso Vittorio Emanuele Secondo, Maddalena, Robadello, Revellino, Lodi, Lombardia, 26900, Italia",TROVATO,nominatim
,,RAGION_X,AGXXX,FR0XX,Via Alessandro Manzoni 190,Battipaglia,84091,SA,Campania,,Sud,Nuovi,"Via Alessandro Manzoni 190, 84091 Battipaglia, SA, Campania, Italia",40.6092539,14.9821443,"Battipaglia, Salerno, Campania, 84091, Italia",TROVATO_COMUNE,nominatim
,,RAGION_X,AGXXX,FR0XX,Via Alessandro Manzoni 197,Latina,04100,LT,Lazio,,Centro,Nuovi,"Via Alessandro Manzoni 197, 04100 Latina, LT, Lazio, Italia",41.4643935,12.9141661,"Via Alessandro Manzoni, Frezzotti, Latina, Lazio, 04100, Italia",TROVATO,nominatim
,,RAGION_X,AGXXX,FR0XX,Corso Italia 67,Sassari,07100,SS,Sardegna,,Sud,Nuovi,"Corso Italia 67, 07100 Sassari, SS, Sardegna, Italia",40.9002017,8.6817114,"67, Corso Italia, Lu Bagnu, Castheddu/Castelsardo, Tàttari/Sassari, Sardigna/Sardegna, 07031, Italia",TROVATO,nominatim
,,RAGION_X,AGXXX,FR0XX,Via San Francesco 180,Venezia,30121,VE,Veneto,,Nord,Nuovi,"Via San Francesco 180, 30121 Venezia, VE, Veneto, Italia",45.562362,12.3009492,"Via San Francesco, Gaggio, Marcon, Venezia, Veneto, 30020, Italia",TROVATO,nominatim
,,RAGION_X,AGXXX,FR0XX,Via Nazionale 208,Civitanova Marche,62012,MC,Marche,,Centro,Nuovi,"Via Nazionale 208, 62012 Civitanova Marche, MC, Marche, Italia",43.3055233,13.7229297,"Civitanova Marche, Macerata, Marche, 62012, Italia",TROVATO_COMUNE,nominatim
,,RAGION_X,AGXXX,FR0XX,Via Nazionale 198,Alessandria,15121,AL,Piemonte,,Nord,Nuovi,"Via Nazionale 198, 15121 Alessandria, AL, Piemonte, Italia",44.6023488,8.3536751,"Via Nazionale, Montechiaro Piana, Montechiaro d'Acqui, Alessandria, Piemonte, 14058, Italia",TROVATO,nominatim
,,RAGION_X,AGXXX,FR0XX,Via Vittorio Emanuele II 70,Busto Arsizio,21052,VA,Lombardia,,Nord,Nuovi,"Via Vittorio Emanuele II 70, 21052 Busto Arsizio, VA, Lombardia, Italia",45.611932,8.8518269,"Busto Arsizio, Varese, Lombardia, 21052, Italia",TROVATO_COMUNE,nominatim
,,RAGION_X,AGXXX,FR0XX,Corso Vittorio Emanuele 196,Vigevano,27029,PV,Lombardia,,Nord,Nuovi,"Corso Vittorio Emanuele 196, 27029 Vigevano, PV, Lombardia, Italia",45.320223,8.8597476,"Corso Vittorio Emanuele secondo, Vigevano, Pavia, Lombardia, 27029, Italia",TROVATO,nominatim
,,RAGION_X,AGXXX,FR0XX,Via Giacomo Matteotti 132,Conegliano,31015,TV,Veneto,,Nord,Nuovi,"Via Giacomo Matteotti 132, 31015 Conegliano, TV, Veneto, Italia",45.8837276,12.3147117,"132, Via Giacomo Matteotti, Monticella, Santa Rosa, Conegliano, Treviso, Veneto, 31015, Italia",TROVATO,nominatim
,,RAGION_X,AGXXX,FR0XX,Via Giuseppe Garibaldi 156,Trieste,34121,TS,Friuli Venezia Giulia,,Nord,Nuovi,"Via Giuseppe Garibaldi 156, 34121 Trieste, TS, Friuli Venezia Giulia, Italia",45.605871,13.7654846,"Via Giuseppe Garibaldi, Piai, Borgo San Cristoforo, Riostorto, Muggia / Milje, Trieste, Friuli-Venezia Giulia, 34015, Italia",TROVATO,nominatim
,,RAGION_X,AGXXX,FR0XX,Via San Francesco 36,Bologna,40121,BO,Emilia-Romagna,,Nord,Nuovi,"Via San Francesco 36, 40121 Bologna, BO, Emilia-Romagna, Italia",44.508936,11.1201012,"Via San Francesco, Crespellano, Muffa, Valsamoggia, Unione dei comuni Valli del Reno, Lavino e Samoggia, Bologna, Emilia-Romagna, 40053, Italia",TROVATO,nominatim
,,RAGION_X,AGXXX,FR0XX,Via Nazionale 99,Pistoia,51100,PT,Toscana,,Centro,Nuovi,"Via Nazionale 99, 51100 Pistoia, PT, Toscana, Italia",44.0580834,10.9096669,"Via Nazionale, La Casa, Pracchia, Pistoia, Toscana, 51100, Italia",TROVATO,nominatim
,,RAGION_X,AGXXX,FR0XX,Via Trento 155,Barletta,76121,BT,Puglia,,Sud,Nuovi,"Via Trento 155, 76121 Barletta, BT, Puglia, Italia",41.3149851,16.271208,"Via Trento, Borgovilla, Barletta, Barletta-Andria-Trani, Puglia, 76121, Italia",TROVATO,nominatim
,,RAGION_X,AGXXX,FR0XX,Via Giacomo Matteotti 214,Modena,41121,MO,Emilia-Romagna,,Nord,Nuovi,"Via Giacomo Matteotti 214, 41121 Modena, MO, Emilia-Romagna, Italia",44.7359515,10.9215454,"214, Via Giacomo Matteotti, La Corte, Soliera, Unione delle Terre d'Argine, Modena, Emilia-Romagna, 41019, Italia",TROVATO,nominatim
,,RAGION_X,AGXXX,FR0XX,Via Torino 69,Molfetta,70056,BA,Puglia,,Sud,Nuovi,"Via Torino 69, 70056 Molfetta, BA, Puglia, Italia",41.1992456,16.5968279,"Molfetta, Bari, Puglia, 70056, Italia",TROVATO_COMUNE,nominatim
,,RAGION_X,AGXXX,FR0XX,Via Antonio Gramsci 127,Vasto,66054,CH,Abruzzo,,Sud,Nuovi,"Via Antonio Gramsci 127, 66054 Vasto, CH, Abruzzo, Italia",42.1262615,14.7026496,"Via Antonio Gramsci, San Paolo, Vasto, Chieti, Abruzzo, 66054, Italia",TROVATO,nominatim
,,RAGION_X,AGXXX,FR0XX,Via Milano 75,Rieti,02100,RI,Lazio,,Centro,Nuovi,"Via Milano 75, 02100 Rieti, RI, Lazio, Italia",42.4025479,12.8605297,"Rieti, Lazio, 02100, Italia",TROVATO_COMUNE,nominatim
,,RAGION_X,AGXXX,FR0XX,Via Trieste 13,Cinisello Balsamo,20092,MI,Lombardia,,Nord,Nuovi,"Via Trieste 13, 20092 Cinisello Balsamo, MI, Lombardia, Italia",45.552068,9.2113379,"Via Trieste, Cinisello, Cinisello Balsamo, Zona Omogenea Milano Nord, Milano, Lombardia, 20092, Italia",TROVATO,nominatim
,,RAGION_X,AGXXX,FR0XX,Via Milano 72,Vittoria,97019,RG,Sicilia,,Sud,Nuovi,"Via Milano 72, 97019 Vittoria, RG, Sicilia, Italia",36.9456118,14.52172,"Via Milano, Vittoria, Ragusa, Sicilia, 97019, Italia",TROVATO,nominatim
,,RAGION_X,AGXXX,FR0XX,Via Firenze 142,Belluno,32100,BL,Veneto,,Nord,Nuovi,"Via Firenze 142, 32100 Belluno, BL, Veneto, Italia",46.3492092,12.1793169,"Via Firenze, Forno di Là, Calchera, Pieve di Zoldo, Val di Zoldo, Belluno, Veneto, 32012, Italia",TROVATO,nominatim
,,RAGION_X,AGXXX,FR0XX,Via Giuseppe Mazzini 161,Rieti,02100,RI,Lazio,,Centro,Nuovi,"Via Giuseppe Mazzini 161, 02100 Rieti, RI, Lazio, Italia",42.2054664,12.8830387,"Via Giuseppe Mazzini, Poggio Moiano, Rieti, Lazio, 02037, Italia",TROVATO,nominatim
,,RAGION_X,AGXXX,FR0XX,Via Trento 47,Ascoli Piceno,63100,AP,Marche,,Centro,Nuovi,"Via Trento 47, 63100 Ascoli Piceno, AP, Marche, Italia",42.8682557,13.7156962,"Via Trento, Sambuco, Villa Valentino, Castel di Lama, Ascoli Piceno, Marche, 63082, Italia",TROVATO,nominatim
,,RAGION_X,AGXXX,FR0XX,Via Giuseppe Mazzini 204,Rovereto,38068,TN,Trentino-Alto Adige,,Nord,Nuovi,"Via Giuseppe Mazzini 204, 38068 Rovereto, TN, Trentino-Alto Adige, Italia",45.8902938,11.0425517,"Via Giuseppe Mazzini, Santa Maria, Rovereto, Comunità della Vallagarina, Provincia di Trento, Trentino-Alto Adige/Südtirol, 38068, Italia",TROVATO,nominatim
,,RAGION_X,AGXXX,FR0XX,Via Milano 142,Settimo Torinese,10036,TO,Piemonte,,Nord,Nuovi,"Via Milano 142, 10036 Settimo Torinese, TO, Piemonte, Italia",45.1488626,7.787994,"Via Milano, Settimo Torinese, Torino, Piemonte, 10036, Italia",TROVATO,nominatim
,,RAGION_X,AGXXX,FR0XX,Via XX Settembre 42,Chioggia,30015,VE,Veneto,,Nord,Nuovi,"Via XX Settembre 42, 30015 Chioggia, VE, Veneto, Italia",45.2179083,12.2270656,"Chioggia, Venezia, Veneto, 30015, Italia",TROVATO_COMUNE,nominatim
,,RAGION_X,AGXXX,FR0XX,Via Trento 15,Giugliano in Campania,80014,,Campania,,Sud,Nuovi,"Via Trento 15, 80014 Giugliano in Campania, , Campania, Italia",40.9283217,14.2011232,"Giugliano in Campania, Napoli, Campania, 80014, Italia",TROVATO_COMUNE,nominatim
,,RAGION_X,AGXXX,FR0XX,Via Giuseppe Mazzini 179,Teramo,64100,TE,Abruzzo,,Sud,Nuovi,"Via Giuseppe Mazzini 179, 64100 Teramo, TE, Abruzzo, Italia",42.6095689,13.7582573,"Via Giuseppe Mazzini, Val Vomano, Penna Sant'Andrea, Teramo, Abruzzo, 64039, Italia",TROVATO,nominatim
,,RAGION_X,AGXXX,FR0XX,Via Leonardo da Vinci 46,Verbania,28921,VB,Piemonte,,Nord,Nuovi,"Via Leonardo da Vinci 46, 28921 Verbania, VB, Piemonte, Italia",45.9344082,8.5580062,"Verbania, Verbano-Cusio-Ossola, Piemonte, Italia",TROVATO_COMUNE,nominatim
,,RAGION_X,AGXXX,FR0XX,Via Aldo Moro 49,Pistoia,51100,PT,Toscana,,Centro,Nuovi,"Via Aldo Moro 49, 51100 Pistoia, PT, Toscana, Italia",43.8873838,10.752651,"49, Via Aldo Moro, Margine Coperta, Massa e Cozzile, Pistoia, Toscana, 51010, Italia",TROVATO,nominatim
,,RAGION_X,AGXXX,FR0XX,Piazza Cavour 106,Montesilvano,65015,PE,Abruzzo,,Sud,Nuovi,"Piazza Cavour 106, 65015 Montesilvano, PE, Abruzzo, Italia",42.5136032,14.1516203,"Montesilvano, Pescara, Abruzzo, Italia",TROVATO_COMUNE,nominatim
,,RAGION_X,AGXXX,FR0XX,Via Firenze 86,Vasto,66054,CH,Abruzzo,,Sud,Nuovi,"Via Firenze 86, 66054 Vasto, CH, Abruzzo, Italia",42.1144999,14.708132,"Via Firenze, Centro storico, Vasto, Chieti, Abruzzo, 66054, Italia",TROVATO,nominatim
,,RAGION_X,AGXXX,FR0XX,Via Giuseppe Mazzini 3,Brindisi,72100,BR,Puglia,,Sud,Nuovi,"Via Giuseppe Mazzini 3, 72100 Brindisi, BR, Puglia, Italia",40.636756,17.94339,"3, Via Giuseppe Mazzini, Centro, Brindisi, Puglia, 72100, Italia",TROVATO,nominatim
,,RAGION_X,AGXXX,FR0XX,Via Torino 64,Pavia,27100,PV,Lombardia,,Nord,Nuovi,"Via Torino 64, 27100 Pavia, PV, Lombardia, Italia",45.1924425,9.1830692,"Via Torino, Vallone, Pavia, Lombardia, 27100, Italia",TROVATO,nominatim
,,RAGION_X,AGXXX,FR0XX,Via San Francesco 62,Andria,76123,BT,Puglia,,Sud,Nuovi,"Via San Francesco 62, 76123 Andria, BT, Puglia, Italia",41.2270425,16.2948158,"Via San Francesco, San Valentino, Andria, Barletta-Andria-Trani, Puglia, 76123, Italia",TROVATO,nominatim
,,RAGION_X,AGXXX,FR0XX,Corso Italia 190,Padova,35121,PD,Veneto,,Nord,Nuovi,"Corso Italia 190, 35121 Padova, PD, Veneto, Italia",45.5329956,11.9674323,"Corso Italia, Novello, Sant'Eufemia, Borgoricco, Padova, Veneto, 35010, Italia",TROVATO,nominatim
,,RAGION_X,AGXXX,FR0XX,Via Torino 53,Firenze,50121,FI,Toscana,,Centro,Nuovi,"Via Torino 53, 50121 Firenze, FI, Toscana, Italia",43.700476,11.1844841,"53, Via Torino, Chiesanuova, San Casciano in Val di Pesa, Firenze, Toscana, 50026, Italia",TROVATO,nominatim
,,RAGION_X,AGXXX,FR0XX,Via Milano 147,Città di Castello,06012,PG,Umbria,,Centro,Nuovi,"Via Milano 147, 06012 Città di Castello, PG, Umbria, Italia",43.4574214,12.2403118,"Città di Castello, Perugia, Umbria, Italia",TROVATO_COMUNE,nominatim
,,RAGION_X,AGXXX,FR0XX,Via Venezia 32,Chiavari,16043,GE,Liguria,,Nord,Nuovi,"Via Venezia 32, 16043 Chiavari, GE, Liguria, Italia",44.3175701,9.3244561,"Chiavari, Genova, Liguria, 16043, Italia",TROVATO_COMUNE,nominatim
,,RAGION_X,AGXXX,FR0XX,Via Bologna 52,Teramo,64100,TE,Abruzzo,,Sud,Nuovi,"Via Bologna 52, 64100 Teramo, TE, Abruzzo, Italia",42.6320237,13.8429042,"Via Bologna, Feudo Basso, Castelnuovo Vomano, Castellalto, Teramo, Abruzzo, 64024, Italia",TROVATO,nominatim
,,RAGION_X,AGXXX,FR0XX,Via Vittorio Emanuele II 73,Sesto Fiorentino,50019,FI,Toscana,,Centro,Nuovi,"Via Vittorio Emanuele II 73, 50019 Sesto Fiorentino, FI, Toscana, Italia",43.831721,11.1992239,"Sesto Fiorentino, Firenze, Toscana, Italia",TROVATO_COMUNE,nominatim
,,RAGION_X,AGXXX,FR0XX,Via San Francesco 77,Manfredonia,71043,FG,Puglia,,Sud,Nuovi,"Via San Francesco 77, 71043 Manfredonia, FG, Puglia, Italia",41.6286398,15.9141103,"Via San Francesco, Siponto, Manfredonia, Foggia, Puglia, 71043, Italia",TROVATO,nominatim
,,RAGION_X,AGXXX,FR0XX,Via Trento 80,Termoli,86039,CB,Molise,,Sud,Nuovi,"Via Trento 80, 86039 Termoli, CB, Molise, Italia",41.9957164,14.9762082,"Via Trento, Contrada Porticone e Villaggio Valentino, Termoli, Campobasso, Molise, 86039, Italia",TROVATO,nominatim
,,RAGION_X,AGXXX,FR0XX,Via Bologna 211,Sassari,07100,SS,Sardegna,,Sud,Nuovi,"Via Bologna 211, 07100 Sassari, SS, Sardegna, Italia",40.6779891,8.5802954,"Via Bologna, Ossi, Tàttari/Sassari, Sardigna/Sardegna, 07045, Italia",TROVATO,nominatim
,,RAGION_X,AGXXX,FR0XX,Via Leonardo da Vinci 148,Schio,36015,VI,Veneto,,Nord,Nuovi,"Via Leonardo da Vinci 148, 36015 Schio, VI, Veneto, Italia",45.7187207,11.3588279,"Via Leonardo da Vinci, Magrè, Schio, Vicenza, Veneto, 36015, Italia",TROVATO,nominatim
,,RAGION_X,AGXXX,FR0XX,Via Alessandro Manzoni 94,Pomezia,00071,RM,Lazio,,Centro,Nuovi,"Via Alessandro Manzoni 94, 00071 Pomezia, RM, Lazio, Italia",41.671256,12.5036952,"Via Alessandro Manzoni, Primavera, Pomezia, Roma Capitale, Lazio, 00071, Italia",TROVATO,nominatim
,,RAGION_X,AGXXX,FR0XX,Via San Francesco 122,Sesto San Giovanni,20099,MI,Lombardia,,Nord,Nuovi,"Via San Francesco 122, 20099 Sesto San Giovanni, MI, Lombardia, Italia",45.5320576,9.2218575,"Via San Francesco d'Assisi, Rondò-Torretta, Sesto San Giovanni, Zona Omogenea Milano Nord, Milano, Lombardia, 20099, Italia",TROVATO,nominatim
,,RAGION_X,AGXXX,FR0XX,Via Nazionale 138,Teramo,64100,TE,Abruzzo,,Sud,Nuovi,"Via Nazionale 138, 64100 Teramo, TE, Abruzzo, Italia",42.6076287,13.7543633,"138, Via Nazionale, Val Vomano, Penna Sant'Andrea, Teramo, Abruzzo, 64039, Italia",TROVATO,nominatim
,,RAGION_X,AGXXX,FR0XX,Piazza Garibaldi 6,Trento,38122,TN,Trentino-Alto Adige,,Nord,Nuovi,"Piazza Garibaldi 6, 38122 Trento, TN, Trentino-Alto Adige, Italia",46.0622815,11.2394505,"Biblioteca Comunale, 6, Piazza Garibaldi, Fontanabotte, Zivignago, Pergine Valsugana, Comunità Alta Valsugana e Bersntol, Provincia di Trento, Trentino-Alto Adige/Südtirol, 38057, Italia",TROVATO,nominatim
,,RAGION_X,AGXXX,FR0XX,Via Bologna 133,L'Aquila,67100,AQ,Abruzzo,,Sud,Nuovi,"Via Bologna 133, 67100 L'Aquila, AQ, Abruzzo, Italia",42.0244013,13.4240016,"Via Bologna, San Nicola, Avezzano, L'Aquila, Abruzzo, 67051, Italia",TROVATO,nominatim
,,RAGION_X,AGXXX,FR0XX,Via Alessandro Manzoni 50,Alessandria,15121,AL,Piemonte,,Nord,Nuovi,"Via Alessandro Manzoni 50, 15121 Alessandria, AL, Piemonte, Italia",44.7660905,8.7977395,"50, Via Alessandro Manzoni, Novi Ligure, Alessandria, Piemonte, 15067, Italia",TROVATO,nominatim
,,RAGION_X,AGXXX,FR0XX,Via Giacomo Matteotti 148,Caltanissetta,93100,CL,Sicilia,,Sud,Nuovi,"Via Giacomo Matteotti 148, 93100 Caltanissetta, CL, Sicilia, Italia",37.4906458,14.063368,"Via Giacomo Matteotti, Quartiere Provvidenza, Caltanissetta, Sicilia, 93100, Italia",TROVATO,nominatim
,,RAGION_X,AGXXX,FR0XX,Via Guglielmo Marconi 61,Perugia,06121,PG,Umbria,,Centro,Nuovi,"Via Guglielmo Marconi 61, 06121 Perugia, PG, Umbria, Italia",43.1071553,12.3893027,"Via Guglielmo Marconi, Sant'Erminio, Ponte Rio, Perugia, Umbria, 06122, Italia",TROVATO,nominatim
,,RAGION_X,AGXXX,FR0XX,Corso Vittorio Emanuele 162,Sacile,33077,PN,Friuli Venezia Giulia,,Nord,Nuovi,"Corso Vittorio Emanuele 162, 33077 Sacile, PN, Friuli Venezia Giulia, Italia",45.9548046,12.5034415,"Sacile, Pordenone / Pordenon, Friuli-Venezia Giulia, 33077, Italia",TROVATO_COMUNE,nominatim
,,RAGION_X,AGXXX,FR0XX,Corso Italia 121,Oristano,09170,OR,Sardegna,,Sud,Nuovi,"Corso Italia 121, 09170 Oristano, OR, Sardegna, Italia",39.9249024,8.5377691,"Corso Italia, Crabas/Cabras, Aristanis/Oristano, Sardigna/Sardegna, 09072, Italia",TROVATO,nominatim
,,RAGION_X,AGXXX,FR0XX,Via Guglielmo Marconi 148,Sesto San Giovanni,20099,MI,Lombardia,,Nord,Nuovi,"Via Guglielmo Marconi 148, 20099 Sesto San Giovanni, MI, Lombardia, Italia",45.5317451,9.2256056,"Via Guglielmo Marconi, Rondò, Rondò-Torretta, Sesto San Giovanni, Zona Omogenea Milano Nord, Milano, Lombardia, 20099, Italia",TROVATO,nominatim
,,RAGION_X,AGXXX,FR0XX,Via Giacomo Matteotti 153,Venezia,30121,VE,Veneto,,Nord,Nuovi,"Via Giacomo Matteotti 153, 30121 Venezia, VE, Veneto, Italia",45.5539945,12.3181471,"Via Giacomo Matteotti, Gaggio, Marcon, Venezia, Veneto, 30020, Italia",TROVATO,nominatim
,,RAGION_X,AGXXX,FR0XX,Corso Italia 84,Sanremo,18038,IM,Liguria,,Nord,Nuovi,"Corso Italia 84, 18038 Sanremo, IM, Liguria, Italia",43.8362985,7.7772658,"Sanremo, Provincia di Imperia, Liguria, 18034, Italia",TROVATO_COMUNE,nominatim
,,RAGION_X,AGXXX,FR0XX,Via XX Settembre 90,Catanzaro,88100,CZ,Calabria,,Sud,Nuovi,"Via XX Settembre 90, 88100 Catanzaro, CZ, Calabria, Italia",38.9043327,16.5919898,"Via venti Settembre, Siano, Catanzaro, Calabria, 88100, Italia",TROVATO,nominatim
,,RAGION_X,AGXXX,FR0XX,Via Leonardo da Vinci 191,Imperia,18100,IM,Liguria,,Nord,Nuovi,"Via Leonardo da Vinci 191, 18100 Imperia, IM, Liguria, Italia",43.9123444,8.0793689,"Via Leonardo da Vinci, Diano Marina, Provincia di Imperia, Liguria, 18013, Italia",TROVATO,nominatim
,,RAGION_X,AGXXX,FR0XX,Via Giuseppe Verdi 114,Civitanova Marche,62012,MC,Marche,,Centro,Nuovi,"Via Giuseppe Verdi 114, 62012 Civitanova Marche, MC, Marche, Italia",43.3055233,13.7229297,"Civitanova Marche, Macerata, Marche, 62012, Italia",TROVATO_COMUNE,nominatim
,,RAGION_X,AGXXX,FR0XX,Via Firenze 1,Monza,20900,MB,Lombardia,,Nord,Nuovi,"Via Firenze 1, 20900 Monza, MB, Lombardia, Italia",45.5973916,9.1968655,"1, Via Firenze, Cascina Meda, Nova Milanese, Monza e della Brianza, Lombardia, 20834, Italia",TROVATO,nominatim
,,RAGION_X,AGXXX,FR0XX,Piazza Cavour 151,Piacenza,29121,PC,Emilia-Romagna,,Nord,Nuovi,"Piazza Cavour 151, 29121 Piacenza, PC, Emilia-Romagna, Italia",45.0526629,9.6938145,"Piazza Cavalli, Via Camillo Cavour, Barriera Milano, Baia del Re, Piacenza, Emilia-Romagna, 29121, Italia",TROVATO_FALLBACK,nominatim
,,RAGION_X,AGXXX,FR0XX,Via Torino 175,Montesilvano,65015,PE,Abruzzo,,Sud,Nuovi,"Via Torino 175, 65015 Montesilvano, PE, Abruzzo, Italia",42.5058383,14.1693127,"Via Torino, Villa Verrocchio, Montesilvano, Pescara, Abruzzo, 65015, Italia",TROVATO,nominatim
,,RAGION_X,AGXXX,FR0XX,Via Antonio Gramsci 139,Collegno,10093,TO,Piemonte,,Nord,Nuovi,"Via Antonio Gramsci 139, 10093 Collegno, TO, Piemonte, Italia",45.0775473,7.5724262,"Collegno, Torino, Piemonte, Italia",TROVATO_COMUNE,nominatim
,,RAGION_X,AGXXX,FR0XX,Corso Italia 38,Battipaglia,84091,SA,Campania,,Sud,Nuovi,"Corso Italia 38, 84091 Battipaglia, SA, Campania, Italia",40.6067477,14.9820731,"Corso Italia, Stella, Battipaglia, Salerno, Campania, 84091, Italia",TROVATO,nominatim
,,RAGION_X,AGXXX,FR0XX,Via Giacomo Matteotti 12,Alessandria,15121,AL,Piemonte,,Nord,Nuovi,"Via Giacomo Matteotti 12, 15121 Alessandria, AL, Piemonte, Italia",44.9736481,8.5734047,"Via Giacomo Matteotti, Località Valle Chiara, Castelletto Monferrato, Alessandria, Piemonte, 15046, Italia",TROVATO,nominatim
,,RAGION_X,AGXXX,FR0XX,Piazza Garibaldi 163,Asti,14100,AT,Piemonte,,Nord,Nuovi,"Piazza Garibaldi 163, 14100 Asti, AT, Piemonte, Italia",45.0509226,8.2649515,"Piazza Garibaldi, Moncalvo, Asti, Piemonte, 14036, Italia",TROVATO,nominatim
,,RAGION_X,AGXXX,FR0XX,Via Vittorio Emanuele II 176,Como,22100,CO,Lombardia,,Nord,Nuovi,"Via Vittorio Emanuele II 176, 22100 Como, CO, Lombardia, Italia",45.8093775,9.0853273,"Via Vittorio Emanuele Secondo, Città murata, San Giuliano, Como, Lombardia, 22100, Italia",TROVATO,nominatim
,,RAGION_X,AGXXX,FR0XX,Via Goffredo Mameli 97,Cerignola,71042,FG,Puglia,,Sud,Nuovi,"Via Goffredo Mameli 97, 71042 Cerignola, FG, Puglia, Italia",41.2650614,15.9021269,"Via Goffredo Mameli, Cerignola, Foggia, Puglia, 71042, Italia",TROVATO,nominatim
,,RAGION_X,AGXXX,FR0XX,Via Nazionale 13,Aprilia,04011,LT,Lazio,,Centro,Nuovi,"Via Nazionale 13, 04011 Aprilia, LT, Lazio, Italia",41.5942016,12.6485765,"Aprilia, Latina, Lazio, 04011, Italia",TROVATO_COMUNE,nominatim
,,RAGION_X,AGXXX,FR0XX,Via Guglielmo Marconi 211,Marano di Napoli,80016,,Campania,,Sud,Nuovi,"Via Guglielmo Marconi 211, 80016 Marano di Napoli, , Campania, Italia",40.89761,14.190528,"Marano di Napoli, Napoli, Campania, 80016, Italia",TROVATO_COMUNE,nominatim
,,RAGION_X,AGXXX,FR0XX,Via Guglielmo Marconi 156,Bolzano,39100,BZ,Trentino-Alto Adige,,Nord,Nuovi,"Via Guglielmo Marconi 156, 39100 Bolzano, BZ, Trentino-Alto Adige, Italia",46.4949801,11.3494152,"Via Guglielmo Marconi - Guglielmo-Marconi-Straße, Virgl - Virgolo, Centro-Piani-Rencio - Zentrum-Bozner Boden-Rentsch, Rentsch - Rencio, Bolzano - Bozen, Trentino-Alto Adige/Südtirol, 39100, Italia",TROVATO,nominatim
,,RAGION_X,AGXXX,FR0XX,Via Firenze 159,Rieti,02100,RI,Lazio,,Centro,Nuovi,"Via Firenze 159, 02100 Rieti, RI, Lazio, Italia",42.4025479,12.8605297,"Rieti, Lazio, 02100, Italia",TROVATO_COMUNE,nominatim
,,RAGION_X,AGXXX,FR0XX,Piazza Garibaldi 8,Perugia,06121,PG,Umbria,,Centro,Nuovi,"Piazza Garibaldi 8, 06121 Perugia, PG, Umbria, Italia",42.9799255,12.3568245,"Piazza Garibaldi, Castello delle Forme, Marsciano, Perugia, Umbria, 06055, Italia",TROVATO,nominatim
,,RAGION_X,AGXXX,FR0XX,Via Giuseppe Garibaldi 164,Vittoria,97019,RG,Sicilia,,Sud,Nuovi,"Via Giuseppe Garibaldi 164, 97019 Vittoria, RG, Sicilia, Italia",36.9473446,14.5343482,"Via Giuseppe Garibaldi, Vittoria, Ragusa, Sicilia, 97019, Italia",TROVATO,nominatim
,,RAGION_X,AGXXX,FR0XX,Via Guglielmo Marconi 195,Trapani,91100,TP,Sicilia,,Sud,Nuovi,"Via Guglielmo Marconi 195, 91100 Trapani, TP, Sicilia, Italia",38.0143089,12.5691579,"Via Guglielmo Marconi, Milo, Xitta, Trapani, Sicilia, 91100, Italia",TROVATO,nominatim
,,RAGION_X,AGXXX,FR0XX,Via Camillo Cavour 167,Castellammare di Stabia,80053,,Campania,,Sud,Nuovi,"Via Camillo Cavour 167, 80053 Castellammare di Stabia, , Campania, Italia",40.6943046,14.4804813,"Castellammare di Stabia, Napoli, Campania, 80053, Italia",TROVATO_COMUNE,nominatim
,,RAGION_X,AGXXX,FR0XX,Via Vittorio Emanuele II 185,Venezia,30121,VE,Veneto,,Nord,Nuovi,"Via Vittorio Emanuele II 185, 30121 Venezia, VE, Veneto, Italia",45.4408297,12.3350059,"Strada Nova, Cannaregio, Venezia-Murano-Burano, Venezia, Veneto, 30121, Italia",TROVATO,nominatim
,,RAGION_X,AGXXX,FR0XX,Corso Italia 40,Empoli,50053,FI,Toscana,,Centro,Nuovi,"Corso Italia 40, 50053 Empoli, FI, Toscana, Italia",43.7194884,10.9458556,"Empoli, Unione dei Comuni Circondario dell'Empolese Valdelsa, Firenze, Toscana, 50053, Italia",TROVATO_COMUNE,nominatim
,,RAGION_X,AGXXX,FR0XX,Corso Italia 181,Terni,05100,TR,Umbria,,Centro,Nuovi,"Corso Italia 181, 05100 Terni, TR, Umbria, Italia",42.5641417,12.6405466,"Terni, Umbria, 05100, Italia",TROVATO_COMUNE,nominatim
,,RAGION_X,AGXXX,FR0XX,Via Aldo Moro 179,Cagliari,09121,CA,Sardegna,,Sud,Nuovi,"Via Aldo Moro 179, 09121 Cagliari, CA, Sardegna, Italia",39.2696917,9.1394834,"Via Aldo Moro, Paùli/Monserrato, Casteddu/Cagliari, Sardigna/Sardegna, 09042, Italia",TROVATO,nominatim
,,RAGION_X,AGXXX,FR0XX,Via Venezia 32,Agrigento,92100,AG,Sicilia,,Sud,Nuovi,"Via Venezia 32, 92100 Agrigento, AG, Sicilia, Italia",37.3078089,13.5823519,"Via Venezia, Sottogas, Calcarelle, Villaseta, Agrigento, Sicilia, 92100, Italia",TROVATO,nominatim
,,RAGION_X,AGXXX,FR0XX,Piazza Garibaldi 22,Altamura,70022,BA,Puglia,,Sud,Nuovi,"Piazza Garibaldi 22, 70022 Altamura, BA, Puglia, Italia",40.8285595,16.5527314,"Altamura, Bari, Puglia, 70022, Italia",TROVATO_COMUNE,nominatim
,,RAGION_X,AGXXX,FR0XX,Via Giuseppe Garibaldi 70,Quartu Sant'Elena,09045,CA,Sardegna,,Sud,Nuovi,"Via Giuseppe Garibaldi 70, 09045 Quartu Sant'Elena, CA, Sardegna, Italia",39.2394615,9.1838582,"70, Via Giuseppe Garibaldi, Cepola, Quartu Sant'Aleni/Quartu Sant'Elena, Casteddu/Cagliari, Sardigna/Sardegna, 09045, Italia",TROVATO,nominatim
,,RAGION_X,AGXXX,FR0XX,Via Alessandro Manzoni 207,Caserta,81100,CE,Campania,,Sud,Nuovi,"Via Alessandro Manzoni 207, 81100 Caserta, CE, Campania, Italia",41.0612714,14.33539,"Via Alessandro Manzoni, Caserta, San Nicola La Strada, Caserta, Campania, 81020, Italia",TROVATO,nominatim
,,RAGION_X,AGXXX,FR0XX,Via Alessandro Manzoni 139,Aosta,11100,AO,Valle D'Aosta,,Nord,Nuovi,"Via Alessandro Manzoni 139, 11100 Aosta, AO, Valle D'Aosta, Italia",45.7373075,7.3204025,"Aosta / Aoste, Valle d'Aosta / Vallée d'Aoste, 11100, Italia",TROVATO_COMUNE,nominatim
,,RAGION_X,AGXXX,FR0XX,Via Antonio Gramsci 36,Carrara,54033,MS,Toscana,,Centro,Nuovi,"Via Antonio Gramsci 36, 54033 Carrara, MS, Toscana, Italia",44.009494,10.0982191,"Via Antonio Gramsci, Bondano, Marina di Massa, Massa, Massa-Carrara, Toscana, 54037, Italia",TROVATO,nominatim
,,RAGION_X,AGXXX,FR0XX,Corso Italia 140,Foggia,71121,FG,Puglia,,Sud,Nuovi,"Corso Italia 140, 71121 Foggia, FG, Puglia, Italia",41.3276088,15.7047759,"Corso Italia, Orta Nova, Foggia, Puglia, 71045, Italia",TROVATO,nominatim
,,RAGION_X,AGXXX,FR0XX,Via Dante Alighieri 51,Savona,17100,SV,Liguria,,Nord,Nuovi,"Via Dante Alighieri 51, 17100 Savona, SV, Liguria, Italia",44.3457399,8.5531132,"Via Dante Alighieri, Piani di Celle, Celle Ligure, Savona, Liguria, 17015, Italia",TROVATO,nominatim
,,RAGION_X,AGXXX,FR0XX,Via Milano 14,Treviso,31100,TV,Veneto,,Nord,Nuovi,"Via Milano 14, 31100 Treviso, TV, Veneto, Italia",45.6665954,12.2688418,"14, Via Francesco da Milano, Fiera, Treviso, Veneto, 31100, Italia",TROVATO,nominatim
,,RAGION_X,AGXXX,FR0XX,Via Firenze 144,Altamura,70022,BA,Puglia,,Sud,Nuovi,"Via Firenze 144, 70022 Altamura, BA, Puglia, Italia",40.825685,16.5578037,"Via Firenze, Altamura, Bari, Puglia, 70022, Italia",TROVATO,nominatim
,,RAGION_X,AGXXX,FR0XX,Via Giuseppe Mazzini 175,Vercelli,13100,VC,Piemonte,,Nord,Nuovi,"Via Giuseppe Mazzini 175, 13100 Vercelli, VC, Piemonte, Italia",45.3835543,8.430251,"Via Giuseppe Mazzini, Villata, Vercelli, Piemonte, 13030, Italia",TROVATO,nominatim
,,RAGION_X,AGXXX,FR0XX,Via Trento 178,Potenza,85100,PZ,Basilicata,,Sud,Nuovi,"Via Trento 178, 85100 Potenza, PZ, Basilicata, Italia",40.5666703,16.0728366,"Via Trento, Campomaggiore, Potenza, Basilicata, Italia",TROVATO,nominatim
,,RAGION_X,AGXXX,FR0XX,Via Giuseppe Verdi 127,Modica,97015,RG,Sicilia,,Sud,Nuovi,"Via Giuseppe Verdi 127, 97015 Modica, RG, Sicilia, Italia",36.8735645,14.7615699,"Via Giuseppe Verdi, Modica Alta, Modica, Ragusa, Sicilia, 97015, Italia",TROVATO,nominatim
,,RAGION_X,AGXXX,FR0XX,Via Leonardo da Vinci 195,Terni,05100,TR,Umbria,,Centro,Nuovi,"Via Leonardo da Vinci 195, 05100 Terni, TR, Umbria, Italia",42.5676156,12.6486918,"Via Leonardo da Vinci, Città Giardino, Terni, Umbria, 05100, Italia",TROVATO,nominatim
,,RAGION_X,AGXXX,FR0XX,Via Camillo Cavour 171,Città di Castello,06012,PG,Umbria,,Centro,Nuovi,"Via Camillo Cavour 171, 06012 Città di Castello, PG, Umbria, Italia",43.4574214,12.2403118,"Città di Castello, Perugia, Umbria, Italia",TROVATO_COMUNE,nominatim
,,RAGION_X,AGXXX,FR0XX,Via Giuseppe Verdi 126,Marano di Napoli,80016,,Campania,,Sud,Nuovi,"Via Giuseppe Verdi 126, 80016 Marano di Napoli, , Campania, Italia",40.89761,14.190528,"Marano di Napoli, Napoli, Campania, 80016, Italia",TROVATO_COMUNE,nominatim
,,RAGION_X,AGXXX,FR0XX,Via Giuseppe Verdi 68,Biella,13900,BI,Piemonte,,Nord,Nuovi,"Via Giuseppe Verdi 68, 13900 Biella, BI, Piemonte, Italia",45.5727769,8.0715804,"Via Giuseppe Verdi, Prato, Chiavazza, Biella, Piemonte, 13900, Italia",TROVATO,nominatim
,,RAGION_X,AGXXX,FR0XX,Via Milano 185,Guidonia Montecelio,00012,RM,Lazio,,Centro,Nuovi,"Via Milano 185, 00012 Guidonia Montecelio, RM, Lazio, Italia",41.9570643,12.728547,"Via Milano, Villalba, Guidonia Montecelio, Roma Capitale, Lazio, 00011, Italia",TROVATO,nominatim
,,RAGION_X,AGXXX,FR0XX,Via Camillo Cavour 201,Rovereto,38068,TN,Trentino-Alto Adige,,Nord,Nuovi,"Via Camillo Cavour 201, 38068 Rovereto, TN, Trentino-Alto Adige, Italia",45.8872344,11.0397957,"Via Camillo Benso Conte di Cavour, Santa Maria, Rovereto, Comunità della Vallagarina, Provincia di Trento, Trentino-Alto Adige/Südtirol, 38068, Italia",TROVATO,nominatim
,,RAGION_X,AGXXX,FR0XX,Via Bologna 154,Rovereto,38068,TN,Trentino-Alto Adige,,Nord,Nuovi,"Via Bologna 154, 38068 Rovereto, TN, Trentino-Alto Adige, Italia",45.886548,11.0452369,"Rovereto, Comunità della Vallagarina, Provincia di Trento, Trentino-Alto Adige/Südtirol, 38060, Italia",TROVATO_COMUNE,nominatim
,,RAGION_X,AGXXX,FR0XX,Via Aldo Moro 128,Nuoro,08100,NU,Sardegna,,Sud,Nuovi,"Via Aldo Moro 128, 08100 Nuoro, NU, Sardegna, Italia",40.3251643,9.3027178,"Via Aldo Moro, Città Nuova, Nùgoro/Nuoro, Nuoro, Sardigna/Sardegna, 08100, Italia",TROVATO,nominatim
,,RAGION_X,AGXXX,FR0XX,Via Firenze 201,Sassari,07100,SS,Sardegna,,Sud,Nuovi,"Via Firenze 201, 07100 Sassari, SS, Sardegna, Italia",40.6738531,8.5894836,"Via Firenze, Ossi, Tàttari/Sassari, Sardigna/Sardegna, 07045, Italia",TROVATO,nominatim
,,RAGION_X,AGXXX,FR0XX,Via Venezia 39,Terni,05100,TR,Umbria,,Centro,Nuovi,"Via Venezia 39, 05100 Terni, TR, Umbria, Italia",42.8633533,12.0127516,"Via Venezia, Poggio della Fame, Fabro, Terni, Umbria, 05015, Italia",TROVATO,nominatim
,,RAGION_X,AGXXX,FR0XX,Via San Francesco 174,Pescara,65121,PE,Abruzzo,,Sud,Nuovi,"Via San Francesco 174, 65121 Pescara, PE, Abruzzo, Italia",42.4535418,14.2196335,"Via San Francesco d'Assisi, Porta Nuova, Pescara, Abruzzo, 65127, Italia",TROVATO,nominatim
,,RAGION_X,AGXXX,FR0XX,Via Leonardo da Vinci 116,Catanzaro,88100,CZ,Calabria,,Sud,Nuovi,"Via Leonardo da Vinci 116, 88100 Catanzaro, CZ, Calabria, Italia",38.7218229,16.4968956,"Via Leonardo da Vinci, Montepaone, Catanzaro, Calabria, 88060, Italia",TROVATO,nominatim
,,RAGION_X,AGXXX,FR0XX,Corso Vittorio Emanuele 81,Aosta,11100,AO,Valle D'Aosta,,Nord,Nuovi,"Corso Vittorio Emanuele 81, 11100 Aosta, AO, Valle D'Aosta, Italia",45.7373075,7.3204025,"Aosta / Aoste, Valle d'Aosta / Vallée d'Aoste, 11100, Italia",TROVATO_COMUNE,nominatim
,,RAGION_X,AGXXX,FR0XX,Via XX Settembre 170,Lodi,26900,LO,Lombardia,,Nord,Nuovi,"Via XX Settembre 170, 26900 Lodi, LO, Lombardia, Italia",45.3123509,9.5047273,"Via venti Settembre, Serravalle, Selvagreca, Revellino, Fontana, Lodi, Lombardia, 26900, Italia",TROVATO,nominatim
,,RAGION_X,AGXXX,FR0XX,Via Roma 117,Nuoro,08100,NU,Sardegna,,Sud,Nuovi,"Via Roma 117, 08100 Nuoro, NU, Sardegna, Italia",40.3225506,9.3353813,"Via Roma, Santu Predu/San Pietro, Nùgoro/Nuoro, Nuoro, Sardigna/Sardegna, 08100, Italia",TROVATO,nominatim
,,RAGION_X,AGXXX,FR0XX,Via Giuseppe Mazzini 52,Roma,00184,RM,Lazio,,Centro,Nuovi,"Via Giuseppe Mazzini 52, 00184 Roma, RM, Lazio, Italia",42.0341042,12.6374539,"Via Giuseppe Mazzini, Monte San Salvatore, Mentana, Roma Capitale, Lazio, 00013, Italia",TROVATO,nominatim
,,RAGION_X,AGXXX,FR0XX,Via Torino 134,Sassari,07100,SS,Sardegna,,Sud,Nuovi,"Via Torino 134, 07100 Sassari, SS, Sardegna, Italia",40.7189489,8.5684194,"Via Torino, Luna e Sole, Tàttari/Sassari, Sardigna/Sardegna, 07100, Italia",TROVATO,nominatim
,,RAGION_X,AGXXX,FR0XX,Via Vittorio Emanuele II 112,Lecco,23900,LC,Lombardia,,Nord,Nuovi,"Via Vittorio Emanuele II 112, 23900 Lecco, LC, Lombardia, Italia",45.7423178,9.4458915,"Via Vittorio Emanuele, Vaccarezza Nuova, Beverate, Brivio, Lecco, Lombardia, 23883, Italia",TROVATO,nominatim
,,RAGION_X,AGXXX,FR0XX,Piazza Garibaldi 43,Salerno,84121,SA,Campania,,Sud,Nuovi,"Piazza Garibaldi 43, 84121 Salerno, SA, Campania, Italia",40.7851486,14.7584238,"Piazza Garibaldi, Corticelle, Mercato San Severino, Salerno, Campania, Italia",TROVATO,nominatim
,,RAGION_X,AGXXX,FR0XX,Via Trento 159,Milano,20121,MI,Lombardia,,Nord,Nuovi,"Via Trento 159, 20121 Milano, MI, Lombardia, Italia",45.5529292,9.2124904,"Via Trento, Cinisello, Cinisello Balsamo, Zona Omogenea Milano Nord, Milano, Lombardia, 20092, Italia",TROVATO,nominatim
,,RAGION_X,AGXXX,FR0XX,Via Dante Alighieri 210,Monopoli,70043,BA,Puglia,,Sud,Nuovi,"Via Dante Alighieri 210, 70043 Monopoli, BA, Puglia, Italia",40.9470319,17.3051823,"Via Dante Alighieri, Monopoli, Bari, Puglia, 70034, Italia",TROVATO,nominatim
,,RAGION_X,AGXXX,FR0XX,Via Roma 180,Vittoria,97019,RG,Sicilia,,Sud,Nuovi,"Via Roma 180, 97019 Vittoria, RG, Sicilia, Italia",36.950909,14.5302983,"Via Roma, Vittoria, Ragusa, Sicilia, 97019, Italia",TROVATO,nominatim
,,RAGION_X,AGXXX,FR0XX,Via Dante Alighieri 156,Lecco,23900,LC,Lombardia,,Nord,Nuovi,"Via Dante Alighieri 156, 23900 Lecco, LC, Lombardia, Italia",45.8520108,9.3935463,"Via Dante Alighieri, Caleotto, Lecco, Lombardia, 23900, Italia",TROVATO,nominatim
,,RAGION_X,AGXXX,FR0XX,Via Nazionale 20,Bitonto,70032,BA,Puglia,,Sud,Nuovi,"Via Nazionale 20, 70032 Bitonto, BA, Puglia, Italia",41.0497743,16.5728773,"Bitonto, Bari, Puglia, 70032, Italia",TROVATO_COMUNE,nominatim
,,RAGION_X,AGXXX,FR0XX,Via Dante Alighieri 199,Catania,95121,CT,Sicilia,,Sud,Nuovi,"Via Dante Alighieri 199, 95121 Catania, CT, Sicilia, Italia",37.5575935,15.0751658,"Via Dante Alighieri, Sant'Agata li Battiati, Catania, Sicilia, 95056, Italia",TROVATO,nominatim
,,RAGION_X,AGXXX,FR0XX,Via Aldo Moro 105,Monfalcone,34074,GO,Friuli Venezia Giulia,,Nord,Nuovi,"Via Aldo Moro 105, 34074 Monfalcone, GO, Friuli Venezia Giulia, Italia",45.8049454,13.5330592,"Monfalcone, Gorizia / Gurize / Gorica, Friuli-Venezia Giulia, 34074, Italia",TROVATO_COMUNE,nominatim
,,RAGION_X,AGXXX,FR0XX,Via Giuseppe Garibaldi 186,Grosseto,58100,GR,Toscana,,Centro,Nuovi,"Via Giuseppe Garibaldi 186, 58100 Grosseto, GR, Toscana, Italia",42.8821543,11.0865547,"Via Giuseppe Garibaldi, Montepescali, Grosseto, Toscana, 58035, Italia",TROVATO,nominatim
,,RAGION_X,AGXXX,FR0XX,Via Venezia 125,Treviglio,24047,BG,Lombardia,,Nord,Nuovi,"Via Venezia 125, 24047 Treviglio, BG, Lombardia, Italia",45.5342517,9.5956822,"Via Venezia, Treviglio, Bergamo, Lombardia, 24047, Italia",TROVATO,nominatim
,,RAGION_X,AGXXX,FR0XX,Via Giacomo Matteotti 145,Bergamo,24121,BG,Lombardia,,Nord,Nuovi,"Via Giacomo Matteotti 145, 24121 Bergamo, BG, Lombardia, Italia",45.7216155,9.6602921,"Via Giacomo Matteotti, Pontesecco, Ponteranica, Bergamo, Lombardia, 24010, Italia",TROVATO,nominatim
,,RAGION_X,AGXXX,FR0XX,Via Giuseppe Mazzini 149,Ragusa,97100,RG,Sicilia,,Sud,Nuovi,"Via Giuseppe Mazzini 149, 97100 Ragusa, RG, Sicilia, Italia",37.0301844,14.7046949,"Via Giuseppe Mazzini, Chiaramonte Gulfi, Ragusa, Sicilia, 97012, Italia",TROVATO,nominatim
,,RAGION_X,AGXXX,FR0XX,Via della Repubblica 4,Vicenza,36100,VI,Veneto,,Nord,Nuovi,"Via della Repubblica 4, 36100 Vicenza, VI, Veneto, Italia",45.6271149,11.5640481,"Via della Repubblica, Povolaro, Dueville, Vicenza, Veneto, 36031, Italia",TROVATO,nominatim
,,RAGION_X,AGXXX,FR0XX,Via Nazionale 167,Manfredonia,71043,FG,Puglia,,Sud,Nuovi,"Via Nazionale 167, 71043 Manfredonia, FG, Puglia, Italia",41.6254728,15.9095926,"Manfredonia, Foggia, Puglia, 71043, Italia",TROVATO_COMUNE,nominatim
,,RAGION_X,AGXXX,FR0XX,Corso Italia 161,Arezzo,52100,AR,Toscana,,Centro,Nuovi,"Corso Italia 161, 52100 Arezzo, AR, Toscana, Italia",43.4626569,11.8801738,"161, Corso Italia, Arezzo, Toscana, 52100, Italia",TROVATO,nominatim
,,RAGION_X,AGXXX,FR0XX,Piazza Cavour 27,Bisceglie,76011,BT,Puglia,,Sud,Nuovi,"Piazza Cavour 27, 76011 Bisceglie, BT, Puglia, Italia",41.2407788,16.5019124,"Bisceglie, Barletta-Andria-Trani, Puglia, 76011, Italia",TROVATO_COMUNE,nominatim
,,RAGION_X,AGXXX,FR0XX,Corso Italia 204,Taranto,74121,TA,Puglia,,Sud,Nuovi,"Corso Italia 204, 74121 Taranto, TA, Puglia, Italia",40.4557902,17.2586158,"Corso Italia, Taranto, Puglia, 74121, Italia",TROVATO,nominatim
,,RAGION_X,AGXXX,FR0XX,Via Camillo Cavour 189,Pavia,27100,PV,Lombardia,,Nord,Nuovi,"Via Camillo Cavour 189, 27100 Pavia, PV, Lombardia, Italia",44.986525,9.2988105,"Via Camillo Cavour, Palazzo, Soriasco, Santa Maria della Versa, Pavia, Lombardia, 27047, Italia",TROVATO,nominatim
,,RAGION_X,AGXXX,FR0XX,Via Giacomo Matteotti 176,Rovereto,38068,TN,Trentino-Alto Adige,,Nord,Nuovi,"Via Giacomo Matteotti 176, 38068 Rovereto, TN, Trentino-Alto Adige, Italia",45.886548,11.0452369,"Rovereto, Comunità della Vallagarina, Provincia di Trento, Trentino-Alto Adige/Südtirol, 38060, Italia",TROVATO_COMUNE,nominatim
,,RAGION_X,AGXXX,FR0XX,Via Alessandro Manzoni 218,Pinerolo,10064,TO,Piemonte,,Nord,Nuovi,"Via Alessandro Manzoni 218, 10064 Pinerolo, TO, Piemonte, Italia",44.8873086,7.3319454,"Pinerolo, Torino, Piemonte, 10064, Italia",TROVATO_COMUNE,nominatim
,,RAGION_X,AGXXX,FR0XX,Via Trento 218,Vasto,66054,CH,Abruzzo,,Sud,Nuovi,"Via Trento 218, 66054 Vasto, CH, Abruzzo, Italia",42.1146476,14.7082664,"Via Trento, Centro storico, Vasto, Chieti, Abruzzo, 66054, Italia",TROVATO,nominatim
,,RAGION_X,AGXXX,FR0XX,Piazza Garibaldi 220,Oristano,09170,OR,Sardegna,,Sud,Nuovi,"Piazza Garibaldi 220, 09170 Oristano, OR, Sardegna, Italia",39.7739484,8.5814862,"Piazza Giuseppe Garibaldi, Arborea, Aristanis/Oristano, Sardigna/Sardegna, 09092, Italia",TROVATO,nominatim
,,RAGION_X,AGXXX,FR0XX,Via Camillo Cavour 5,Pisa,56121,PI,Toscana,,Centro,Nuovi,"Via Camillo Cavour 5, 56121 Pisa, PI, Toscana, Italia",43.7168561,10.4037264,"Via Conte Camillo Benso Cavour, San Francesco, Pisa, Toscana, 56127, Italia",TROVATO,nominatim
,,RAGION_X,AGXXX,FR0XX,Via Torino 117,Chiavari,16043,GE,Liguria,,Nord,Nuovi,"Via Torino 117, 16043 Chiavari, GE, Liguria, Italia",44.3175701,9.3244561,"Chiavari, Genova, Liguria, 16043, Italia",TROVATO_COMUNE,nominatim
,,RAGION_X,AGXXX,FR0XX,Via Vittorio Emanuele II 30,Faenza,48018,RA,Emilia-Romagna,,Nord,Nuovi,"Via Vittorio Emanuele II 30, 48018 Faenza, RA, Emilia-Romagna, Italia",44.2855555,11.8832055,"Faenza, Unione della Romagna Faentina, Ravenna, Emilia-Romagna, 48018, Italia",TROVATO_COMUNE,nominatim
,,RAGION_X,AGXXX,FR0XX,Via Trieste 21,Vittoria,97019,RG,Sicilia,,Sud,Nuovi,"Via Trieste 21, 97019 Vittoria, RG, Sicilia, Italia",36.8933014,14.4296395,"Via Trieste, Scoglitti, Vittoria, Ragusa, Sicilia, 97019, Italia",TROVATO,nominatim
,,RAGION_X,AGXXX,FR0XX,Via Giuseppe Mazzini 107,Udine,33100,UD,Friuli Venezia Giulia,,Nord,Nuovi,"Via Giuseppe Mazzini 107, 33100 Udine, UD, Friuli Venezia Giulia, Italia",46.2165243,13.2026198,"107, Via Giuseppe Mazzini, Tarcento / Tarcint, Borgo Madonna / Borc di Madone, Collerumiz / Culurumiz, Tarcento / Tarcint, Udine / Udin / Videm, Friuli-Venezia Giulia, 33017, Italia",TROVATO,nominatim
,,RAGION_X,AGXXX,FR0XX,Via Nazionale 161,Mestre,30171,VE,Veneto,,Nord,Nuovi,"Via Nazionale 161, 30171 Mestre, VE, Veneto, Italia",45.4943063,12.2418053,"Mestre, Venezia, Veneto, 30170, Italia",TROVATO_COMUNE,nominatim
,,RAGION_X,AGXXX,FR0XX,Via Giuseppe Verdi 77,Catanzaro,88100,CZ,Calabria,,Sud,Nuovi,"Via Giuseppe Verdi 77, 88100 Catanzaro, CZ, Calabria, Italia",38.9477779,16.6795739,"Via Giuseppe Verdi, Soveria Simeri, Catanzaro, Calabria, 88050, Italia",TROVATO,nominatim
,,RAGION_X,AGXXX,FR0XX,Via Giuseppe Mazzini 21,Ascoli Piceno,63100,AP,Marche,,Centro,Nuovi,"Via Giuseppe Mazzini 21, 63100 Ascoli Piceno, AP, Marche, Italia",42.8981373,13.727306,"Via Giuseppe Mazzini, Neri, Castorano, Ascoli Piceno, Marche, 63081, Italia",TROVATO,nominatim
,,RAGION_X,AGXXX,FR0XX,Via della Repubblica 172,Bergamo,24121,BG,Lombardia,,Nord,Nuovi,"Via della Repubblica 172, 24121 Bergamo, BG, Lombardia, Italia",45.7509803,9.6007582,"Via della Repubblica, Almenno San Salvatore, Bergamo, Lombardia, 24031, Italia",TROVATO,nominatim
,,RAGION_X,AGXXX,FR0XX,Via Roma 41,Pavia,27100,PV,Lombardia,,Nord,Nuovi,"Via Roma 41, 27100 Pavia, PV, Lombardia, Italia",44.9886405,9.0074959,"41, Via Antonio Gramsci, Rondò Carducci, Voghera, Pavia, Lombardia, 27058, Italia",TROVATO,nominatim
,,RAGION_X,AGXXX,FR0XX,Via Giuseppe Garibaldi 215,Trento,38122,TN,Trentino-Alto Adige,,Nord,Nuovi,"Via Giuseppe Garibaldi 215, 38122 Trento, TN, Trentino-Alto Adige, Italia",46.0674315,11.122138,"Via Giuseppe Garibaldi, Centro storico, Centro Storico - Piedicastello, Vela, Trento, Territorio Val d'Adige, Provincia di Trento, Trentino-Alto Adige/Südtirol, 38122, Italia",TROVATO,nominatim
,,RAGION_X,AGXXX,FR0XX,Via San Francesco 101,Anzio,00042,RM,Lazio,,Centro,Nuovi,"Via San Francesco 101, 00042 Anzio, RM, Lazio, Italia",41.4986401,12.586969,"Via Vai Caffè, Corso San Francesco, Lido di Lavinio, Lido di Enea, Lavinio, Anzio, Roma Capitale, Lazio, 00042, Italia",TROVATO_FALLBACK,nominatim
,,RAGION_X,AGXXX,FR0XX,Via Vittorio Emanuele II 196,Verbania,28921,VB,Piemonte,,Nord,Nuovi,"Via Vittorio Emanuele II 196, 28921 Verbania, VB, Piemonte, Italia",45.9344082,8.5580062,"Verbania, Verbano-Cusio-Ossola, Piemonte, Italia",TROVATO_COMUNE,nominatim
,,RAGION_X,AGXXX,FR0XX,Via San Francesco 29,Cremona,26100,CR,Lombardia,,Nord,Nuovi,"Via San Francesco 29, 26100 Cremona, CR, Lombardia, Italia",45.1607644,10.1939604,"Via San Francesco, Cicognolo, Cremona, Lombardia, 26030, Italia",TROVATO,nominatim
,,RAGION_X,AGXXX,FR0XX,Via Alessandro Manzoni 122,Verona,37121,VR,Veneto,,Nord,Nuovi,"Via Alessandro Manzoni 122, 37121 Verona, VR, Veneto, Italia",45.38333,11.0437164,"Via Alessandro Manzoni, San Giovanni Lupatoto, Verona, Veneto, 37057, Italia",TROVATO,nominatim
,,RAGION_X,AGXXX,FR0XX,Via XX Settembre 117,Ragusa,97100,RG,Sicilia,,Sud,Nuovi,"Via XX Settembre 117, 97100 Ragusa, RG, Sicilia, Italia",36.9289152,14.7240688,"Via Venti Settembre, Cappuccini, Ragusa Ibla, Ragusa, Sicilia, 97100, Italia",TROVATO,nominatim
,,RAGION_X,AGXXX,FR0XX,Via Alessandro Manzoni 112,Fermo,63900,FM,Marche,,Centro,Nuovi,"Via Alessandro Manzoni 112, 63900 Fermo, FM, Marche, Italia",43.2534774,13.7597367,"Via Alessandro Manzoni, Centro, Porto Sant'Elpidio, Fermo, Marche, 63821, Italia",TROVATO,nominatim
,,RAGION_X,AGXXX,FR0XX,Via Torino 218,Rovereto,38068,TN,Trentino-Alto Adige,,Nord,Nuovi,"Via Torino 218, 38068 Rovereto, TN, Trentino-Alto Adige, Italia",45.886548,11.0452369,"Rovereto, Comunità della Vallagarina, Provincia di Trento, Trentino-Alto Adige/Südtirol, 38060, Italia",TROVATO_COMUNE,nominatim
,,RAGION_X,AGXXX,FR0XX,Piazza Cavour 164,Foligno,06034,PG,Umbria,,Centro,Nuovi,"Piazza Cavour 164, 06034 Foligno, PG, Umbria, Italia",42.9559744,12.7034782,"Foligno, Perugia, Umbria, 06034, Italia",TROVATO_COMUNE,nominatim
,,RAGION_X,AGXXX,FR0XX,Via Antonio Gramsci 216,Gallarate,21013,VA,Lombardia,,Nord,Nuovi,"Via Antonio Gramsci 216, 21013 Gallarate, VA, Lombardia, Italia",45.6689168,8.7655122,"Via Antonio Gramsci, Moriggia, Gallarate, Varese, Lombardia, 21011, Italia",TROVATO,nominatim
,,RAGION_X,AGXXX,FR0XX,Via Antonio Gramsci 87,Rimini,47921,RN,Emilia-Romagna,,Nord,Nuovi,"Via Antonio Gramsci 87, 47921 Rimini, RN, Emilia-Romagna, Italia",43.8570249,12.6680811,"87, Via Antonio Gramsci, Mondaino, Rimini, Emilia-Romagna, 47837, Italia",TROVATO,nominatim
,,RAGION_X,AGXXX,FR0XX,Via Trieste 194,Napoli,80121,,Campania,,Sud,Nuovi,"Via Trieste 194, 80121 Napoli, , Campania, Italia",40.9094486,14.2660528,"Via Trieste, Lanciasino, Arzano, Napoli, Campania, 80022, Italia",TROVATO,nominatim
,,RAGION_X,AGXXX,FR0XX,Via XX Settembre 181,Cremona,26100,CR,Lombardia,,Nord,Nuovi,"Via XX Settembre 181, 26100 Cremona, CR, Lombardia, Italia",45.2368634,9.9631447,"Via Venti Settembre, Polengo, Casalbuttano, Casalbuttano ed Uniti, Cremona, Lombardia, 26011, Italia",TROVATO,nominatim
,,RAGION_X,AGXXX,FR0XX,Via Giuseppe Verdi 31,Rovereto,38068,TN,Trentino-Alto Adige,,Nord,Nuovi,"Via Giuseppe Verdi 31, 38068 Rovereto, TN, Trentino-Alto Adige, Italia",45.886548,11.0452369,"Rovereto, Comunità della Vallagarina, Provincia di Trento, Trentino-Alto Adige/Südtirol, 38060, Italia",TROVATO_COMUNE,nominatim
,,RAGION_X,AGXXX,FR0XX,Via Torino 137,Potenza,85100,PZ,Basilicata,,Sud,Nuovi,"Via Torino 137, 85100 Potenza, PZ, Basilicata, Italia",40.644045,15.7977244,"Via Torino, Risorgimento, Potenza, Basilicata, 85190, Italia",TROVATO,nominatim
,,RAGION_X,AGXXX,FR0XX,Via Vittorio Emanuele II 151,Messina,98121,ME,Sicilia,,Sud,Nuovi,"Via Vittorio Emanuele II 151, 98121 Messina, ME, Sicilia, Italia",38.1995271,15.5580126,"Via Vittorio Emanuele II, Muricello, Torre Vittoria, IV Circoscrizione, Messina, Sicilia, 98100, Italia",TROVATO,nominatim
,,RAGION_X,AGXXX,FR0XX,Via Firenze 98,Vigevano,27029,PV,Lombardia,,Nord,Nuovi,"Via Firenze 98, 27029 Vigevano, PV, Lombardia, Italia",45.3170942,8.858603,"Vigevano, Pavia, Lombardia, 27029, Italia",TROVATO_COMUNE,nominatim
,,RAGION_X,AGXXX,FR0XX,Via Vittorio Emanuele II 28,Bolzano,39100,BZ,Trentino-Alto Adige,,Nord,Nuovi,"Via Vittorio Emanuele II 28, 39100 Bolzano, BZ, Trentino-Alto Adige, Italia",46.4984781,11.3547399,"Bolzano - Bozen, Trentino-Alto Adige/Südtirol, 39100, Italia",TROVATO_COMUNE,nominatim
,,RAGION_X,AGXXX,FR0XX,Via Antonio Gramsci 186,Caserta,81100,CE,Campania,,Sud,Nuovi,"Via Antonio Gramsci 186, 81100 Caserta, CE, Campania, Italia",41.0848189,14.3152942,"Via Antonio Gramsci, Cuccagna, Casagiove, Caserta, Campania, 81022, Italia",TROVATO,nominatim
,,RAGION_X,AGXXX,FR0XX,Via XX Settembre 2,Isernia,86170,IS,Molise,,Sud,Nuovi,"Via XX Settembre 2, 86170 Isernia, IS, Molise, Italia",41.600175,14.2383017,"Isernia, Molise, 86170, Italia",TROVATO_COMUNE,nominatim
,,RAGION_X,AGXXX,FR0XX,Corso Italia 9,Torino,10121,TO,Piemonte,,Nord,Nuovi,"Corso Italia 9, 10121 Torino, TO, Piemonte, Italia",44.9331542,7.6119344,"Comune di Piobesi Torinese, 9, Corso Italia, Piobesi Torinese, Torino, Piemonte, 10040, Italia",TROVATO,nominatim
,,RAGION_X,AGXXX,FR0XX,Via Alessandro Manzoni 189,L'Aquila,67100,AQ,Abruzzo,,Sud,Nuovi,"Via Alessandro Manzoni 189, 67100 L'Aquila, AQ, Abruzzo, Italia",42.362972,13.463308,"Via Alessandro Manzoni, Tempera, L'Aquila, Abruzzo, 67100, Italia",TROVATO,nominatim
,,RAGION_X,AGXXX,FR0XX,Via Vittorio Emanuele II 91,Vibo Valentia,89900,VV,Calabria,,Sud,Nuovi,"Via Vittorio Emanuele II 91, 89900 Vibo Valentia, VV, Calabria, Italia",38.7343308,16.1587938,"Via Vittorio Emanuele, Marina, Pizzo, Vibo Valentia, Calabria, 89812, Italia",TROVATO,nominatim
,,RAGION_X,AGXXX,FR0XX,Via Trieste 135,Città di Castello,06012,PG,Umbria,,Centro,Nuovi,"Via Trieste 135, 06012 Città di Castello, PG, Umbria, Italia",43.4583458,12.2531632,"Via Trieste, Città di Castello, Perugia, Umbria, 06012, Italia",TROVATO,nominatim
,,RAGION_X,AGXXX,FR0XX,Via Cesare Battisti 55,Teramo,64100,TE,Abruzzo,,Sud,Nuovi,"Via Cesare Battisti 55, 64100 Teramo, TE, Abruzzo, Italia",42.6606164,13.7021993,"Via Cesare Battisti, Coste Sant'Agostino, San Giorgio, Scapriano, Teramo, Abruzzo, 64100, Italia",TROVATO,nominatim
,,RAGION_X,AGXXX,FR0XX,Via Camillo Cavour 75,Vicenza,36100,VI,Veneto,,Nord,Nuovi,"Via Camillo Cavour 75, 36100 Vicenza, VI, Veneto, Italia",45.4978798,11.4148875,"Via Camillo Cavour, Alte Ceccato, Montecchio Maggiore, Vicenza, Veneto, 36075, Italia",TROVATO,nominatim
,,RAGION_X,AGXXX,FR0XX,Via Giuseppe Garibaldi 45,Belluno,32100,BL,Veneto,,Nord,Nuovi,"Via Giuseppe Garibaldi 45, 32100 Belluno, BL, Veneto, Italia",46.1390723,12.2117908,"Via Giuseppe Garibaldi, Lambioi, Castion, Belluno, Veneto, 32100, Italia",TROVATO,nominatim
,,RAGION_X,AGXXX,FR0XX,Via Goffredo Mameli 135,Guidonia Montecelio,00012,RM,Lazio,,Centro,Nuovi,"Via Goffredo Mameli 135, 00012 Guidonia Montecelio, RM, Lazio, Italia",41.9592586,12.7572892,"Via Goffredo Mameli, Villanova, Guidonia Montecelio, Roma Capitale, Lazio, 00010, Italia",TROVATO,nominatim
,,RAGION_X,AGXXX,FR0XX,Via Giuseppe Garibaldi 208,Messina,98121,ME,Sicilia,,Sud,Nuovi,"Via Giuseppe Garibaldi 208, 98121 Messina, ME, Sicilia, Italia",38.2067986,15.5582067,"Via Giuseppe Garibaldi, Fondo Ogliastri, San Licandro, V Circoscrizione, Messina, Sicilia, 98100, Italia",TROVATO,nominatim
,,RAGION_X,AGXXX,FR0XX,Via Giuseppe Verdi 23,Messina,98121,ME,Sicilia,,Sud,Nuovi,"Via Giuseppe Verdi 23, 98121 Messina, ME, Sicilia, Italia",38.1733816,15.3280442,"23, Via Giuseppe Verdi, Condrò, Messina, Sicilia, 98040, Italia",TROVATO,nominatim
,,RAGION_X,AGXXX,FR0XX,Via XX Settembre 19,Pisa,56121,PI,Toscana,,Centro,Nuovi,"Via XX Settembre 19, 56121 Pisa, PI, Toscana, Italia",43.7644234,10.4404893,"Torrefazione Drupa, 19, Via Venti Settembre, Gello, San Giuliano Terme, Pisa, Toscana, 56017, Italia",TROVATO,nominatim
,,RAGION_X,AGXXX,FR0XX,Via Roma 131,Udine,33100,UD,Friuli Venezia Giulia,,Nord,Nuovi,"Via Roma 131, 33100 Udine, UD, Friuli Venezia Giulia, Italia",45.981021,13.4038509,"131, Via Roma, San Giovanni al Natisone / San Zuan dal Nadison, San Giovanni al Natisone /  San Zuan dal Nadison, Udine / Udin / Videm, Friuli-Venezia Giulia, 33048, Italia",TROVATO,nominatim
,,RAGION_X,AGXXX,FR0XX,Via Firenze 58,Perugia,06121,PG,Umbria,,Centro,Nuovi,"Via Firenze 58, 06121 Perugia, PG, Umbria, Italia",43.1046524,12.3539718,"Via Firenze, Ferro di Cavallo, Lacugnano, Perugia, Umbria, 06127, Italia",TROVATO,nominatim
,,RAGION_X,AGXXX,FR0XX,Piazza Cavour 186,Torre del Greco,80059,,Campania,,Sud,Nuovi,"Piazza Cavour 186, 80059 Torre del Greco, , Campania, Italia",40.7879211,14.3682813,"Torre del Greco, Napoli, Campania, 80059, Italia",TROVATO_COMUNE,nominatim
,,RAGION_X,AGXXX,FR0XX,Via Giuseppe Mazzini 185,Bitonto,70032,BA,Puglia,,Sud,Nuovi,"Via Giuseppe Mazzini 185, 70032 Bitonto, BA, Puglia, Italia",41.1117675,16.6892926,"Via Giuseppe Mazzini, Bitonto, Bari, Puglia, 70032, Italia",TROVATO,nominatim
,,RAGION_X,AGXXX,FR0XX,Via XX Settembre 55,Crotone,88900,KR,Calabria,,Sud,Nuovi,"Via XX Settembre 55, 88900 Crotone, KR, Calabria, Italia",39.0357099,16.9919634,"Via XX Settembre, Cutro, Crotone, Calabria, 88842, Italia",TROVATO,nominatim
,,RAGION_X,AGXXX,FR0XX,Via Camillo Cavour 87,Novara,28100,NO,Piemonte,,Nord,Nuovi,"Via Camillo Cavour 87, 28100 Novara, NO, Piemonte, Italia",45.5012393,8.6632194,"Via Camillo Benso Conte di Cavour, Cameri, Novara, Piemonte, 28062, Italia",TROVATO,nominatim
,,RAGION_X,AGXXX,FR0XX,Via Firenze 62,Modica,97015,RG,Sicilia,,Sud,Nuovi,"Via Firenze 62, 97015 Modica, RG, Sicilia, Italia",36.8589209,14.7613018,"Modica, Ragusa, Sicilia, Italia",TROVATO_COMUNE,nominatim
,,RAGION_X,AGXXX,FR0XX,Via San Francesco 148,Rivoli,10098,TO,Piemonte,,Nord,Nuovi,"Via San Francesco 148, 10098 Rivoli, TO, Piemonte, Italia",45.0697151,7.5176764,"Rivoli, Torino, Piemonte, 10098, Italia",TROVATO_COMUNE,nominatim
,,RAGION_X,AGXXX,FR0XX,Corso Italia 98,Castellammare di Stabia,80053,,Campania,,Sud,Nuovi,"Corso Italia 98, 80053 Castellammare di Stabia, , Campania, Italia",40.7226084,14.4908881,"Strada Statale 145 Corso Italia, Fontanelle, Pioppaino, Castellammare di Stabia, Napoli, Campania, 80053, Italia",TROVATO,nominatim
,,RAGION_X,AGXXX,FR0XX,Via Goffredo Mameli 156,Forlì,47121,FC,Emilia-Romagna,,Nord,Nuovi,"Via Goffredo Mameli 156, 47121 Forlì, FC, Emilia-Romagna, Italia",44.2232735,12.0394726,"Via Goffredo Mameli, Schiavonia - San Biagio, Quartiere Schiavonia San Biagio, Forlì, Unione di Comuni della Romagna Forlivese, Forlì-Cesena, Emilia-Romagna, 47121, Italia",TROVATO,nominatim
,,RAGION_X,AGXXX,FR0XX,Via Nazionale 99,Udine,33100,UD,Friuli Venezia Giulia,,Nord,Nuovi,"Via Nazionale 99, 33100 Udine, UD, Friuli Venezia Giulia, Italia",46.1109703,13.2272306,"99, Via Nazionale, Molin Nuovo / Mulignûf, Cavalicco / Cjavalì, Tavagnacco, Udine / Udin / Videm, Friuli-Venezia Giulia, 33010, Italia",TROVATO,nominatim
,,RAGION_X,AGXXX,FR0XX,Corso Vittorio Emanuele 127,Biella,13900,BI,Piemonte,,Nord,Nuovi,"Corso Vittorio Emanuele 127, 13900 Biella, BI, Piemonte, Italia",45.5664109,8.0542758,"Biella, Piemonte, 13900, Italia",TROVATO_COMUNE,nominatim
,,RAGION_X,AGXXX,FR0XX,Via XX Settembre 119,Bressanone,39042,BZ,Trentino-Alto Adige,,Nord,Nuovi,"Via XX Settembre 119, 39042 Bressanone, BZ, Trentino-Alto Adige, Italia",46.716413,11.657792,"Brixen - Bressanone, Eisacktal - Valle Isarco, Bolzano - Bozen, Trentino-Alto Adige/Südtirol, 39042, Italia",TROVATO_COMUNE,nominatim
,,RAGION_X,AGXXX,FR0XX,Via Alessandro Manzoni 115,Gallarate,21013,VA,Lombardia,,Nord,Nuovi,"Via Alessandro Manzoni 115, 21013 Gallarate, VA, Lombardia, Italia",45.6607296,8.7940524,"Via Alessandro Manzoni, Centro storico, Centro, Gallarate, Varese, Lombardia, 21013, Italia",TROVATO,nominatim
,,RAGION_X,AGXXX,FR0XX,Via Guglielmo Marconi 46,Arezzo,52100,AR,Toscana,,Centro,Nuovi,"Via Guglielmo Marconi 46, 52100 Arezzo, AR, Toscana, Italia",43.4632584,11.8761686,"Via Guglielmo Marconi, Arezzo, Toscana, 52100, Italia",TROVATO,nominatim
,,RAGION_X,AGXXX,FR0XX,Via Goffredo Mameli 82,Sacile,33077,PN,Friuli Venezia Giulia,,Nord,Nuovi,"Via Goffredo Mameli 82, 33077 Sacile, PN, Friuli Venezia Giulia, Italia",45.9554478,12.4914206,"Via Goffredo Mameli, Villorba, San Michele, Sacile, Pordenone / Pordenon, Friuli-Venezia Giulia, 33077, Italia",TROVATO,nominatim
,,RAGION_X,AGXXX,FR0XX,Via Torino 178,Manfredonia,71043,FG,Puglia,,Sud,Nuovi,"Via Torino 178, 71043 Manfredonia, FG, Puglia, Italia",41.6254728,15.9095926,"Manfredonia, Foggia, Puglia, 71043, Italia",TROVATO_COMUNE,nominatim
,,RAGION_X,AGXXX,FR0XX,Via Goffredo Mameli 211,Ascoli Piceno,63100,AP,Marche,,Centro,Nuovi,"Via Goffredo Mameli 211, 63100 Ascoli Piceno, AP, Marche, Italia",42.853068,13.562961,"Via Goffredo Mameli, Porta Romana, Ascoli Piceno, Marche, 63100, Italia",TROVATO,nominatim
,,RAGION_X,AGXXX,FR0XX,Via XX Settembre 87,Alba,12051,CN,Piemonte,,Nord,Nuovi,"Via XX Settembre 87, 12051 Alba, CN, Piemonte, Italia",44.6979456,8.033027,"Via Venti Settembre, Alba, Cuneo, Piemonte, 12051, Italia",TROVATO,nominatim
,,RAGION_X,AGXXX,FR0XX,Piazza Cavour 22,Vittoria,97019,RG,Sicilia,,Sud,Nuovi,"Piazza Cavour 22, 97019 Vittoria, RG, Sicilia, Italia",36.8915083,14.4304176,"Piazza Cavour, Scoglitti, Vittoria, Ragusa, Sicilia, 97019, Italia",TROVATO,nominatim
,,RAGION_X,AGXXX,FR0XX,Via Trento 145,Caserta,81100,CE,Campania,,Sud,Nuovi,"Via Trento 145, 81100 Caserta, CE, Campania, Italia",41.0667998,14.3345038,"Via Trento, Caserta, Acquaviva, Caserta, Campania, 81020, Italia",TROVATO,nominatim
,,RAGION_X,AGXXX,FR0XX,Via Nazionale 89,Sassari,07100,SS,Sardegna,,Sud,Nuovi,"Via Nazionale 89, 07100 Sassari, SS, Sardegna, Italia",40.5050733,8.4681799,"Via Nazionale, Biddanoa Monteleone/Villanova Monteleone, Tàttari/Sassari, Sardigna/Sardegna, 07019, Italia",TROVATO,nominatim
,,RAGION_X,AGXXX,FR0XX,Via Vittorio Emanuele II 129,Termoli,86039,CB,Molise,,Sud,Nuovi,"Via Vittorio Emanuele II 129, 86039 Termoli, CB, Molise, Italia",41.9983273,14.9939366,"Termoli, Campobasso, Molise, 86039, Italia",TROVATO_COMUNE,nominatim
,,RAGION_X,AGXXX,FR0XX,Via Giacomo Matteotti 108,Bitonto,70032,BA,Puglia,,Sud,Nuovi,"Via Giacomo Matteotti 108, 70032 Bitonto, BA, Puglia, Italia",41.1083673,16.6909004,"Via Giacomo Matteotti, Bitonto, Bari, Puglia, 70032, Italia",TROVATO,nominatim
,,RAGION_X,AGXXX,FR0XX,Via Giacomo Matteotti 12,Empoli,50053,FI,Toscana,,Centro,Nuovi,"Via Giacomo Matteotti 12, 50053 Empoli, FI, Toscana, Italia",43.7194884,10.9458556,"Empoli, Unione dei Comuni Circondario dell'Empolese Valdelsa, Firenze, Toscana, 50053, Italia",TROVATO_COMUNE,nominatim
,,RAGION_X,AGXXX,FR0XX,Via Giuseppe Garibaldi 36,Anzio,00042,RM,Lazio,,Centro,Nuovi,"Via Giuseppe Garibaldi 36, 00042 Anzio, RM, Lazio, Italia",41.4471008,12.6285618,"Anzio, Roma Capitale, Lazio, 00042, Italia",TROVATO_COMUNE,nominatim
,,RAGION_X,AGXXX,FR0XX,Via della Repubblica 42,Frosinone,03100,FR,Lazio,,Centro,Nuovi,"Via della Repubblica 42, 03100 Frosinone, FR, Lazio, Italia",41.5669897,13.3302804,"Via Della Repubblica, Ceccano, Frosinone, Lazio, 03023, Italia",TROVATO,nominatim
,,RAGION_X,AGXXX,FR0XX,Via della Repubblica 18,Lodi,26900,LO,Lombardia,,Nord,Nuovi,"Via della Repubblica 18, 26900 Lodi, LO, Lombardia, Italia",45.3274834,9.412314,"Via della Repubblica, Tavazzano, Tavazzano con Villavesco, Lodi, Lombardia, 26838, Italia",TROVATO,nominatim
,,RAGION_X,AGXXX,FR0XX,Via Nazionale 13,Imperia,18100,IM,Liguria,,Nord,Nuovi,"Via Nazionale 13, 18100 Imperia, IM, Liguria, Italia",43.8992337,8.0354232,"Farmacia Torres, 13, Via Nazionale, Castelvecchio di Santa Maria Maggiore, Oliveto, Imperia, Provincia di Imperia, Liguria, 18100, Italia",TROVATO,nominatim
,,RAGION_X,AGXXX,FR0XX,Via Giuseppe Garibaldi 196,Schio,36015,VI,Veneto,,Nord,Nuovi,"Via Giuseppe Garibaldi 196, 36015 Schio, VI, Veneto, Italia",45.7140953,11.3578813,"Via Giuseppe Garibaldi, Magrè, Schio, Vicenza, Veneto, 36015, Italia",TROVATO,nominatim
,,RAGION_X,AGXXX,FR0XX,Via Roma 100,Altamura,70022,BA,Puglia,,Sud,Nuovi,"Via Roma 100, 70022 Altamura, BA, Puglia, Italia",40.824766,16.5522735,"Via Roma, Altamura, Bari, Puglia, 70022, Italia",TROVATO,nominatim
,,RAGION_X,AGXXX,FR0XX,Via Torino 205,Cosenza,87100,CS,Calabria,,Sud,Nuovi,"Via Torino 205, 87100 Cosenza, CS, Calabria, Italia",39.3228678,16.242883,"Via Torino, Roges, Rende, Cosenza, Calabria, 87036, Italia",TROVATO,nominatim
,,RAGION_X,AGXXX,FR0XX,Via Milano 140,Acireale,95024,CT,Sicilia,,Sud,Nuovi,"Via Milano 140, 95024 Acireale, CT, Sicilia, Italia",37.6127773,15.1658804,"Acireale, Catania, Sicilia, 95024, Italia",TROVATO_COMUNE,nominatim
,,RAGION_X,AGXXX,FR0XX,Via della Repubblica 69,Carpi,41012,MO,Emilia-Romagna,,Nord,Nuovi,"Via della Repubblica 69, 41012 Carpi, MO, Emilia-Romagna, Italia",44.7835699,10.8854523,"Carpi, Unione delle Terre d'Argine, Modena, Emilia-Romagna, Italia",TROVATO_COMUNE,nominatim
,,RAGION_X,AGXXX,FR0XX,Via Leonardo da Vinci 15,Aosta,11100,AO,Valle D'Aosta,,Nord,Nuovi,"Via Leonardo da Vinci 15, 11100 Aosta, AO, Valle D'Aosta, Italia",45.7373075,7.3204025,"Aosta / Aoste, Valle d'Aosta / Vallée d'Aoste, 11100, Italia",TROVATO_COMUNE,nominatim
,,RAGION_X,AGXXX,FR0XX,Via Antonio Gramsci 146,Cuneo,12100,CN,Piemonte,,Nord,Nuovi,"Via Antonio Gramsci 146, 12100 Cuneo, CN, Piemonte, Italia",44.3345678,7.4899016,"Via Antonio Gramsci, Borgo San Dalmazzo, Cuneo, Piemonte, 12011, Italia",TROVATO,nominatim
,,RAGION_X,AGXXX,FR0XX,Via Torino 47,Lamezia Terme,88046,CZ,Calabria,,Sud,Nuovi,"Via Torino 47, 88046 Lamezia Terme, CZ, Calabria, Italia",38.967636,16.2845273,"Via Torino, Rione San Nicola, Sambiase, Gabella, Lamezia Terme, Catanzaro, Calabria, 88046, Italia",TROVATO,nominatim
,,RAGION_X,AGXXX,FR0XX,Via Aldo Moro 61,Senigallia,60019,AN,Marche,,Centro,Nuovi,"Via Aldo Moro 61, 60019 Senigallia, AN, Marche, Italia",43.6773749,13.2105712,"Senigallia, Ancona, Marche, 60019, Italia",TROVATO_COMUNE,nominatim
,,RAGION_X,AGXXX,FR0XX,Via Trento 76,Carrara,54033,MS,Toscana,,Centro,Nuovi,"Via Trento 76, 54033 Carrara, MS, Toscana, Italia",44.1110266,10.0738385,"Via Trento, Castelpoggio, Carrara, Massa-Carrara, Toscana, 54033, Italia",TROVATO,nominatim
,,RAGION_X,AGXXX,FR0XX,Via Firenze 135,Taranto,74121,TA,Puglia,,Sud,Nuovi,"Via Firenze 135, 74121 Taranto, TA, Puglia, Italia",40.603166,17.2262928,"Via Firenze, Crispiano, Taranto, Puglia, 74012, Italia",TROVATO,nominatim
,,RAGION_X,AGXXX,FR0XX,Via Guglielmo Marconi 21,Terni,05100,TR,Umbria,,Centro,Nuovi,"Via Guglielmo Marconi 21, 05100 Terni, TR, Umbria, Italia",42.6119638,12.5461681,"Via Guglielmo Marconi, San Gemini, Acquavogliera, San Gemini, Terni, Umbria, 05029, Italia",TROVATO,nominatim
,,RAGION_X,AGXXX,FR0XX,Via Trento 147,Altamura,70022,BA,Puglia,,Sud,Nuovi,"Via Trento 147, 70022 Altamura, BA, Puglia, Italia",40.8278436,16.5569531,"Via Trento, Altamura, Bari, Puglia, 70022, Italia",TROVATO,nominatim
,,RAGION_X,AGXXX,FR0XX,Via Cesare Battisti 133,Schio,36015,VI,Veneto,,Nord,Nuovi,"Via Cesare Battisti 133, 36015 Schio, VI, Veneto, Italia",45.7233579,11.355148,"Schio, Vicenza, Veneto, 36015, Italia",TROVATO_COMUNE,nominatim
,,RAGION_X,AGXXX,FR0XX,Via Giuseppe Mazzini 100,Lamezia Terme,88046,CZ,Calabria,,Sud,Nuovi,"Via Giuseppe Mazzini 100, 88046 Lamezia Terme, CZ, Calabria, Italia",38.9645069,16.3021451,"Lamezia Terme, Catanzaro, Calabria, 88046, Italia",TROVATO_COMUNE,nominatim
,,RAGION_X,AGXXX,FR0XX,Via Giuseppe Mazzini 186,Enna,94100,EN,Sicilia,,Sud,Nuovi,"Via Giuseppe Mazzini 186, 94100 Enna, EN, Sicilia, Italia",37.5864473,14.1732574,"Via Giuseppe Mazzini, Villarosa, Enna, Sicilia, 94028, Italia",TROVATO,nominatim
,,RAGION_X,AGXXX,FR0XX,Via Leonardo da Vinci 175,Napoli,80121,,Campania,,Sud,Nuovi,"Via Leonardo da Vinci 175, 80121 Napoli, , Campania, Italia",40.8958353,14.2742858,"Via Leonardo da Vinci, Casavatore, Napoli, Campania, 80020, Italia",TROVATO,nominatim
,,RAGION_X,AGXXX,FR0XX,Via Firenze 217,Novara,28100,NO,Piemonte,,Nord,Nuovi,"Via Firenze 217, 28100 Novara, NO, Piemonte, Italia",45.4363515,8.6032841,"Via Firenze, San Paolo, Novara, Piemonte, 28100, Italia",TROVATO,nominatim
,,RAGION_X,AGXXX,FR0XX,Via Leonardo da Vinci 104,Termoli,86039,CB,Molise,,Sud,Nuovi,"Via Leonardo da Vinci 104, 86039 Termoli, CB, Molise, Italia",41.9983273,14.9939366,"Termoli, Campobasso, Molise, 86039, Italia",TROVATO_COMUNE,nominatim
,,RAGION_X,AGXXX,FR0XX,Via XX Settembre 145,Caltanissetta,93100,CL,Sicilia,,Sud,Nuovi,"Via XX Settembre 145, 93100 Caltanissetta, CL, Sicilia, Italia",37.4882168,14.0605451,"Via Venti Settembre, Quartiere Provvidenza, Caltanissetta, Sicilia, 93100, Italia",TROVATO,nominatim
,,RAGION_X,AGXXX,FR0XX,Via Giuseppe Garibaldi 110,Agrigento,92100,AG,Sicilia,,Sud,Nuovi,"Via Giuseppe Garibaldi 110, 92100 Agrigento, AG, Sicilia, Italia",37.3125056,13.571616,"Via Giuseppe Garibaldi, Rabato, Villaseta, Agrigento, Sicilia, 92100, Italia",TROVATO,nominatim
,,RAGION_X,AGXXX,FR0XX,Via Antonio Gramsci 61,Ferrara,44121,FE,Emilia-Romagna,,Nord,Nuovi,"Via Antonio Gramsci 61, 44121 Ferrara, FE, Emilia-Romagna, Italia",44.8446706,11.8618433,"61, Via Antonio Gramsci, La Pachenia, Formignana, Tresignana, Unione Terre e Fiumi, Ferrara, Emilia-Romagna, 44035, Italia",TROVATO,nominatim
,,RAGION_X,AGXXX,FR0XX,Via Goffredo Mameli 125,Trieste,34121,TS,Friuli Venezia Giulia,,Nord,Nuovi,"Via Goffredo Mameli 125, 34121 Trieste, TS, Friuli Venezia Giulia, Italia",45.6442422,13.7923119,"Via Goffredo Mameli, Perugino, Barriera Vecchia, Barriera Vecchia-San Giacomo, Trieste, Friuli-Venezia Giulia, 34141, Italia",TROVATO,nominatim
,,RAGION_X,AGXXX,FR0XX,Via Giuseppe Mazzini 136,Verona,37121,VR,Veneto,,Nord,Nuovi,"Via Giuseppe Mazzini 136, 37121 Verona, VR, Veneto, Italia",45.4409557,10.9953172,"Via Giuseppe Mazzini, Città antica, Centro storico, Verona, Veneto, 37121, Italia",TROVATO,nominatim
,,RAGION_X,AGXXX,FR0XX,Via Venezia 176,Altamura,70022,BA,Puglia,,Sud,Nuovi,"Via Venezia 176, 70022 Altamura, BA, Puglia, Italia",40.8258637,16.5569341,"Via Venezia, Altamura, Bari, Puglia, 70022, Italia",TROVATO,nominatim
,,RAGION_X,AGXXX,FR0XX,Via Aldo Moro 30,Lucca,55100,LU,Toscana,,Centro,Nuovi,"Via Aldo Moro 30, 55100 Lucca, LU, Toscana, Italia",43.8311826,10.639816,"Via Aldo Moro, Turchetto, Montecarlo, Lucca, Toscana, 55015, Italia",TROVATO,nominatim
,,RAGION_X,AGXXX,FR0XX,Via Antonio Gramsci 40,Modena,41121,MO,Emilia-Romagna,,Nord,Nuovi,"Via Antonio Gramsci 40, 41121 Modena, MO, Emilia-Romagna, Italia",44.778562,10.888251,"40, Via Antonio Gramsci, Quartirolo, Carpi, Unione delle Terre d'Argine, Modena, Emilia-Romagna, 41012, Italia",TROVATO,nominatim
,,RAGION_X,AGXXX,FR0XX,Via Goffredo Mameli 184,Bolzano,39100,BZ,Trentino-Alto Adige,,Nord,Nuovi,"Via Goffredo Mameli 184, 39100 Bolzano, BZ, Trentino-Alto Adige, Italia",46.4984781,11.3547399,"Bolzano - Bozen, Trentino-Alto Adige/Südtirol, 39100, Italia",TROVATO_COMUNE,nominatim
,,RAGION_X,AGXXX,FR0XX,Corso Italia 124,Udine,33100,UD,Friuli Venezia Giulia,,Nord,Nuovi,"Corso Italia 124, 33100 Udine, UD, Friuli Venezia Giulia, Italia",45.8020939,12.9965396,"Corso Italia, Ronchis, Udine / Udin / Videm, Friuli-Venezia Giulia, 33050, Italia",TROVATO,nominatim
,,RAGION_X,AGXXX,FR0XX,Via Firenze 124,Cesena,47521,FC,Emilia-Romagna,,Nord,Nuovi,"Via Firenze 124, 47521 Cesena, FC, Emilia-Romagna, Italia",44.1638251,12.1727226,"Via Firenze, Capocolle, Bertinoro, Unione di Comuni della Romagna Forlivese, Forlì-Cesena, Emilia-Romagna, 47032, Italia",TROVATO,nominatim
,,RAGION_X,AGXXX,FR0XX,Via Trieste 65,Grosseto,58100,GR,Toscana,,Centro,Nuovi,"Via Trieste 65, 58100 Grosseto, GR, Toscana, Italia",42.767785,11.1085324,"Via Trieste, Porta Nuova, Centro, Grosseto, Toscana, 58100, Italia",TROVATO,nominatim
,,RAGION_X,AGXXX,FR0XX,Via Firenze 22,Palermo,90133,PA,Sicilia,,Sud,Nuovi,"Via Firenze 22, 90133 Palermo, PA, Sicilia, Italia",38.1155158,13.3637261,"Via Firenze, Kalsa, I Circoscrizione, Palermo, Sicilia, 90140, Italia",TROVATO,nominatim
,,RAGION_X,AGXXX,FR0XX,Via Giacomo Matteotti 33,Senigallia,60019,AN,Marche,,Centro,Nuovi,"Via Giacomo Matteotti 33, 60019 Senigallia, AN, Marche, Italia",43.6773749,13.2105712,"Senigallia, Ancona, Marche, 60019, Italia",TROVATO_COMUNE,nominatim
,,RAGION_X,AGXXX,FR0XX,Via Milano 108,Milano,20121,MI,Lombardia,,Nord,Nuovi,"Via Milano 108, 20121 Milano, MI, Lombardia, Italia",45.418342,9.3889377,"108, Via Milano, Paullo, Rodano, Milano, Lombardia, 20067, Italia",TROVATO,nominatim
,,RAGION_X,AGXXX,FR0XX,Via Alessandro Manzoni 167,Fano,61032,PU,Marche,,Centro,Nuovi,"Via Alessandro Manzoni 167, 61032 Fano, PU, Marche, Italia",43.8482907,13.0195771,"Via Alessandro Manzoni, Sassonia, Fano, Pesaro e Urbino, Marche, 61032, Italia",TROVATO,nominatim
,,RAGION_X,AGXXX,FR0XX,Via della Repubblica 152,Cerignola,71042,FG,Puglia,,Sud,Nuovi,"Via della Repubblica 152, 71042 Cerignola, FG, Puglia, Italia",41.2648121,15.8996651,"Cerignola, Foggia, Puglia, 71042, Italia",TROVATO_COMUNE,nominatim
,,RAGION_X,AGXXX,FR0XX,Via Venezia 59,Imperia,18100,IM,Liguria,,Nord,Nuovi,"Via Venezia 59, 18100 Imperia, IM, Liguria, Italia",43.8375469,7.8982655,"Via Venezia, Cavi, Santo Stefano al Mare, Provincia di Imperia, Liguria, 18015, Italia",TROVATO,nominatim
,,RAGION_X,AGXXX,FR0XX,Via Roma 121,Avellino,83100,AV,Campania,,Sud,Nuovi,"Via Roma 121, 83100 Avellino, AV, Campania, Italia",40.9118381,14.7817247,"Via Roma, Avellino, Campania, 83100, Italia",TROVATO,nominatim
,,RAGION_X,AGXXX,FR0XX,Via Firenze 191,Imperia,18100,IM,Liguria,,Nord,Nuovi,"Via Firenze 191, 18100 Imperia, IM, Liguria, Italia",43.8266921,7.8184287,"Via Firenze, Poggio di Sanremo, Sanremo, Provincia di Imperia, Liguria, 18038, Italia",TROVATO,nominatim
,,RAGION_X,AGXXX,FR0XX,Via Leonardo da Vinci 110,Cremona,26100,CR,Lombardia,,Nord,Nuovi,"Via Leonardo da Vinci 110, 26100 Cremona, CR, Lombardia, Italia",45.1640983,9.9544409,"Via Leonardo Da Vinci, Casanova del Morbasco, Sesto ed Uniti, Cremona, Lombardia, 26022, Italia",TROVATO,nominatim
,,RAGION_X,AGXXX,FR0XX,Corso Vittorio Emanuele 119,Olbia,07026,SS,Sardegna,,Sud,Nuovi,"Corso Vittorio Emanuele 119, 07026 Olbia, SS, Sardegna, Italia",40.7219767,8.5669667,"Via Olbia, Cappuccini, Tàttari/Sassari, Sardigna/Sardegna, 07100, Italia",TROVATO_COMUNE,nominatim
,,RAGION_X,AGXXX,FR0XX,Via Aldo Moro 182,Merano,39012,BZ,Trentino-Alto Adige,,Nord,Nuovi,"Via Aldo Moro 182, 39012 Merano, BZ, Trentino-Alto Adige, Italia",46.6713536,11.1646348,"Meran - Merano, Burggrafenamt - Burgraviato, Bolzano - Bozen, Trentino-Alto Adige/Südtirol, 39012, Italia",TROVATO_COMUNE,nominatim
,,RAGION_X,AGXXX,FR0XX,Via Giuseppe Verdi 49,Rivoli,10098,TO,Piemonte,,Nord,Nuovi,"Via Giuseppe Verdi 49, 10098 Rivoli, TO, Piemonte, Italia",45.0697151,7.5176764,"Rivoli, Torino, Piemonte, 10098, Italia",TROVATO_COMUNE,nominatim
,,RAGION_X,AGXXX,FR0XX,Via Alessandro Manzoni 12,Pesaro,61121,PU,Marche,,Centro,Nuovi,"Via Alessandro Manzoni 12, 61121 Pesaro, PU, Marche, Italia",43.8482292,13.0194618,"12, Via Alessandro Manzoni, Sassonia, Fano, Pesaro e Urbino, Marche, 61032, Italia",TROVATO,nominatim
,,RAGION_X,AGXXX,FR0XX,Via Milano 31,Quartu Sant'Elena,09045,CA,Sardegna,,Sud,Nuovi,"Via Milano 31, 09045 Quartu Sant'Elena, CA, Sardegna, Italia",39.244353,9.1821288,"31, Via Milano, Quartu Sant'Aleni/Quartu Sant'Elena, Casteddu/Cagliari, Sardigna/Sardegna, 09045, Italia",TROVATO,nominatim
,,RAGION_X,AGXXX,FR0XX,Via Nazionale 40,Torre del Greco,80059,,Campania,,Sud,Nuovi,"Via Nazionale 40, 80059 Torre del Greco, , Campania, Italia",40.7707905,14.4041549,"Via Nazionale, Santa Maria La Bruna, Torre del Greco, Napoli, Campania, 80059, Italia",TROVATO,nominatim
,,RAGION_X,AGXXX,FR0XX,Via Alessandro Manzoni 155,Senigallia,60019,AN,Marche,,Centro,Nuovi,"Via Alessandro Manzoni 155, 60019 Senigallia, AN, Marche, Italia",43.721465,13.2130469,"Via Alessandro Manzoni, Vivere Verde, Senigallia, Ancona, Marche, 60019, Italia",TROVATO,nominatim
,,RAGION_X,AGXXX,FR0XX,Via Bologna 86,Aversa,81031,CE,Campania,,Sud,Nuovi,"Via Bologna 86, 81031 Aversa, CE, Campania, Italia",40.9978825,14.1218416,"Via Bologna, San Cipriano d'Aversa, Caserta, Campania, 81033, Italia",TROVATO,nominatim
,,RAGION_X,AGXXX,FR0XX,Corso Vittorio Emanuele 122,Gallarate,21013,VA,Lombardia,,Nord,Nuovi,"Corso Vittorio Emanuele 122, 21013 Gallarate, VA, Lombardia, Italia",45.6598951,8.7932013,"Gallarate, Varese, Lombardia, 21013, Italia",TROVATO_COMUNE,nominatim
,,RAGION_X,AGXXX,FR0XX,Via Cesare Battisti 86,Busto Arsizio,21052,VA,Lombardia,,Nord,Nuovi,"Via Cesare Battisti 86, 21052 Busto Arsizio, VA, Lombardia, Italia",45.609304,8.8611062,"Via Cesare Battisti, Frati, Busto Arsizio, Varese, Lombardia, 21052, Italia",TROVATO,nominatim
,,RAGION_X,AGXXX,FR0XX,Via Nazionale 217,Carrara,54033,MS,Toscana,,Centro,Nuovi,"Via Nazionale 217, 54033 Carrara, MS, Toscana, Italia",44.1803848,10.0446655,"Via Nazionale, San Terenzo Monti, Ceserano, Fivizzano, Unione di comuni Montana Lunigiana, Massa-Carrara, Toscana, Italia",TROVATO,nominatim
,,RAGION_X,AGXXX,FR0XX,Via Alessandro Manzoni 198,Molfetta,70056,BA,Puglia,,Sud,Nuovi,"Via Alessandro Manzoni 198, 70056 Molfetta, BA, Puglia, Italia",41.2003778,16.5928691,"Via Alessandro Manzoni, Villaggio Belgiovine, Molfetta, Bari, Puglia, 70056, Italia",TROVATO,nominatim
,,RAGION_X,AGXXX,FR0XX,Via Giuseppe Garibaldi 22,Brindisi,72100,BR,Puglia,,Sud,Nuovi,"Via Giuseppe Garibaldi 22, 72100 Brindisi, BR, Puglia, Italia",40.4745564,17.9685474,"Via Giuseppe Garibaldi, Cellino San Marco, Brindisi, Puglia, 72020, Italia",TROVATO,nominatim
,,RAGION_X,AGXXX,FR0XX,Corso Vittorio Emanuele 199,Gorizia,34170,GO,Friuli Venezia Giulia,,Nord,Nuovi,"Corso Vittorio Emanuele 199, 34170 Gorizia, GO, Friuli Venezia Giulia, Italia",45.9441278,13.6252288,"Gorizia, Gorizia / Gurize / Gorica, Friuli-Venezia Giulia, 34170, Italia",TROVATO_COMUNE,nominatim
,,RAGION_X,AGXXX,FR0XX,Via Aldo Moro 118,Pisa,56121,PI,Toscana,,Centro,Nuovi,"Via Aldo Moro 118, 56121 Pisa, PI, Toscana, Italia",43.7100934,10.3890263,"Via Aldo Moro, Magistratura di Sant'Antonio, Porta a Mare, Pisa, Toscana, 56122, Italia",TROVATO,nominatim
,,RAGION_X,AGXXX,FR0XX,Via Nazionale 23,Livorno,57121,LI,Toscana,,Centro,Nuovi,"Via Nazionale 23, 57121 Livorno, LI, Toscana, Italia",43.5507317,10.3091256,"Livorno, Toscana, Italia",TROVATO_COMUNE,nominatim
,,RAGION_X,AGXXX,FR0XX,Via Trento 65,Taranto,74121,TA,Puglia,,Sud,Nuovi,"Via Trento 65, 74121 Taranto, TA, Puglia, Italia",40.4583014,17.3801349,"Via Trento, San Giorgio Ionico, Taranto, Puglia, 74027, Italia",TROVATO,nominatim
,,RAGION_X,AGXXX,FR0XX,Via Bologna 164,Vibo Valentia,89900,VV,Calabria,,Sud,Nuovi,"Via Bologna 164, 89900 Vibo Valentia, VV, Calabria, Italia",38.7060957,16.0821148,"Via Bologna, Porto Salvo, Bivona, Vibo Valentia, Calabria, 89900, Italia",TROVATO,nominatim
,,RAGION_X,AGXXX,FR0XX,Via Venezia 3,La Spezia,19121,SP,Liguria,,Nord,Nuovi,"Via Venezia 3, 19121 La Spezia, SP, Liguria, Italia",44.1092821,9.8109663,"Via Venezia, Gaggiola, Umberto I, Maggiano, Sarbia, La Spezia, Liguria, 19122, Italia",TROVATO,nominatim
,,RAGION_X,AGXXX,FR0XX,Via Dante Alighieri 12,Oristano,09170,OR,Sardegna,,Sud,Nuovi,"Via Dante Alighieri 12, 09170 Oristano, OR, Sardegna, Italia",39.8999526,8.588003,"12, Via Dante Alighieri, Palazzi Saia, Aristanis/Oristano, Sardigna/Sardegna, 09170, Italia",TROVATO,nominatim
,,RAGION_X,AGXXX,FR0XX,Via Bologna 159,Guidonia Montecelio,00012,RM,Lazio,,Centro,Nuovi,"Via Bologna 159, 00012 Guidonia Montecelio, RM, Lazio, Italia",41.9563125,12.7361768,"Via Bologna, Villalba, Guidonia Montecelio, Roma Capitale, Lazio, 00011, Italia",TROVATO,nominatim
,,RAGION_X,AGXXX,FR0XX,Via Giuseppe Garibaldi 84,Barletta,76121,BT,Puglia,,Sud,Nuovi,"Via Giuseppe Garibaldi 84, 76121 Barletta, BT, Puglia, Italia",41.2303675,16.2918447,"Via Giuseppe Garibaldi, San Valentino, Andria, Barletta-Andria-Trani, Puglia, 76123, Italia",TROVATO,nominatim
,,RAGION_X,AGXXX,FR0XX,Piazza Garibaldi 48,Casoria,80026,,Campania,,Sud,Nuovi,"Piazza Garibaldi 48, 80026 Casoria, , Campania, Italia",40.9045572,14.2901223,"Casoria, Napoli, Campania, 80026, Italia",TROVATO_COMUNE,nominatim
,,RAGION_X,AGXXX,FR0XX,Via Giuseppe Verdi 215,Alghero,07041,SS,Sardegna,,Sud,Nuovi,"Via Giuseppe Verdi 215, 07041 Alghero, SS, Sardegna, Italia",40.5570959,8.3203378,"Via Giuseppe Verdi, Mercede, l'Alguer/Alghero, Tàttari/Sassari, Sardigna/Sardegna, 07041, Italia",TROVATO,nominatim
,,RAGION_X,AGXXX,FR0XX,Via Venezia 61,Savona,17100,SV,Liguria,,Nord,Nuovi,"Via Venezia 61, 17100 Savona, SV, Liguria, Italia",44.3100521,8.4761239,"Via Venezia, Villetta, Savona, Liguria, 17100, Italia",TROVATO,nominatim
,,RAGION_X,AGXXX,FR0XX,Via Giuseppe Verdi 46,Foggia,71121,FG,Puglia,,Sud,Nuovi,"Via Giuseppe Verdi 46, 71121 Foggia, FG, Puglia, Italia",41.5119806,15.3344298,"Via Giuseppe Verdi, Lucera, Foggia, Puglia, 71036, Italia",TROVATO,nominatim
,,RAGION_X,AGXXX,FR0XX,Via Torino 97,Alghero,07041,SS,Sardegna,,Sud,Nuovi,"Via Torino 97, 07041 Alghero, SS, Sardegna, Italia",40.5587291,8.3153206,"l'Alguer/Alghero, Tàttari/Sassari, Sardigna/Sardegna, Italia",TROVATO_COMUNE,nominatim
,,RAGION_X,AGXXX,FR0XX,Piazza Garibaldi 60,Gorizia,34170,GO,Friuli Venezia Giulia,,Nord,Nuovi,"Piazza Garibaldi 60, 34170 Gorizia, GO, Friuli Venezia Giulia, Italia",45.8921905,13.4415435,"Piazza Giuseppe Garibaldi, Romans d'Isonzo / Romans dal Lusinç, Gorizia / Gurize / Gorica, Friuli-Venezia Giulia, 34076, Italia",TROVATO,nominatim
,,RAGION_X,AGXXX,FR0XX,Via Alessandro Manzoni 134,Prato,59100,PO,Toscana,,Centro,Nuovi,"Via Alessandro Manzoni 134, 59100 Prato, PO, Toscana, Italia",43.9286973,11.0349397,"Via Alessandro Manzoni, Montemurlo, Prato, Toscana, 59013, Italia",TROVATO,nominatim
,,RAGION_X,AGXXX,FR0XX,Via San Francesco 21,Moncalieri,10024,TO,Piemonte,,Nord,Nuovi,"Via San Francesco 21, 10024 Moncalieri, TO, Piemonte, Italia",45.0004614,7.6847543,"Moncalieri, Torino, Piemonte, 10024, Italia",TROVATO_COMUNE,nominatim
,,RAGION_X,AGXXX,FR0XX,Via Leonardo da Vinci 19,Sesto San Giovanni,20099,MI,Lombardia,,Nord,Nuovi,"Via Leonardo da Vinci 19, 20099 Sesto San Giovanni, MI, Lombardia, Italia",45.5414648,9.2333935,"19, Via Leonardo da Vinci, Baraggia, Rondinella, Sesto San Giovanni, Zona Omogenea Milano Nord, Milano, Lombardia, 20099, Italia",TROVATO,nominatim
,,RAGION_X,AGXXX,FR0XX,Via XX Settembre 127,Bitonto,70032,BA,Puglia,,Sud,Nuovi,"Via XX Settembre 127, 70032 Bitonto, BA, Puglia, Italia",41.0497743,16.5728773,"Bitonto, Bari, Puglia, 70032, Italia",TROVATO_COMUNE,nominatim
,,RAGION_X,AGXXX,FR0XX,Via Torino 137,Asti,14100,AT,Piemonte,,Nord,Nuovi,"Via Torino 137, 14100 Asti, AT, Piemonte, Italia",44.9369418,8.3413071,"Via Torino, Refrancore, Asti, Piemonte, 14030, Italia",TROVATO,nominatim
,,RAGION_X,AGXXX,FR0XX,Via Bologna 95,Olbia,07026,SS,Sardegna,,Sud,Nuovi,"Via Bologna 95, 07026 Olbia, SS, Sardegna, Italia",40.7219767,8.5669667,"Via Olbia, Cappuccini, Tàttari/Sassari, Sardigna/Sardegna, 07100, Italia",TROVATO_COMUNE,nominatim
,,RAGION_X,AGXXX,FR0XX,Piazza Garibaldi 25,Fiumicino,00054,RM,Lazio,,Centro,Nuovi,"Piazza Garibaldi 25, 00054 Fiumicino, RM, Lazio, Italia",41.7712145,12.2278855,"Fiumicino, Roma Capitale, Lazio, Italia",TROVATO_COMUNE,nominatim
,,RAGION_X,AGXXX,FR0XX,Via Dante Alighieri 22,Molfetta,70056,BA,Puglia,,Sud,Nuovi,"Via Dante Alighieri 22, 70056 Molfetta, BA, Puglia, Italia",41.1992456,16.5968279,"Molfetta, Bari, Puglia, 70056, Italia",TROVATO_COMUNE,nominatim
,,RAGION_X,AGXXX,FR0XX,Via Giacomo Matteotti 138,Vittoria,97019,RG,Sicilia,,Sud,Nuovi,"Via Giacomo Matteotti 138, 97019 Vittoria, RG, Sicilia, Italia",36.9523235,14.5351375,"Via Giacomo Matteotti, Vittoria, Ragusa, Sicilia, 97019, Italia",TROVATO,nominatim
,,RAGION_X,AGXXX,FR0XX,Via Giuseppe Garibaldi 203,Rovigo,45100,RO,Veneto,,Nord,Nuovi,"Via Giuseppe Garibaldi 203, 45100 Rovigo, RO, Veneto, Italia",45.0645186,11.8641721,"Via Giuseppe Garibaldi, Villadose, Rovigo, Veneto, 45010, Italia",TROVATO,nominatim
,,RAGION_X,AGXXX,FR0XX,Piazza Garibaldi 207,Brescia,25121,BS,Lombardia,,Nord,Nuovi,"Piazza Garibaldi 207, 25121 Brescia, BS, Lombardia, Italia",45.568728,9.9991346,"Piazza Garibaldi, Rovato, Corte Franca, Brescia, Lombardia, 25038, Italia",TROVATO,nominatim
,,RAGION_X,AGXXX,FR0XX,Via Alessandro Manzoni 19,Asti,14100,AT,Piemonte,,Nord,Nuovi,"Via Alessandro Manzoni 19, 14100 Asti, AT, Piemonte, Italia",44.9084786,8.1988089,"Via Alessandro Manzoni, Borgo Don Bosco, Asti, Piemonte, 14100, Italia",TROVATO,nominatim
,,RAGION_X,AGXXX,FR0XX,Via Leonardo da Vinci 101,Modica,97015,RG,Sicilia,,Sud,Nuovi,"Via Leonardo da Vinci 101, 97015 Modica, RG, Sicilia, Italia",36.8589209,14.7613018,"Modica, Ragusa, Sicilia, Italia",TROVATO_COMUNE,nominatim
,,RAGION_X,AGXXX,FR0XX,Via Trento 36,Monopoli,70043,BA,Puglia,,Sud,Nuovi,"Via Trento 36, 70043 Monopoli, BA, Puglia, Italia",40.9522369,17.299948,"Monopoli, Bari, Puglia, Italia",TROVATO_COMUNE,nominatim
,,RAGION_X,AGXXX,FR0XX,Via Giuseppe Garibaldi 194,Giugliano in Campania,80014,,Campania,,Sud,Nuovi,"Via Giuseppe Garibaldi 194, 80014 Giugliano in Campania, , Campania, Italia",40.9283217,14.2011232,"Giugliano in Campania, Napoli, Campania, 80014, Italia",TROVATO_COMUNE,nominatim
,,RAGION_X,AGXXX,FR0XX,Via San Francesco 27,Cesena,47521,FC,Emilia-Romagna,,Nord,Nuovi,"Via San Francesco 27, 47521 Cesena, FC, Emilia-Romagna, Italia",44.1331647,12.4294151,"Via San Francesco, San Mauro Pascoli, Unione Rubicone e mare, Forlì-Cesena, Emilia-Romagna, 47030, Italia",TROVATO,nominatim
,,RAGION_X,AGXXX,FR0XX,Corso Vittorio Emanuele 64,Molfetta,70056,BA,Puglia,,Sud,Nuovi,"Corso Vittorio Emanuele 64, 70056 Molfetta, BA, Puglia, Italia",41.1992456,16.5968279,"Molfetta, Bari, Puglia, 70056, Italia",TROVATO_COMUNE,nominatim
,,RAGION_X,AGXXX,FR0XX,Via Vittorio Emanuele II 177,Padova,35121,PD,Veneto,,Nord,Nuovi,"Via Vittorio Emanuele II 177, 35121 Padova, PD, Veneto, Italia",45.3927169,11.871192,"Via Vittorio Emanuele II, Sacra Famiglia, Padova, Veneto, 35100, Italia",TROVATO,nominatim
,,RAGION_X,AGXXX,FR0XX,Via Trento 219,Como,22100,CO,Lombardia,,Nord,Nuovi,"Via Trento 219, 22100 Como, CO, Lombardia, Italia",45.8374939,9.0682459,"Via Trento, Asnigo, Piazza Santo Stefano, Olzino, Cernobbio, Como, Lombardia, 22012, Italia",TROVATO,nominatim
,,RAGION_X,AGXXX,FR0XX,Via Milano 179,Casoria,80026,,Campania,,Sud,Nuovi,"Via Milano 179, 80026 Casoria, , Campania, Italia",40.9045572,14.2901223,"Casoria, Napoli, Campania, 80026, Italia",TROVATO_COMUNE,nominatim
,,RAGION_X,AGXXX,FR0XX,Via Torino 24,Sanremo,18038,IM,Liguria,,Nord,Nuovi,"Via Torino 24, 18038 Sanremo, IM, Liguria, Italia",43.8256142,7.8372379,"Via Torino, Bussana, Sanremo, Provincia di Imperia, Liguria, 18018, Italia",TROVATO,nominatim
,,RAGION_X,AGXXX,FR0XX,Via Firenze 95,Afragola,80021,,Campania,,Sud,Nuovi,"Via Firenze 95, 80021 Afragola, , Campania, Italia",40.9157172,14.3080789,"Via Firenze, Sant'Antonio, Via Vecchia, Afragola, Napoli, Campania, 80021, Italia",TROVATO,nominatim
,,RAGION_X,AGXXX,FR0XX,Via Bologna 64,Alba,12051,CN,Piemonte,,Nord,Nuovi,"Via Bologna 64, 12051 Alba, CN, Piemonte, Italia",44.686594,8.0311259,"Alba, Cuneo, Piemonte, Italia",TROVATO_COMUNE,nominatim
,,RAGION_X,AGXXX,FR0XX,Via Guglielmo Marconi 202,Ferrara,44121,FE,Emilia-Romagna,,Nord,Nuovi,"Via Guglielmo Marconi 202, 44121 Ferrara, FE, Emilia-Romagna, Italia",44.8453494,11.5986454,"Via Guglielmo Marconi, Doro, Ferrara, Emilia-Romagna, 44122, Italia",TROVATO,nominatim
,,RAGION_X,AGXXX,FR0XX,Piazza Cavour 176,Sacile,33077,PN,Friuli Venezia Giulia,,Nord,Nuovi,"Piazza Cavour 176, 33077 Sacile, PN, Friuli Venezia Giulia, Italia",45.9548046,12.5034415,"Sacile, Pordenone / Pordenon, Friuli-Venezia Giulia, 33077, Italia",TROVATO_COMUNE,nominatim
,,RAGION_X,AGXXX,FR0XX,Via San Francesco 173,Campobasso,86100,CB,Molise,,Sud,Nuovi,"Via San Francesco 173, 86100 Campobasso, CB, Molise, Italia",41.611913,14.7111047,"Via San Francesco, Matrice, Campobasso, Molise, 86030, Italia",TROVATO,nominatim
,,RAGION_X,AGXXX,FR0XX,Via Antonio Gramsci 31,Milano,20121,MI,Lombardia,,Nord,Nuovi,"Via Antonio Gramsci 31, 20121 Milano, MI, Lombardia, Italia",45.4949677,9.2940134,"31, Via Antonio Gramsci, Villaggio Ambrosiano, Milano Oltre, Santa Monica, Rovagnasco, Segrate, Rodano, Milano, Lombardia, 20054, Italia",TROVATO,nominatim
,,RAGION_X,AGXXX,FR0XX,Via Goffredo Mameli 182,Prato,59100,PO,Toscana,,Centro,Nuovi,"Via Goffredo Mameli 182, 59100 Prato, PO, Toscana, Italia",43.8869226,11.0873974,"Via Goffredo Mameli, San Paolo, Prato, Toscana, 59100, Italia",TROVATO,nominatim
,,RAGION_X,AGXXX,FR0XX,Via Camillo Cavour 44,Lucca,55100,LU,Toscana,,Centro,Nuovi,"Via Camillo Cavour 44, 55100 Lucca, LU, Toscana, Italia",43.8347926,10.2974821,"Via Camillo Benso Conte Di Cavour, Bicchio, Torre del Lago Puccini, Viareggio, Unione dei comuni della Versilia, Lucca, Toscana, 55049, Italia",TROVATO,nominatim
,,RAGION_X,AGXXX,FR0XX,Via Milano 69,Caltanissetta,93100,CL,Sicilia,,Sud,Nuovi,"Via Milano 69, 93100 Caltanissetta, CL, Sicilia, Italia",37.4881237,13.9838472,"Via Milano, Bigini, San Cataldo, Caltanissetta, Sicilia, 93017, Italia",TROVATO,nominatim
,,RAGION_X,AGXXX,FR0XX,Via Guglielmo Marconi 190,Pisa,56121,PI,Toscana,,Centro,Nuovi,"Via Guglielmo Marconi 190, 56121 Pisa, PI, Toscana, Italia",43.703814,10.4002502,"Via Guglielmo Marconi, San Marco, Ospedaletto, Pisa, Toscana, 56126, Italia",TROVATO,nominatim
,,RAGION_X,AGXXX,FR0XX,Via Roma 56,Aosta,11100,AO,Valle D'Aosta,,Nord,Nuovi,"Via Roma 56, 11100 Aosta, AO, Valle D'Aosta, Italia",45.7373075,7.3204025,"Aosta / Aoste, Valle d'Aosta / Vallée d'Aoste, 11100, Italia",TROVATO_COMUNE,nominatim
,,RAGION_X,AGXXX,FR0XX,Via Leonardo da Vinci 174,Chieti,66100,CH,Abruzzo,,Sud,Nuovi,"Via Leonardo da Vinci 174, 66100 Chieti, CH, Abruzzo, Italia",42.3633255,14.2391828,"Via Leonardo da Vinci, Trettornesi, Ripa Teatina, Chieti, Abruzzo, 66010, Italia",TROVATO,nominatim
,,RAGION_X,AGXXX,FR0XX,Via Firenze 213,Massa,54100,MS,Toscana,,Centro,Nuovi,"Via Firenze 213, 54100 Massa, MS, Toscana, Italia",44.0064823,10.1142692,"Via Firenze, Puliche, Marina di Massa, Massa, Massa-Carrara, Toscana, 54100, Italia",TROVATO,nominatim
,,RAGION_X,AGXXX,FR0XX,Via Dante Alighieri 194,Campobasso,86100,CB,Molise,,Sud,Nuovi,"Via Dante Alighieri 194, 86100 Campobasso, CB, Molise, Italia",41.8027001,14.7943764,"Via Dante Alighieri, Guardialfiera, Campobasso, Molise, 86030, Italia",TROVATO,nominatim
,,RAGION_X,AGXXX,FR0XX,Via Giuseppe Mazzini 51,Torino,10121,TO,Piemonte,,Nord,Nuovi,"Via Giuseppe Mazzini 51, 10121 Torino, TO, Piemonte, Italia",45.0603501,7.6914996,"51a, Via Giuseppe Mazzini, Borgo Nuovo, Centro, Circoscrizione 1, Torino, Piemonte, 10123, Italia",TROVATO,nominatim
,,RAGION_X,AGXXX,FR0XX,Via Giacomo Matteotti 208,Torre del Greco,80059,,Campania,,Sud,Nuovi,"Via Giacomo Matteotti 208, 80059 Torre del Greco, , Campania, Italia",40.7950825,14.3660883,"Via Giacomo Matteotti, Lava Nuovo, Torre del Greco, Napoli, Campania, 80056, Italia",TROVATO,nominatim
,,RAGION_X,AGXXX,FR0XX,Via Vittorio Emanuele II 183,Trapani,91100,TP,Sicilia,,Sud,Nuovi,"Via Vittorio Emanuele II 183, 91100 Trapani, TP, Sicilia, Italia",38.0368838,12.5854473,"Via Vittorio Emanuele, Erice, Trapani, Sicilia, 91016, Italia",TROVATO,nominatim
,,RAGION_X,AGXXX,FR0XX,Via Dante Alighieri 62,Aprilia,04011,LT,Lazio,,Centro,Nuovi,"Via Dante Alighieri 62, 04011 Aprilia, LT, Lazio, Italia",41.5967034,12.6497632,"Via Dante Alighieri, Aprilia, Latina, Lazio, 04011, Italia",TROVATO,nominatim
,,RAGION_X,AGXXX,FR0XX,Via Dante Alighieri 164,Verbania,28921,VB,Piemonte,,Nord,Nuovi,"Via Dante Alighieri 164, 28921 Verbania, VB, Piemonte, Italia",45.9344082,8.5580062,"Verbania, Verbano-Cusio-Ossola, Piemonte, Italia",TROVATO_COMUNE,nominatim
,,RAGION_X,AGXXX,FR0XX,Via Firenze 30,Lamezia Terme,88046,CZ,Calabria,,Sud,Nuovi,"Via Firenze 30, 88046 Lamezia Terme, CZ, Calabria, Italia",38.9661999,16.2837594,"Via Firenze, Rione San Nicola, Sambiase, Gabella, Lamezia Terme, Catanzaro, Calabria, 88046, Italia",TROVATO,nominatim
,,RAGION_X,AGXXX,FR0XX,Via Cesare Battisti 147,Viareggio,55049,LU,Toscana,,Centro,Nuovi,"Via Cesare Battisti 147, 55049 Viareggio, LU, Toscana, Italia",43.8294211,10.286166,"Via Cesare Battisti, Torre del Lago Puccini, Viareggio, Unione dei comuni della Versilia, Lucca, Toscana, 55049, Italia",TROVATO,nominatim
,,RAGION_X,AGXXX,FR0XX,Via Giuseppe Verdi 22,Venezia,30121,VE,Veneto,,Nord,Nuovi,"Via Giuseppe Verdi 22, 30121 Venezia, VE, Veneto, Italia",45.4927044,12.2392497,"Via Giuseppe Verdi, Carpenedo, Mestre-Carpenedo, Mestre, Venezia, Veneto, 30170, Italia",TROVATO,nominatim
,,RAGION_X,AGXXX,FR0XX,Via Leonardo da Vinci 78,Ravenna,48121,RA,Emilia-Romagna,,Nord,Nuovi,"Via Leonardo da Vinci 78, 48121 Ravenna, RA, Emilia-Romagna, Italia",44.4312713,11.9121158,"78, Via Leonardo da Vinci, Lugo, Unione dei comuni della Bassa Romagna, Ravenna, Emilia-Romagna, 48022, Italia",TROVATO,nominatim
,,RAGION_X,AGXXX,FR0XX,Via Goffredo Mameli 207,Pisa,56121,PI,Toscana,,Centro,Nuovi,"Via Goffredo Mameli 207, 56121 Pisa, PI, Toscana, Italia",43.6999557,10.4090772,"Via Goffredo Mameli, La Cella, San Marco, Ospedaletto, Pisa, Toscana, 56121, Italia",TROVATO,nominatim
,,RAGION_X,AGXXX,FR0XX,Via Vittorio Emanuele II 101,Reggio Calabria,89121,RC,Calabria,,Sud,Nuovi,"Via Vittorio Emanuele II 101, 89121 Reggio Calabria, RC, Calabria, Italia",38.0864593,15.6771819,"Via Vittorio Emanuele secondo, Ravagnese, Gallina, Reggio di Calabria, Reggio Calabria, Calabria, 89131, Italia",TROVATO,nominatim
,,RAGION_X,AGXXX,FR0XX,Via Vittorio Emanuele II 164,Cremona,26100,CR,Lombardia,,Nord,Nuovi,"Via Vittorio Emanuele II 164, 26100 Cremona, CR, Lombardia, Italia",45.1003912,10.2109462,"Via Vittorio Emanuele II, San Lorenzo Mondinari, Cella Dati, Cremona, Lombardia, 26040, Italia",TROVATO,nominatim
,,RAGION_X,AGXXX,FR0XX,Via Giuseppe Mazzini 200,Altamura,70022,BA,Puglia,,Sud,Nuovi,"Via Giuseppe Mazzini 200, 70022 Altamura, BA, Puglia, Italia",40.8253238,16.5495483,"Via Giuseppe Mazzini, Altamura, Bari, Puglia, 70022, Italia",TROVATO,nominatim
,,RAGION_X,AGXXX,FR0XX,Via Nazionale 143,Bisceglie,76011,BT,Puglia,,Sud,Nuovi,"Via Nazionale 143, 76011 Bisceglie, BT, Puglia, Italia",41.2407788,16.5019124,"Bisceglie, Barletta-Andria-Trani, Puglia, 76011, Italia",TROVATO_COMUNE,nominatim
,,RAGION_X,AGXXX,FR0XX,Via Aldo Moro 88,Carrara,54033,MS,Toscana,,Centro,Nuovi,"Via Aldo Moro 88, 54033 Carrara, MS, Toscana, Italia",44.2970357,9.9494712,"Via Aldo Moro, La Vigna, Villafranca in Lunigiana, Unione di comuni Montana Lunigiana, Massa-Carrara, Toscana, 54028, Italia",TROVATO,nominatim
,,RAGION_X,AGXXX,FR0XX,Via della Repubblica 168,Monfalcone,34074,GO,Friuli Venezia Giulia,,Nord,Nuovi,"Via della Repubblica 168, 34074 Monfalcone, GO, Friuli Venezia Giulia, Italia",45.8049454,13.5330592,"Monfalcone, Gorizia / Gurize / Gorica, Friuli-Venezia Giulia, 34074, Italia",TROVATO_COMUNE,nominatim
,,RAGION_X,AGXXX,FR0XX,Via Trento 63,Verona,37121,VR,Veneto,,Nord,Nuovi,"Via Trento 63, 37121 Verona, VR, Veneto, Italia",45.4587018,10.9756015,"Via Trento, Ponte Crencano, Nord-Ovest, Quinzano, Verona, Veneto, 37125, Italia",TROVATO,nominatim
,,RAGION_X,AGXXX,FR0XX,Via Leonardo da Vinci 12,Velletri,00049,RM,Lazio,,Centro,Nuovi,"Via Leonardo da Vinci 12, 00049 Velletri, RM, Lazio, Italia",41.7182734,12.8060134,"Via Leonardo da Vinci, Velletri, Roma Capitale, Lazio, 00076, Italia",TROVATO,nominatim
,,RAGION_X,AGXXX,FR0XX,Via Dante Alighieri 79,Lamezia Terme,88046,CZ,Calabria,,Sud,Nuovi,"Via Dante Alighieri 79, 88046 Lamezia Terme, CZ, Calabria, Italia",38.9645069,16.3021451,"Lamezia Terme, Catanzaro, Calabria, 88046, Italia",TROVATO_COMUNE,nominatim
,,RAGION_X,AGXXX,FR0XX,Piazza Garibaldi 203,Massa,54100,MS,Toscana,,Centro,Nuovi,"Piazza Garibaldi 203, 54100 Massa, MS, Toscana, Italia",44.0342586,10.1389425,"Piazza Giuseppe Garibaldi, Ponticello, Camponelli, San Carlo, Massa, Massa-Carrara, Toscana, 54100, Italia",TROVATO,nominatim
,,RAGION_X,AGXXX,FR0XX,Via Aldo Moro 60,Bari,70121,BA,Puglia,,Sud,Nuovi,"Via Aldo Moro 60, 70121 Bari, BA, Puglia, Italia",41.0434891,16.924703,"Via Aldo Moro, Capurso, Bari, Puglia, 70019, Italia",TROVATO,nominatim
,,RAGION_X,AGXXX,FR0XX,Via Giuseppe Mazzini 54,Asti,14100,AT,Piemonte,,Nord,Nuovi,"Via Giuseppe Mazzini 54, 14100 Asti, AT, Piemonte, Italia",44.8983803,8.1979284,"Via Giuseppe Mazzini, Rione Cattedrale, Asti, Piemonte, 14100, Italia",TROVATO,nominatim
,,RAGION_X,AGXXX,FR0XX,Via Giacomo Matteotti 202,Cerignola,71042,FG,Puglia,,Sud,Nuovi,"Via Giacomo Matteotti 202, 71042 Cerignola, FG, Puglia, Italia",41.2648121,15.8996651,"Cerignola, Foggia, Puglia, 71042, Italia",TROVATO_COMUNE,nominatim
,,RAGION_X,AGXXX,FR0XX,Via Antonio Gramsci 63,Guidonia Montecelio,00012,RM,Lazio,,Centro,Nuovi,"Via Antonio Gramsci 63, 00012 Guidonia Montecelio, RM, Lazio, Italia",41.999685,12.7267223,"Via Aldo Riccardo Chiorboli, La Pietrara, Guidonia, Guidonia Montecelio, Roma Capitale, Lazio, 00012, Italia",TROVATO,nominatim
,,RAGION_X,AGXXX,FR0XX,Via Giuseppe Garibaldi 211,Guidonia Montecelio,00012,RM,Lazio,,Centro,Nuovi,"Via Giuseppe Garibaldi 211, 00012 Guidonia Montecelio, RM, Lazio, Italia",41.9680741,12.7609116,"Via Giuseppe Garibaldi, PeppeLand, Le Sprete, Villanova, Guidonia Montecelio, Roma Capitale, Lazio, 00010, Italia",TROVATO,nominatim
,,RAGION_X,AGXXX,FR0XX,Via della Repubblica 220,Chioggia,30015,VE,Veneto,,Nord,Nuovi,"Via della Repubblica 220, 30015 Chioggia, VE, Veneto, Italia",45.2165505,12.2751173,"Via della Repubblica, Tombola, Sottomarina, Chioggia, Venezia, Veneto, 30015, Italia",TROVATO,nominatim
,,RAGION_X,AGXXX,FR0XX,Via Camillo Cavour 96,Perugia,06121,PG,Umbria,,Centro,Nuovi,"Via Camillo Cavour 96, 06121 Perugia, PG, Umbria, Italia",43.0842761,12.3011694,"Via Camillo Benso Conte di Cavour, San Mariano, San Carlo, Chiugiana, Corciano, Perugia, Umbria, 06073, Italia",TROVATO,nominatim
,,RAGION_X,AGXXX,FR0XX,Via Giuseppe Mazzini 33,Latina,04100,LT,Lazio,,Centro,Nuovi,"Via Giuseppe Mazzini 33, 04100 Latina, LT, Lazio, Italia",41.5900071,12.8274114,"Via Giuseppe Mazzini, Cisterna di Latina, Latina, Lazio, 04012, Italia",TROVATO,nominatim
,,RAGION_X,AGXXX,FR0XX,Via Firenze 138,Pordenone,33170,PN,Friuli Venezia Giulia,,Nord,Nuovi,"Via Firenze 138, 33170 Pordenone, PN, Friuli Venezia Giulia, Italia",45.9709812,12.6148007,"Via Firenze, Sant'Antonio, Rorai Piccolo / Rorai Piçul, Porcia / Purcie, Porcia, Pordenone / Pordenon, Friuli-Venezia Giulia, 33080, Italia",TROVATO,nominatim
,,RAGION_X,AGXXX,FR0XX,Via Cesare Battisti 65,Treviso,31100,TV,Veneto,,Nord,Nuovi,"Via Cesare Battisti 65, 31100 Treviso, TV, Veneto, Italia",45.6388294,12.2418003,"Via Cesare Battisti, Frescada, San Trovaso, Preganziol, Treviso, Veneto, 31022, Italia",TROVATO,nominatim
,,RAGION_X,AGXXX,FR0XX,Via Guglielmo Marconi 160,Viterbo,01100,VT,Lazio,,Centro,Nuovi,"Via Guglielmo Marconi 160, 01100 Viterbo, VT, Lazio, Italia",42.4196797,12.1063094,"Via Guglielmo Marconi, La Quercia, Viterbo, Lazio, 01100, Italia",TROVATO,nominatim
,,RAGION_X,AGXXX,FR0XX,Via Antonio Gramsci 74,Chieti,66100,CH,Abruzzo,,Sud,Nuovi,"Via Antonio Gramsci 74, 66100 Chieti, CH, Abruzzo, Italia",42.3401294,14.3169077,"Via Antonio Gramsci, Macchie, Tollo, Chieti, Abruzzo, Italia",TROVATO,nominatim
,,RAGION_X,AGXXX,FR0XX,Via Dante Alighieri 3,Vercelli,13100,VC,Piemonte,,Nord,Nuovi,"Via Dante Alighieri 3, 13100 Vercelli, VC, Piemonte, Italia",45.3574751,8.3916392,"3, Via Dante Alighieri, Caresanablot, Vercelli, Piemonte, 13100, Italia",TROVATO,nominatim
,,RAGION_X,AGXXX,FR0XX,Via Bologna 124,Tivoli,00019,RM,Lazio,,Centro,Nuovi,"Via Bologna 124, 00019 Tivoli, RM, Lazio, Italia",41.960922,12.798884,"Tivoli, Roma Capitale, Lazio, Italia",TROVATO_COMUNE,nominatim
,,RAGION_X,AGXXX,FR0XX,Via Goffredo Mameli 85,Varese,21100,VA,Lombardia,,Nord,Nuovi,"Via Goffredo Mameli 85, 21100 Varese, VA, Lombardia, Italia",45.7709656,8.8266235,"Via Goffredo Mameli, Cuffia, Morazzone, Varese, Lombardia, 21040, Italia",TROVATO,nominatim
,,RAGION_X,AGXXX,FR0XX,Via Giuseppe Garibaldi 26,Matera,75100,MT,Basilicata,,Sud,Nuovi,"Via Giuseppe Garibaldi 26, 75100 Matera, MT, Basilicata, Italia",40.54813,16.2274987,"26, Via Giuseppe Garibaldi, Garaguso, Matera, Basilicata, 75010, Italia",TROVATO,nominatim
,,RAGION_X,AGXXX,FR0XX,Via della Repubblica 77,Pozzuoli,80078,,Campania,,Sud,Nuovi,"Via della Repubblica 77, 80078 Pozzuoli, , Campania, Italia",40.822643,14.1219109,"Pozzuoli, Napoli, Campania, 80078, Italia",TROVATO_COMUNE,nominatim
,,RAGION_X,AGXXX,FR0XX,Corso Vittorio Emanuele 25,Rivoli,10098,TO,Piemonte,,Nord,Nuovi,"Corso Vittorio Emanuele 25, 10098 Rivoli, TO, Piemonte, Italia",45.0697151,7.5176764,"Rivoli, Torino, Piemonte, 10098, Italia",TROVATO_COMUNE,nominatim
,,RAGION_X,AGXXX,FR0XX,Via Giacomo Matteotti 21,Ascoli Piceno,63100,AP,Marche,,Centro,Nuovi,"Via Giacomo Matteotti 21, 63100 Ascoli Piceno, AP, Marche, Italia",42.8631363,13.7162697,"Via Giacomo Matteotti, Sambuco, Cerreto, Castel di Lama, Ascoli Piceno, Marche, 63082, Italia",TROVATO,nominatim
,,RAGION_X,AGXXX,FR0XX,Via Venezia 172,Massa,54100,MS,Toscana,,Centro,Nuovi,"Via Venezia 172, 54100 Massa, MS, Toscana, Italia",44.0120292,10.1083191,"Via Venezia, Lodolina, Puliche, Marina di Massa, Massa, Massa-Carrara, Toscana, 54100, Italia",TROVATO,nominatim
,,RAGION_X,AGXXX,FR0XX,Via Alessandro Manzoni 147,Salerno,84121,SA,Campania,,Sud,Nuovi,"Via Alessandro Manzoni 147, 84121 Salerno, SA, Campania, Italia",40.6448515,14.8716975,"Via Alessandro Manzoni, Pontecagnano, Pontecagnano Faiano, Salerno, Campania, 84141, Italia",TROVATO,nominatim
,,RAGION_X,AGXXX,FR0XX,Via Leonardo da Vinci 20,Nuoro,08100,NU,Sardegna,,Sud,Nuovi,"Via Leonardo da Vinci 20, 08100 Nuoro, NU, Sardegna, Italia",40.3193253,9.3345657,"20, Via Leonardo da Vinci, Seuna, Nùgoro/Nuoro, Nuoro, Sardigna/Sardegna, 08100, Italia",TROVATO,nominatim
,,RAGION_X,AGXXX,FR0XX,Via Camillo Cavour 119,Reggio Calabria,89121,RC,Calabria,,Sud,Nuovi,"Via Camillo Cavour 119, 89121 Reggio Calabria, RC, Calabria, Italia",37.9433999,15.7088207,"Via Camillo Benso di Cavour, Serro, Saline Joniche, Montebello Jonico, Reggio Calabria, Calabria, 89064, Italia",TROVATO,nominatim
,,RAGION_X,AGXXX,FR0XX,Via Giacomo Matteotti 63,Cagliari,09121,CA,Sardegna,,Sud,Nuovi,"Via Giacomo Matteotti 63, 09121 Cagliari, CA, Sardegna, Italia",39.3015071,9.0950848,"Via Giacomo Matteotti, Sestu, Casteddu/Cagliari, Sardigna/Sardegna, 09028, Italia",TROVATO,nominatim
,,RAGION_X,AGXXX,FR0XX,Via Camillo Cavour 104,Taranto,74121,TA,Puglia,,Sud,Nuovi,"Via Camillo Cavour 104, 74121 Taranto, TA, Puglia, Italia",40.4375499,17.3881136,"Via Camillo Benso Conte di Cavour, Roccaforzata, Taranto, Puglia, 74021, Italia",TROVATO,nominatim
,,RAGION_X,AGXXX,FR0XX,Via XX Settembre 117,Rimini,47921,RN,Emilia-Romagna,,Nord,Nuovi,"Via XX Settembre 117, 47921 Rimini, RN, Emilia-Romagna, Italia",43.9624792,12.7435513,"Via venti settembre, Cattolica, Rimini, Emilia-Romagna, 61011, Italia",TROVATO,nominatim
,,RAGION_X,AGXXX,FR0XX,Via Milano 43,Frosinone,03100,FR,Lazio,,Centro,Nuovi,"Via Milano 43, 03100 Frosinone, FR, Lazio, Italia",41.6126921,13.5535075,"Via Milano, Fontana Liri, Frosinone, Lazio, 03035, Italia",TROVATO,nominatim
,,RAGION_X,AGXXX,FR0XX,Via Leonardo da Vinci 60,Busto Arsizio,21052,VA,Lombardia,,Nord,Nuovi,"Via Leonardo da Vinci 60, 21052 Busto Arsizio, VA, Lombardia, Italia",45.6120646,8.8629656,"Via Leonardo da Vinci, Frati, Busto Arsizio, Varese, Lombardia, 21052, Italia",TROVATO,nominatim
,,RAGION_X,AGXXX,FR0XX,Via San Francesco 44,Livorno,57121,LI,Toscana,,Centro,Nuovi,"Via San Francesco 44, 57121 Livorno, LI, Toscana, Italia",43.5497253,10.3087363,"Via San Francesco, Consiglio di Zona 2, Livorno, Toscana, 57123, Italia",TROVATO,nominatim
,,RAGION_X,AGXXX,FR0XX,Via Firenze 192,Teramo,64100,TE,Abruzzo,,Sud,Nuovi,"Via Firenze 192, 64100 Teramo, TE, Abruzzo, Italia",42.6657671,13.722497,"Via Firenze, San Berardo, Teramo, Abruzzo, 64100, Italia",TROVATO,nominatim
,,RAGION_X,AGXXX,FR0XX,Via Venezia 58,Quartu Sant'Elena,09045,CA,Sardegna,,Sud,Nuovi,"Via Venezia 58, 09045 Quartu Sant'Elena, CA, Sardegna, Italia",39.2411802,9.1845404,"Via Venezia, Cepola, Quartu Sant'Aleni/Quartu Sant'Elena, Casteddu/Cagliari, Sardigna/Sardegna, 09045, Italia",TROVATO,nominatim
,,RAGION_X,AGXXX,FR0XX,Via Giuseppe Mazzini 204,Pomezia,00071,RM,Lazio,,Centro,Nuovi,"Via Giuseppe Mazzini 204, 00071 Pomezia, RM, Lazio, Italia",41.6711402,12.4971572,"Via Giuseppe Mazzini, Primavera, Pomezia, Roma Capitale, Lazio, 00071, Italia",TROVATO,nominatim
,,RAGION_X,AGXXX,FR0XX,Via Antonio Gramsci 136,Genova,16121,GE,Liguria,,Nord,Nuovi,"Via Antonio Gramsci 136, 16121 Genova, GE, Liguria, Italia",44.4111666,8.9283222,"Via Antonio Gramsci, Sottoripa, Prè, Centro Est, Genova, Liguria, 16124, Italia",TROVATO,nominatim
,,RAGION_X,AGXXX,FR0XX,Corso Italia 8,Barletta,76121,BT,Puglia,,Sud,Nuovi,"Corso Italia 8, 76121 Barletta, BT, Puglia, Italia",41.2725667,16.4234252,"Corso Italia, Trani, Barletta-Andria-Trani, Puglia, 76125, Italia",TROVATO,nominatim
,,RAGION_X,AGXXX,FR0XX,Via Alessandro Manzoni 99,Busto Arsizio,21052,VA,Lombardia,,Nord,Nuovi,"Via Alessandro Manzoni 99, 21052 Busto Arsizio, VA, Lombardia, Italia",45.611932,8.8518269,"Busto Arsizio, Varese, Lombardia, 21052, Italia",TROVATO_COMUNE,nominatim
,,RAGION_X,AGXXX,FR0XX,Via Leonardo da Vinci 28,Matera,75100,MT,Basilicata,,Sud,Nuovi,"Via Leonardo da Vinci 28, 75100 Matera, MT, Basilicata, Italia",40.6765963,16.5953018,"Via Leonardo da Vinci, San Pardo, Matera, Basilicata, 75100, Italia",TROVATO,nominatim
,,RAGION_X,AGXXX,FR0XX,Via Torino 49,Torre del Greco,80059,,Campania,,Sud,Nuovi,"Via Torino 49, 80059 Torre del Greco, , Campania, Italia",40.7879211,14.3682813,"Torre del Greco, Napoli, Campania, 80059, Italia",TROVATO_COMUNE,nominatim
,,RAGION_X,AGXXX,FR0XX,Via Aldo Moro 12,Catanzaro,88100,CZ,Calabria,,Sud,Nuovi,"Via Aldo Moro 12, 88100 Catanzaro, CZ, Calabria, Italia",38.8996197,16.5340622,"Via Aldo Moro, Sarrottino, Tiriolo, Catanzaro, Calabria, 88056, Italia",TROVATO,nominatim
,,RAGION_X,AGXXX,FR0XX,Via Vittorio Emanuele II 199,Imperia,18100,IM,Liguria,,Nord,Nuovi,"Via Vittorio Emanuele II 199, 18100 Imperia, IM, Liguria, Italia",43.7792808,7.6629157,"199, Via Vittorio Emanuele II, Bordighera, Provincia di Imperia, Liguria, 18012, Italia",TROVATO,nominatim
,,RAGION_X,AGXXX,FR0XX,Via Roma 56,Reggio Emilia,42121,RE,Emilia-Romagna,,Nord,Nuovi,"Via Roma 56, 42121 Reggio Emilia, RE, Emilia-Romagna, Italia",44.7016276,10.6356291,"56, Via Roma, San Giacomo città, Reggio Emilia, Reggio nell'Emilia, Emilia-Romagna, 42121, Italia",TROVATO,nominatim
,,RAGION_X,AGXXX,FR0XX,Via Roma 18,Città di Castello,06012,PG,Umbria,,Centro,Nuovi,"Via Roma 18, 06012 Città di Castello, PG, Umbria, Italia",43.4440433,12.2489855,"Via Roma, Zoccolanti, Città di Castello, Perugia, Umbria, 06012, Italia",TROVATO,nominatim
,,RAGION_X,AGXXX,FR0XX,Via San Francesco 169,Sondrio,23100,SO,Lombardia,,Nord,Nuovi,"Via San Francesco 169, 23100 Sondrio, SO, Lombardia, Italia",46.1756164,9.8890671,"Via San Francesco, Madonnina, Montagna in Valtellina, Comunità montana della Valtellina di Sondrio, Sondrio, Lombardia, 23020, Italia",TROVATO,nominatim
,,RAGION_X,AGXXX,FR0XX,Via Bologna 145,Marsala,91025,TP,Sicilia,,Sud,Nuovi,"Via Bologna 145, 91025 Marsala, TP, Sicilia, Italia",37.7979221,12.4342091,"Marsala, Trapani, Sicilia, 91025, Italia",TROVATO_COMUNE,nominatim
,,RAGION_X,AGXXX,FR0XX,Via Bologna 189,Aosta,11100,AO,Valle D'Aosta,,Nord,Nuovi,"Via Bologna 189, 11100 Aosta, AO, Valle D'Aosta, Italia",45.7373075,7.3204025,"Aosta / Aoste, Valle d'Aosta / Vallée d'Aoste, 11100, Italia",TROVATO_COMUNE,nominatim
,,RAGION_X,AGXXX,FR0XX,Via Roma 195,Alghero,07041,SS,Sardegna,,Sud,Nuovi,"Via Roma 195, 07041 Alghero, SS, Sardegna, Italia",40.558584,8.3147416,"Via Roma, Centro storico, l'Alguer/Alghero, Tàttari/Sassari, Sardigna/Sardegna, 07041, Italia",TROVATO,nominatim
,,RAGION_X,AGXXX,FR0XX,Via Camillo Cavour 9,Foggia,71121,FG,Puglia,,Sud,Nuovi,"Via Camillo Cavour 9, 71121 Foggia, FG, Puglia, Italia",41.5073372,15.3298305,"Via Camillo Benso Conte di Cavour, Lucera, Foggia, Puglia, 71036, Italia",TROVATO,nominatim
,,RAGION_X,AGXXX,FR0XX,Via Bologna 20,Quartu Sant'Elena,09045,CA,Sardegna,,Sud,Nuovi,"Via Bologna 20, 09045 Quartu Sant'Elena, CA, Sardegna, Italia",39.2423981,9.1867341,"20, Via Bologna, Cepola, Quartu Sant'Aleni/Quartu Sant'Elena, Casteddu/Cagliari, Sardigna/Sardegna, 09045, Italia",TROVATO,nominatim
,,RAGION_X,AGXXX,FR0XX,Corso Italia 117,Parma,43121,PR,Emilia-Romagna,,Nord,Nuovi,"Corso Italia 117, 43121 Parma, PR, Emilia-Romagna, Italia",44.80153,10.3279843,"Parma, Emilia-Romagna, Italia",TROVATO_COMUNE,nominatim
,,RAGION_X,AGXXX,FR0XX,Piazza Cavour 211,Schio,36015,VI,Veneto,,Nord,Nuovi,"Piazza Cavour 211, 36015 Schio, VI, Veneto, Italia",45.7233579,11.355148,"Schio, Vicenza, Veneto, 36015, Italia",TROVATO_COMUNE,nominatim
,,RAGION_X,AGXXX,FR0XX,Via Dante Alighieri 24,Pinerolo,10064,TO,Piemonte,,Nord,Nuovi,"Via Dante Alighieri 24, 10064 Pinerolo, TO, Piemonte, Italia",44.8920384,7.3318497,"Via Dante Alighieri, Abbadia Alpina, Pinerolo, Torino, Piemonte, 10064, Italia",TROVATO,nominatim
,,RAGION_X,AGXXX,FR0XX,Piazza Garibaldi 74,Chioggia,30015,VE,Veneto,,Nord,Nuovi,"Piazza Garibaldi 74, 30015 Chioggia, VE, Veneto, Italia",45.2179083,12.2270656,"Chioggia, Venezia, Veneto, 30015, Italia",TROVATO_COMUNE,nominatim
,,RAGION_X,AGXXX,FR0XX,Via Nazionale 54,Messina,98121,ME,Sicilia,,Sud,Nuovi,"Via Nazionale 54, 98121 Messina, ME, Sicilia, Italia",38.2356445,15.431266,"54, Via Nazionale, Baronia, Calvaruso, Villafranca Tirrena, Messina, Sicilia, 98049, Italia",TROVATO,nominatim
,,RAGION_X,AGXXX,FR0XX,Via Nazionale 96,Pomezia,00071,RM,Lazio,,Centro,Nuovi,"Via Nazionale 96, 00071 Pomezia, RM, Lazio, Italia",41.667529,12.5047863,"Pomezia, Roma Capitale, Lazio, 00071, Italia",TROVATO_COMUNE,nominatim
,,RAGION_X,AGXXX,FR0XX,Via San Francesco 195,Sacile,33077,PN,Friuli Venezia Giulia,,Nord,Nuovi,"Via San Francesco 195, 33077 Sacile, PN, Friuli Venezia Giulia, Italia",45.9447505,12.4916205,"Via San Francesco, San Odorico, Topaligo, Sacile, Pordenone / Pordenon, Friuli-Venezia Giulia, 33077, Italia",TROVATO,nominatim
,,RAGION_X,AGXXX,FR0XX,Via XX Settembre 111,Piacenza,29121,PC,Emilia-Romagna,,Nord,Nuovi,"Via XX Settembre 111, 29121 Piacenza, PC, Emilia-Romagna, Italia",45.0519029,9.6947731,"Via Venti Settembre, Baia del Re, Piacenza, Emilia-Romagna, 29121, Italia",TROVATO,nominatim
,,RAGION_X,AGXXX,FR0XX,Via San Francesco 35,Pesaro,61121,PU,Marche,,Centro,Nuovi,"Via San Francesco 35, 61121 Pesaro, PU, Marche, Italia",43.769619,12.9360309,"Via San Francesco, Centro, Pontemurello, Lucrezia, Cartoceto, Pesaro e Urbino, Marche, 61030, Italia",TROVATO,nominatim
,,RAGION_X,AGXXX,FR0XX,Corso Italia 169,Carpi,41012,MO,Emilia-Romagna,,Nord,Nuovi,"Corso Italia 169, 41012 Carpi, MO, Emilia-Romagna, Italia",44.7835699,10.8854523,"Carpi, Unione delle Terre d'Argine, Modena, Emilia-Romagna, Italia",TROVATO_COMUNE,nominatim
,,RAGION_X,AGXXX,FR0XX,Via Firenze 15,Nuoro,08100,NU,Sardegna,,Sud,Nuovi,"Via Firenze 15, 08100 Nuoro, NU, Sardegna, Italia",40.320176,9.3055916,"15, Via Firenze, Città Nuova, Nùgoro/Nuoro, Nuoro, Sardigna/Sardegna, 08100, Italia",TROVATO,nominatim
,,RAGION_X,AGXXX,FR0XX,Via Goffredo Mameli 56,Aprilia,04011,LT,Lazio,,Centro,Nuovi,"Via Goffredo Mameli 56, 04011 Aprilia, LT, Lazio, Italia",41.5420788,12.6460538,"Via Goffredo Mameli, Pantanelle, Campo di Carne, Aprilia, Latina, Lazio, Italia",TROVATO,nominatim
,,RAGION_X,AGXXX,FR0XX,Via Milano 165,Parma,43121,PR,Emilia-Romagna,,Nord,Nuovi,"Via Milano 165, 43121 Parma, PR, Emilia-Romagna, Italia",44.8160996,10.3267437,"Via Milano, Fornasazza, San Leonardo, Parma, Emilia-Romagna, 43100, Italia",TROVATO,nominatim
,,RAGION_X,AGXXX,FR0XX,Corso Vittorio Emanuele 186,Altamura,70022,BA,Puglia,,Sud,Nuovi,"Corso Vittorio Emanuele 186, 70022 Altamura, BA, Puglia, Italia",40.8283497,16.5554193,"Corso Vittorio Emanuele II, Altamura, Bari, Puglia, 70022, Italia",TROVATO,nominatim
,,RAGION_X,AGXXX,FR0XX,Via Goffredo Mameli 38,Udine,33100,UD,Friuli Venezia Giulia,,Nord,Nuovi,"Via Goffredo Mameli 38, 33100 Udine, UD, Friuli Venezia Giulia, Italia",46.0615893,13.2530055,"38, Via Goffredo Mameli, Casali Osellin, Laipacco / Laipà, Udine / Udin, Udine / Udin / Videm, Friuli-Venezia Giulia, 33100, Italia",TROVATO,nominatim
,,RAGION_X,AGXXX,FR0XX,Via Giuseppe Verdi 171,Lodi,26900,LO,Lombardia,,Nord,Nuovi,"Via Giuseppe Verdi 171, 26900 Lodi, LO, Lombardia, Italia",45.3154278,9.5033261,"Via Giuseppe Verdi, Maddalena, Selvagreca, Revellino, Fontana, Lodi, Lombardia, 26900, Italia",TROVATO,nominatim
,,RAGION_X,AGXXX,FR0XX,Via Giuseppe Garibaldi 26,Montesilvano,65015,PE,Abruzzo,,Sud,Nuovi,"Via Giuseppe Garibaldi 26, 65015 Montesilvano, PE, Abruzzo, Italia",42.5104254,14.1487962,"Via Giuseppe Garibaldi, Colonnetta, Montesilvano, Pescara, Abruzzo, 65016, Italia",TROVATO,nominatim
,,RAGION_X,AGXXX,FR0XX,Via Antonio Gramsci 79,Mantova,46100,MN,Lombardia,,Nord,Nuovi,"Via Antonio Gramsci 79, 46100 Mantova, MN, Lombardia, Italia",45.1207876,10.7873479,"Via Antonio Gramsci, Cerese, Borgo Virgilio, Mantova, Lombardia, 46030, Italia",TROVATO,nominatim
,,RAGION_X,AGXXX,FR0XX,Corso Italia 20,Monfalcone,34074,GO,Friuli Venezia Giulia,,Nord,Nuovi,"Corso Italia 20, 34074 Monfalcone, GO, Friuli Venezia Giulia, Italia",45.8049454,13.5330592,"Monfalcone, Gorizia / Gurize / Gorica, Friuli-Venezia Giulia, 34074, Italia",TROVATO_COMUNE,nominatim
,,RAGION_X,AGXXX,FR0XX,Corso Vittorio Emanuele 8,Palermo,90133,PA,Sicilia,,Sud,Nuovi,"Corso Vittorio Emanuele 8, 90133 Palermo, PA, Sicilia, Italia",38.1191046,13.369885,"Corso Vittorio Emanuele, Kalsa, I Circoscrizione, Palermo, Sicilia, 90133, Italia",TROVATO,nominatim
,,RAGION_X,AGXXX,FR0XX,Via San Francesco 59,Settimo Torinese,10036,TO,Piemonte,,Nord,Nuovi,"Via San Francesco 59, 10036 Settimo Torinese, TO, Piemonte, Italia",45.1374055,7.7713222,"Via San Francesco d'Assisi, Settimo Torinese, Torino, Piemonte, 10036, Italia",TROVATO,nominatim
,,RAGION_X,AGXXX,FR0XX,Via Milano 36,Busto Arsizio,21052,VA,Lombardia,,Nord,Nuovi,"Via Milano 36, 21052 Busto Arsizio, VA, Lombardia, Italia",45.6119123,8.8534949,"Via Milano, San Giovanni, Busto Arsizio, Varese, Lombardia, 21052, Italia",TROVATO,nominatim
,,RAGION_X,AGXXX,FR0XX,Piazza Garibaldi 72,Fano,61032,PU,Marche,,Centro,Nuovi,"Piazza Garibaldi 72, 61032 Fano, PU, Marche, Italia",43.8424173,13.0146632,"Fano, Pesaro e Urbino, Marche, 61032, Italia",TROVATO_COMUNE,nominatim
,,RAGION_X,AGXXX,FR0XX,Via Vittorio Emanuele II 78,Rieti,02100,RI,Lazio,,Centro,Nuovi,"Via Vittorio Emanuele II 78, 02100 Rieti, RI, Lazio, Italia",42.4065021,13.0594636,"Via Vittorio Emanuele II, Colle Rinaldo, Borgo Velino, Rieti, Lazio, 02013, Italia",TROVATO,nominatim
,,RAGION_X,AGXXX,FR0XX,Via Leonardo da Vinci 85,Chioggia,30015,VE,Veneto,,Nord,Nuovi,"Via Leonardo da Vinci 85, 30015 Chioggia, VE, Veneto, Italia",45.2179083,12.2270656,"Chioggia, Venezia, Veneto, 30015, Italia",TROVATO_COMUNE,nominatim
,,RAGION_X,AGXXX,FR0XX,Via Vittorio Emanuele II 27,Ascoli Piceno,63100,AP,Marche,,Centro,Nuovi,"Via Vittorio Emanuele II 27, 63100 Ascoli Piceno, AP, Marche, Italia",42.8681447,13.7696348,"Via Vittorio Emanuele Secondo, Pagliare, Spinetoli, Ascoli Piceno, Marche, 63078, Italia",TROVATO,nominatim
,,RAGION_X,AGXXX,FR0XX,Via Cesare Battisti 160,Bergamo,24121,BG,Lombardia,,Nord,Nuovi,"Via Cesare Battisti 160, 24121 Bergamo, BG, Lombardia, Italia",45.7016077,9.677842,"Via Cesare Battisti, Finazzi, Borgo Santa Caterina, Bergamo, Lombardia, 24124, Italia",TROVATO,nominatim
,,RAGION_X,AGXXX,FR0XX,Via Goffredo Mameli 138,Lecce,73100,LE,Puglia,,Sud,Nuovi,"Via Goffredo Mameli 138, 73100 Lecce, LE, Puglia, Italia",40.3606701,18.1442391,"Via Goffredo Mameli, Lecce, Puglia, 73100, Italia",TROVATO,nominatim
,,RAGION_X,AGXXX,FR0XX,Via Trieste 106,Pavia,27100,PV,Lombardia,,Nord,Nuovi,"Via Trieste 106, 27100 Pavia, PV, Lombardia, Italia",45.1918197,9.149727,"Via Trieste, Ponte di Pietra, Pavia, Lombardia, 27100, Italia",TROVATO,nominatim
,,RAGION_X,AGXXX,FR0XX,Piazza Cavour 192,Modica,97015,RG,Sicilia,,Sud,Nuovi,"Piazza Cavour 192, 97015 Modica, RG, Sicilia, Italia",36.8589209,14.7613018,"Modica, Ragusa, Sicilia, Italia",TROVATO_COMUNE,nominatim
,,RAGION_X,AGXXX,FR0XX,Via Torino 24,Parma,43121,PR,Emilia-Romagna,,Nord,Nuovi,"Via Torino 24, 43121 Parma, PR, Emilia-Romagna, Italia",44.8127762,10.3334852,"Via Torino, Fornasazza, San Leonardo, Parma, Emilia-Romagna, 43121, Italia",TROVATO,nominatim
,,RAGION_X,AGXXX,FR0XX,Via Aldo Moro 142,Sesto Fiorentino,50019,FI,Toscana,,Centro,Nuovi,"Via Aldo Moro 142, 50019 Sesto Fiorentino, FI, Toscana, Italia",43.8389965,11.1731058,"Via Aldo Moro, Padule, Sesto Fiorentino, Firenze, Toscana, 50041, Italia",TROVATO,nominatim
,,RAGION_X,AGXXX,FR0XX,Via Guglielmo Marconi 208,Piacenza,29121,PC,Emilia-Romagna,,Nord,Nuovi,"Via Guglielmo Marconi 208, 29121 Piacenza, PC, Emilia-Romagna, Italia",45.0075581,9.6150405,"Via Guglielmo Marconi, Palazzo, Gossolengo, Piacenza, Emilia-Romagna, 29020, Italia",TROVATO,nominatim
,,RAGION_X,AGXXX,FR0XX,Via Guglielmo Marconi 194,Benevento,82100,BN,Campania,,Sud,Nuovi,"Via Guglielmo Marconi 194, 82100 Benevento, BN, Campania, Italia",41.0685986,14.8538914,"Via Guglielmo Marconi, Ginestra, San Giorgio del Sannio, Benevento, Campania, 82018, Italia",TROVATO,nominatim
,,RAGION_X,AGXXX,FR0XX,Via Milano 219,Grosseto,58100,GR,Toscana,,Centro,Nuovi,"Via Milano 219, 58100 Grosseto, GR, Toscana, Italia",42.7584622,10.9019005,"Via Milano, Castiglione della Pescaia, Grosseto, Toscana, 58043, Italia",TROVATO,nominatim
,,RAGION_X,AGXXX,FR0XX,Via Antonio Gramsci 3,Venezia,30121,VE,Veneto,,Nord,Nuovi,"Via Antonio Gramsci 3, 30121 Venezia, VE, Veneto, Italia",45.1367802,12.0764297,"3, Via Antonio Gramsci, Bellina, Cavarzere, Venezia, Veneto, 30014, Italia",TROVATO,nominatim
,,RAGION_X,AGXXX,FR0XX,Via Giacomo Matteotti 151,Acireale,95024,CT,Sicilia,,Sud,Nuovi,"Via Giacomo Matteotti 151, 95024 Acireale, CT, Sicilia, Italia",37.607365,15.164751,"Via Giacomo Matteotti, Santa Caterina, Acireale, Catania, Sicilia, 95024, Italia",TROVATO,nominatim
,,RAGION_X,AGXXX,FR0XX,Corso Italia 211,Bologna,40121,BO,Emilia-Romagna,,Nord,Nuovi,"Corso Italia 211, 40121 Bologna, BO, Emilia-Romagna, Italia",44.639601,11.1883264,"Corso Italia, Accatà, San Giovanni in Persiceto, Unione Terre d'Acqua, Bologna, Emilia-Romagna, 40017, Italia",TROVATO,nominatim
,,RAGION_X,AGXXX,FR0XX,Via Bologna 36,Roma,00184,RM,Lazio,,Centro,Nuovi,"Via Bologna 36, 00184 Roma, RM, Lazio, Italia",41.7894756,12.6131741,"Via Bologna, Quartiere Cipollaro, Acqua Acetosa, Valle Copella, Ciampino, Roma Capitale, Lazio, 00043, Italia",TROVATO,nominatim
,,RAGION_X,AGXXX,FR0XX,Via Firenze 110,Enna,94100,EN,Sicilia,,Sud,Nuovi,"Via Firenze 110, 94100 Enna, EN, Sicilia, Italia",37.5672721,14.2721285,"Via Firenze, Monte, Enna Bassa, Enna, Sicilia, 94100, Italia",TROVATO,nominatim
,,RAGION_X,AGXXX,FR0XX,Via Firenze 64,Isernia,86170,IS,Molise,,Sud,Nuovi,"Via Firenze 64, 86170 Isernia, IS, Molise, Italia",41.5976433,14.2331427,"Via Firenze, Isernia centro, San Lazzaro, Isernia, Molise, 86170, Italia",TROVATO,nominatim
,,RAGION_X,AGXXX,FR0XX,Via della Repubblica 126,Rende,87036,CS,Calabria,,Sud,Nuovi,"Via della Repubblica 126, 87036 Rende, CS, Calabria, Italia",39.3319934,16.1843828,"Rende, Cosenza, Calabria, 87036, Italia",TROVATO_COMUNE,nominatim
,,RAGION_X,AGXXX,FR0XX,Corso Vittorio Emanuele 75,Fiumicino,00054,RM,Lazio,,Centro,Nuovi,"Corso Vittorio Emanuele 75, 00054 Fiumicino, RM, Lazio, Italia",41.7712145,12.2278855,"Fiumicino, Roma Capitale, Lazio, Italia",TROVATO_COMUNE,nominatim
,,RAGION_X,AGXXX,FR0XX,Via Dante Alighieri 104,Cosenza,87100,CS,Calabria,,Sud,Nuovi,"Via Dante Alighieri 104, 87100 Cosenza, CS, Calabria, Italia",39.2939277,16.1707419,"Via Dante Alighieri, Savagli, Marano Principato, Cosenza, Calabria, 87040, Italia",TROVATO,nominatim
,,RAGION_X,AGXXX,FR0XX,Via Bologna 93,Bisceglie,76011,BT,Puglia,,Sud,Nuovi,"Via Bologna 93, 76011 Bisceglie, BT, Puglia, Italia",41.2407788,16.5019124,"Bisceglie, Barletta-Andria-Trani, Puglia, 76011, Italia",TROVATO_COMUNE,nominatim
,,RAGION_X,AGXXX,FR0XX,Via Alessandro Manzoni 93,Potenza,85100,PZ,Basilicata,,Sud,Nuovi,"Via Alessandro Manzoni 93, 85100 Potenza, PZ, Basilicata, Italia",40.6370442,15.8051679,"Via Alessandro Manzoni, Santa Croce, Potenza, Basilicata, 85199, Italia",TROVATO,nominatim
,,RAGION_X,AGXXX,FR0XX,Via Bologna 20,Foggia,71121,FG,Puglia,,Sud,Nuovi,"Via Bologna 20, 71121 Foggia, FG, Puglia, Italia",41.5071734,15.3281149,"Via Bologna, Lucera, Foggia, Puglia, 71036, Italia",TROVATO,nominatim
,,RAGION_X,AGXXX,FR0XX,Via Venezia 64,Fano,61032,PU,Marche,,Centro,Nuovi,"Via Venezia 64, 61032 Fano, PU, Marche, Italia",43.8424173,13.0146632,"Fano, Pesaro e Urbino, Marche, 61032, Italia",TROVATO_COMUNE,nominatim
,,RAGION_X,AGXXX,FR0XX,Via Giuseppe Garibaldi 55,Pinerolo,10064,TO,Piemonte,,Nord,Nuovi,"Via Giuseppe Garibaldi 55, 10064 Pinerolo, TO, Piemonte, Italia",44.8873086,7.3319454,"Pinerolo, Torino, Piemonte, 10064, Italia",TROVATO_COMUNE,nominatim
,,RAGION_X,AGXXX,FR0XX,Via Trento 55,Marsala,91025,TP,Sicilia,,Sud,Nuovi,"Via Trento 55, 91025 Marsala, TP, Sicilia, Italia",37.8045313,12.4627327,"Via Trento, Marsala, Trapani, Sicilia, 91025, Italia",TROVATO,nominatim
,,RAGION_X,AGXXX,FR0XX,Via Torino 53,Tivoli,00019,RM,Lazio,,Centro,Nuovi,"Via Torino 53, 00019 Tivoli, RM, Lazio, Italia",41.960922,12.798884,"Tivoli, Roma Capitale, Lazio, Italia",TROVATO_COMUNE,nominatim
,,RAGION_X,AGXXX,FR0XX,Via Bologna 113,Monfalcone,34074,GO,Friuli Venezia Giulia,,Nord,Nuovi,"Via Bologna 113, 34074 Monfalcone, GO, Friuli Venezia Giulia, Italia",45.8033105,13.528821,"Via Bologna, Crosara, Monfalcone, Gorizia / Gurize / Gorica, Friuli-Venezia Giulia, 34074, Italia",TROVATO,nominatim
,,RAGION_X,AGXXX,FR0XX,Via Camillo Cavour 156,Bolzano,39100,BZ,Trentino-Alto Adige,,Nord,Nuovi,"Via Camillo Cavour 156, 39100 Bolzano, BZ, Trentino-Alto Adige, Italia",46.268468,11.2226761,"Camillo-Cavour-Straße - Via Camillo Cavour, Kurtinig an der Weinstraße - Cortina sulla Strada del Vino, Überetsch-Unterland - Oltradige-Bassa Atesina, Bolzano - Bozen, Trentino-Alto Adige/Südtirol, 39040, Italia",TROVATO,nominatim
,,RAGION_X,AGXXX,FR0XX,Via della Repubblica 72,Foggia,71121,FG,Puglia,,Sud,Nuovi,"Via della Repubblica 72, 71121 Foggia, FG, Puglia, Italia",41.4642343,15.5478938,"Via della Repubblica, Foggia, Puglia, 71121, Italia",TROVATO,nominatim
,,RAGION_X,AGXXX,FR0XX,Via Alessandro Manzoni 104,Brindisi,72100,BR,Puglia,,Sud,Nuovi,"Via Alessandro Manzoni 104, 72100 Brindisi, BR, Puglia, Italia",40.6374019,17.940613,"Via Alessandro Manzoni, Centro, Brindisi, Puglia, 72100, Italia",TROVATO,nominatim
,,RAGION_X,AGXXX,FR0XX,Via Giuseppe Garibaldi 192,Sanremo,18038,IM,Liguria,,Nord,Nuovi,"Via Giuseppe Garibaldi 192, 18038 Sanremo, IM, Liguria, Italia",43.8362985,7.7772658,"Sanremo, Provincia di Imperia, Liguria, 18034, Italia",TROVATO_COMUNE,nominatim
,,RAGION_X,AGXXX,FR0XX,Via Guglielmo Marconi 107,Faenza,48018,RA,Emilia-Romagna,,Nord,Nuovi,"Via Guglielmo Marconi 107, 48018 Faenza, RA, Emilia-Romagna, Italia",44.2855555,11.8832055,"Faenza, Unione della Romagna Faentina, Ravenna, Emilia-Romagna, 48018, Italia",TROVATO_COMUNE,nominatim
,,RAGION_X,AGXXX,FR0XX,Via XX Settembre 138,Benevento,82100,BN,Campania,,Sud,Nuovi,"Via XX Settembre 138, 82100 Benevento, BN, Campania, Italia",41.1295587,14.7824639,"Benevento, Campania, 82100, Italia",TROVATO_COMUNE,nominatim
,,RAGION_X,AGXXX,FR0XX,Corso Italia 112,Livorno,57121,LI,Toscana,,Centro,Nuovi,"Corso Italia 112, 57121 Livorno, LI, Toscana, Italia",43.5925662,10.3490188,"Corso Italia, Stagno, Collesalvetti, Livorno, Toscana, 57017, Italia",TROVATO,nominatim
,,RAGION_X,AGXXX,FR0XX,Via Nazionale 173,Sondrio,23100,SO,Lombardia,,Nord,Nuovi,"Via Nazionale 173, 23100 Sondrio, SO, Lombardia, Italia",46.1621321,9.9662648,"Via Nazionale, Carolo, Ponte in Valtellina, Comunità montana della Valtellina di Sondrio, Sondrio, Lombardia, 23026, Italia",TROVATO,nominatim
,,RAGION_X,AGXXX,FR0XX,Via Vittorio Emanuele II 201,Bitonto,70032,BA,Puglia,,Sud,Nuovi,"Via Vittorio Emanuele II 201, 70032 Bitonto, BA, Puglia, Italia",41.0497743,16.5728773,"Bitonto, Bari, Puglia, 70032, Italia",TROVATO_COMUNE,nominatim
,,RAGION_X,AGXXX,FR0XX,Via Venezia 78,Monopoli,70043,BA,Puglia,,Sud,Nuovi,"Via Venezia 78, 70043 Monopoli, BA, Puglia, Italia",40.9522369,17.299948,"Monopoli, Bari, Puglia, Italia",TROVATO_COMUNE,nominatim
,,RAGION_X,AGXXX,FR0XX,Via XX Settembre 93,Città di Castello,06012,PG,Umbria,,Centro,Nuovi,"Via XX Settembre 93, 06012 Città di Castello, PG, Umbria, Italia",43.4574214,12.2403118,"Città di Castello, Perugia, Umbria, Italia",TROVATO_COMUNE,nominatim
,,RAGION_X,AGXXX,FR0XX,Via della Repubblica 55,Cinisello Balsamo,20092,MI,Lombardia,,Nord,Nuovi,"Via della Repubblica 55, 20092 Cinisello Balsamo, MI, Lombardia, Italia",45.5549185,9.2064805,"Via della Repubblica, Bellaria, Cinisello Balsamo, Zona Omogenea Milano Nord, Milano, Lombardia, 20092, Italia",TROVATO,nominatim
,,RAGION_X,AGXXX,FR0XX,Via Giuseppe Verdi 121,L'Aquila,67100,AQ,Abruzzo,,Sud,Nuovi,"Via Giuseppe Verdi 121, 67100 L'Aquila, AQ, Abruzzo, Italia",42.3511046,13.4009307,"Via Giuseppe Verdi, Quarto di Santa Maria, Torretta, L'Aquila, Abruzzo, 67100, Italia",TROVATO,nominatim
,,RAGION_X,AGXXX,FR0XX,Via Bologna 113,Viareggio,55049,LU,Toscana,,Centro,Nuovi,"Via Bologna 113, 55049 Viareggio, LU, Toscana, Italia",43.8874738,10.2351722,"Via Bologna, Viareggio, Unione dei comuni della Versilia, Lucca, Toscana, 55043, Italia",TROVATO,nominatim
,,RAGION_X,AGXXX,FR0XX,Via XX Settembre 153,Siracusa,96100,SR,Sicilia,,Sud,Nuovi,"Via XX Settembre 153, 96100 Siracusa, SR, Sicilia, Italia",37.0631627,15.2914271,"Via Venti Settembre, Ortigia, Siracusa, Sicilia, 96100, Italia",TROVATO,nominatim
,,RAGION_X,AGXXX,FR0XX,Via Vittorio Emanuele II 166,Asti,14100,AT,Piemonte,,Nord,Nuovi,"Via Vittorio Emanuele II 166, 14100 Asti, AT, Piemonte, Italia",45.0040559,8.1725284,"Via Vittorio Emanuele Secondo, Molinasso, Frinco, Asti, Piemonte, 14039, Italia",TROVATO,nominatim
,,RAGION_X,AGXXX,FR0XX,Via Dante Alighieri 210,Cerignola,71042,FG,Puglia,,Sud,Nuovi,"Via Dante Alighieri 210, 71042 Cerignola, FG, Puglia, Italia",41.2643346,15.9020406,"Via Dante Alighieri, Cerignola, Foggia, Puglia, 71042, Italia",TROVATO,nominatim
,,RAGION_X,AGXXX,FR0XX,Corso Italia 104,Alba,12051,CN,Piemonte,,Nord,Nuovi,"Corso Italia 104, 12051 Alba, CN, Piemonte, Italia",44.6954691,8.0341385,"Corso Italia, Alba, Cuneo, Piemonte, 12051, Italia",TROVATO,nominatim
,,RAGION_X,AGXXX,FR0XX,Via Giuseppe Mazzini 180,Bassano del Grappa,36061,VI,Veneto,,Nord,Nuovi,"Via Giuseppe Mazzini 180, 36061 Bassano del Grappa, VI, Veneto, Italia",45.7726007,11.7206547,"Bassano del Grappa, Vicenza, Veneto, 36061, Italia",TROVATO_COMUNE,nominatim
,,RAGION_X,AGXXX,FR0XX,Corso Italia 111,Bisceglie,76011,BT,Puglia,,Sud,Nuovi,"Corso Italia 111, 76011 Bisceglie, BT, Puglia, Italia",41.2407788,16.5019124,"Bisceglie, Barletta-Andria-Trani, Puglia, 76011, Italia",TROVATO_COMUNE,nominatim
,,RAGION_X,AGXXX,FR0XX,Via Goffredo Mameli 79,Civitavecchia,00053,RM,Lazio,,Centro,Nuovi,"Via Goffredo Mameli 79, 00053 Civitavecchia, RM, Lazio, Italia",42.092745,11.8045593,"Via Goffredo Mameli, Borgo Odescalchi, Civitavecchia, Roma Capitale, Lazio, 00053, Italia",TROVATO,nominatim
,,RAGION_X,AGXXX,FR0XX,Via Torino 55,Carrara,54033,MS,Toscana,,Centro,Nuovi,"Via Torino 55, 54033 Carrara, MS, Toscana, Italia",44.0796519,10.0977529,"Carrara, Massa-Carrara, Toscana, 54033, Italia",TROVATO_COMUNE,nominatim
,,RAGION_X,AGXXX,FR0XX,Via Milano 135,Monfalcone,34074,GO,Friuli Venezia Giulia,,Nord,Nuovi,"Via Milano 135, 34074 Monfalcone, GO, Friuli Venezia Giulia, Italia",45.8024124,13.5299808,"Via Milano, Crosara, Monfalcone, Gorizia / Gurize / Gorica, Friuli-Venezia Giulia, 34074, Italia",TROVATO,nominatim
,,RAGION_X,AGXXX,FR0XX,Via Giuseppe Verdi 207,Rapallo,16035,GE,Liguria,,Nord,Nuovi,"Via Giuseppe Verdi 207, 16035 Rapallo, GE, Liguria, Italia",44.3492083,9.2316102,"Rapallo, Genova, Liguria, 16035, Italia",TROVATO_COMUNE,nominatim
,,RAGION_X,AGXXX,FR0XX,Via Guglielmo Marconi 1,Alghero,07041,SS,Sardegna,,Sud,Nuovi,"Via Guglielmo Marconi 1, 07041 Alghero, SS, Sardegna, Italia",40.5578784,8.3207532,"1, Via Guglielmo Marconi, Mercede, l'Alguer/Alghero, Tàttari/Sassari, Sardigna/Sardegna, 07041, Italia",TROVATO,nominatim
,,RAGION_X,AGXXX,FR0XX,Via Alessandro Manzoni 38,Genova,16121,GE,Liguria,,Nord,Nuovi,"Via Alessandro Manzoni 38, 16121 Genova, GE, Liguria, Italia",44.30961,9.3464494,"Via Alessandro Manzoni, Lavagna, Genova, Liguria, 16033, Italia",TROVATO,nominatim
,,RAGION_X,AGXXX,FR0XX,Via Trento 184,Tivoli,00019,RM,Lazio,,Centro,Nuovi,"Via Trento 184, 00019 Tivoli, RM, Lazio, Italia",41.960922,12.798884,"Tivoli, Roma Capitale, Lazio, Italia",TROVATO_COMUNE,nominatim
,,RAGION_X,AGXXX,FR0XX,Piazza Garibaldi 205,Alba,12051,CN,Piemonte,,Nord,Nuovi,"Piazza Garibaldi 205, 12051 Alba, CN, Piemonte, Italia",44.7022213,8.0324401,"Piazza Giuseppe Garibaldi, Alba, Cuneo, Piemonte, 12151, Italia",TROVATO,nominatim
,,RAGION_X,AGXXX,FR0XX,Via Goffredo Mameli 220,Agrigento,92100,AG,Sicilia,,Sud,Nuovi,"Via Goffredo Mameli 220, 92100 Agrigento, AG, Sicilia, Italia",37.3184818,13.6562657,"Via Goffredo Mameli, Favara Ovest, Favara, Agrigento, Sicilia, 92026, Italia",TROVATO,nominatim
,,RAGION_X,AGXXX,FR0XX,Piazza Garibaldi 205,Molfetta,70056,BA,Puglia,,Sud,Nuovi,"Piazza Garibaldi 205, 70056 Molfetta, BA, Puglia, Italia",41.2027728,16.6016344,"Piazza Giuseppe Garibaldi, Villaggio Belgiovine, Molfetta, Bari, Puglia, 70056, Italia",TROVATO,nominatim
,,RAGION_X,AGXXX,FR0XX,Via Milano 34,Agrigento,92100,AG,Sicilia,,Sud,Nuovi,"Via Milano 34, 92100 Agrigento, AG, Sicilia, Italia",37.3289714,13.550645,"Via Milano (Montaperto), Montaperto, Agrigento, Sicilia, 92100, Italia",TROVATO,nominatim
,,RAGION_X,AGXXX,FR0XX,Via San Francesco 19,Acireale,95024,CT,Sicilia,,Sud,Nuovi,"Via San Francesco 19, 95024 Acireale, CT, Sicilia, Italia",37.6097291,15.1645359,"Via San Francesco di Paola, Santa Caterina, Acireale, Catania, Sicilia, 95024, Italia",TROVATO,nominatim
,,RAGION_X,AGXXX,FR0XX,Via Bologna 117,Vasto,66054,CH,Abruzzo,,Sud,Nuovi,"Via Bologna 117, 66054 Vasto, CH, Abruzzo, Italia",42.1149556,14.7082531,"Via Bologna, Centro storico, Vasto, Chieti, Abruzzo, 66054, Italia",TROVATO,nominatim
,,RAGION_X,AGXXX,FR0XX,Corso Vittorio Emanuele 67,Cinisello Balsamo,20092,MI,Lombardia,,Nord,Nuovi,"Corso Vittorio Emanuele 67, 20092 Cinisello Balsamo, MI, Lombardia, Italia",45.5576085,9.2217253,"Cinisello Balsamo, Zona Omogenea Milano Nord, Milano, Lombardia, 20092, Italia",TROVATO_COMUNE,nominatim
,,RAGION_X,AGXXX,FR0XX,Via Torino 218,Monopoli,70043,BA,Puglia,,Sud,Nuovi,"Via Torino 218, 70043 Monopoli, BA, Puglia, Italia",40.9531697,17.3008886,"Via Conte di Torino, Monopoli, Bari, Puglia, 70034, Italia",TROVATO,nominatim
,,RAGION_X,AGXXX,FR0XX,Via Vittorio Emanuele II 122,Rivoli,10098,TO,Piemonte,,Nord,Nuovi,"Via Vittorio Emanuele II 122, 10098 Rivoli, TO, Piemonte, Italia",45.0697151,7.5176764,"Rivoli, Torino, Piemonte, 10098, Italia",TROVATO_COMUNE,nominatim
,,RAGION_X,AGXXX,FR0XX,Via Giuseppe Mazzini 94,Prato,59100,PO,Toscana,,Centro,Nuovi,"Via Giuseppe Mazzini 94, 59100 Prato, PO, Toscana, Italia",43.8787068,11.1005988,"Via Giuseppe Mazzini, La Pietà, I lecci, Prato, Toscana, 59100, Italia",TROVATO,nominatim
,,RAGION_X,AGXXX,FR0XX,Via Aldo Moro 85,Macerata,62100,MC,Marche,,Centro,Nuovi,"Via Aldo Moro 85, 62100 Macerata, MC, Marche, Italia",43.3578519,13.4798839,"Via Aldo Moro, Sambucheto, Montecassiano, Macerata, Marche, 62010, Italia",TROVATO,nominatim
,,RAGION_X,AGXXX,FR0XX,Via della Repubblica 40,Molfetta,70056,BA,Puglia,,Sud,Nuovi,"Via della Repubblica 40, 70056 Molfetta, BA, Puglia, Italia",41.1970977,16.5875984,"Via della Repubblica, Molfetta, Bari, Puglia, 70056, Italia",TROVATO,nominatim
,,RAGION_X,AGXXX,FR0XX,Via Milano 170,Verona,37121,VR,Veneto,,Nord,Nuovi,"Via Milano 170, 37121 Verona, VR, Veneto, Italia",45.3777786,11.0497653,"Via Milano, San Giovanni Lupatoto, Verona, Veneto, 37057, Italia",TROVATO,nominatim
,,RAGION_X,AGXXX,FR0XX,Corso Italia 18,Alessandria,15121,AL,Piemonte,,Nord,Nuovi,"Corso Italia 18, 15121 Alessandria, AL, Piemonte, Italia",44.6338632,8.6426224,"18, Corso Italia, Ovada, Alessandria, Piemonte, 15076, Italia",TROVATO,nominatim
,,RAGION_X,AGXXX,FR0XX,Via Milano 216,Rende,87036,CS,Calabria,,Sud,Nuovi,"Via Milano 216, 87036 Rende, CS, Calabria, Italia",39.324824,16.2431449,"Via Milano, Roges, Rende, Cosenza, Calabria, 87036, Italia",TROVATO,nominatim
,,RAGION_X,AGXXX,FR0XX,Via XX Settembre 47,Carpi,41012,MO,Emilia-Romagna,,Nord,Nuovi,"Via XX Settembre 47, 41012 Carpi, MO, Emilia-Romagna, Italia",44.7835699,10.8854523,"Carpi, Unione delle Terre d'Argine, Modena, Emilia-Romagna, Italia",TROVATO_COMUNE,nominatim
,,RAGION_X,AGXXX,FR0XX,Via Trento 117,Cinisello Balsamo,20092,MI,Lombardia,,Nord,Nuovi,"Via Trento 117, 20092 Cinisello Balsamo, MI, Lombardia, Italia",45.5529292,9.2124904,"Via Trento, Cinisello, Cinisello Balsamo, Zona Omogenea Milano Nord, Milano, Lombardia, 20092, Italia",TROVATO,nominatim
,,RAGION_X,AGXXX,FR0XX,Via della Repubblica 138,Potenza,85100,PZ,Basilicata,,Sud,Nuovi,"Via della Repubblica 138, 85100 Potenza, PZ, Basilicata, Italia",40.9775823,15.6720377,"Via della Repubblica, Rapolla, Potenza, Basilicata, 85027, Italia",TROVATO,nominatim
,,RAGION_X,AGXXX,FR0XX,Via Leonardo da Vinci 213,Merano,39012,BZ,Trentino-Alto Adige,,Nord,Nuovi,"Via Leonardo da Vinci 213, 39012 Merano, BZ, Trentino-Alto Adige, Italia",46.6708844,11.1647179,"Leonardo-da-Vinci-Straße - Via Leonardo da Vinci, Steinach, Meran - Merano, Burggrafenamt - Burgraviato, Bolzano - Bozen, Trentino-Alto Adige/Südtirol, 39012, Italia",TROVATO,nominatim
,,RAGION_X,AGXXX,FR0XX,Via Camillo Cavour 107,Modena,41121,MO,Emilia-Romagna,,Nord,Nuovi,"Via Camillo Cavour 107, 41121 Modena, MO, Emilia-Romagna, Italia",44.3430952,10.8306389,"Via Camillo Cavour, Casa Bellei, Miceno, Pavullo nel Frignano, Unione dei comuni del Frignano, Modena, Emilia-Romagna, 41026, Italia",TROVATO,nominatim
,,RAGION_X,AGXXX,FR0XX,Piazza Garibaldi 16,Siracusa,96100,SR,Sicilia,,Sud,Nuovi,"Piazza Garibaldi 16, 96100 Siracusa, SR, Sicilia, Italia",36.8201418,14.953081,"Piazza Giuseppe Garibaldi, Rosolini, Siracusa, Sicilia, 96019, Italia",TROVATO,nominatim
,,RAGION_X,AGXXX,FR0XX,Via San Francesco 28,Verbania,28921,VB,Piemonte,,Nord,Nuovi,"Via San Francesco 28, 28921 Verbania, VB, Piemonte, Italia",45.9344082,8.5580062,"Verbania, Verbano-Cusio-Ossola, Piemonte, Italia",TROVATO_COMUNE,nominatim
,,RAGION_X,AGXXX,FR0XX,Via Guglielmo Marconi 41,Trieste,34121,TS,Friuli Venezia Giulia,,Nord,Nuovi,"Via Guglielmo Marconi 41, 34121 Trieste, TS, Friuli Venezia Giulia, Italia",45.6549537,13.7841622,"Via Guglielmo Marconi, Barriera Nuova, Città Nuova-Barriera Nuova-San Vito-Città Vecchia, Conconello / Ferlugi, Trieste, Friuli-Venezia Giulia, 34133, Italia",TROVATO,nominatim
,,RAGION_X,AGXXX,FR0XX,Via Nazionale 218,Avezzano,67051,AQ,Abruzzo,,Sud,Nuovi,"Via Nazionale 218, 67051 Avezzano, AQ, Abruzzo, Italia",42.0402067,13.4545144,"Avezzano, L'Aquila, Abruzzo, 67051, Italia",TROVATO_COMUNE,nominatim
,,RAGION_X,AGXXX,FR0XX,Via Firenze 185,Imola,40026,BO,Emilia-Romagna,,Nord,Nuovi,"Via Firenze 185, 40026 Imola, BO, Emilia-Romagna, Italia",44.3535145,11.7141233,"Imola, Nuovo Circondario Imolese, Bologna, Emilia-Romagna, 40026, Italia",TROVATO_COMUNE,nominatim
,,RAGION_X,AGXXX,FR0XX,Via Guglielmo Marconi 113,Prato,59100,PO,Toscana,,Centro,Nuovi,"Via Guglielmo Marconi 113, 59100 Prato, PO, Toscana, Italia",43.8322813,11.0353652,"Via Guglielmo Marconi, Seano, Carmignano, Prato, Toscana, 59011, Italia",TROVATO,nominatim
,,RAGION_X,AGXXX,FR0XX,Via Roma 218,Lodi,26900,LO,Lombardia,,Nord,Nuovi,"Via Roma 218, 26900 Lodi, LO, Lombardia, Italia",45.3309471,9.4741055,"Via Roma, Arcagna, Montanaso Lombardo, Lodi, Lombardia, 26836, Italia",TROVATO,nominatim
,,RAGION_X,AGXXX,FR0XX,Via Giacomo Matteotti 96,Sesto Fiorentino,50019,FI,Toscana,,Centro,Nuovi,"Via Giacomo Matteotti 96, 50019 Sesto Fiorentino, FI, Toscana, Italia",43.836015,11.203994,"96, Via Giacomo Matteotti, Colonnata, Sesto Fiorentino, Firenze, Toscana, 50019, Italia",TROVATO,nominatim
,,RAGION_X,AGXXX,FR0XX,Via San Francesco 142,Battipaglia,84091,SA,Campania,,Sud,Nuovi,"Via San Francesco 142, 84091 Battipaglia, SA, Campania, Italia",40.6092539,14.9821443,"Battipaglia, Salerno, Campania, 84091, Italia",TROVATO_COMUNE,nominatim
,,RAGION_X,AGXXX,FR0XX,Via Camillo Cavour 39,Busto Arsizio,21052,VA,Lombardia,,Nord,Nuovi,"Via Camillo Cavour 39, 21052 Busto Arsizio, VA, Lombardia, Italia",45.6114349,8.8512086,"Via Camillo Benso Conte di Cavour, San Giovanni, Busto Arsizio, Varese, Lombardia, 21052, Italia",TROVATO,nominatim
,,RAGION_X,AGXXX,FR0XX,Via Cesare Battisti 174,Grosseto,58100,GR,Toscana,,Centro,Nuovi,"Via Cesare Battisti 174, 58100 Grosseto, GR, Toscana, Italia",42.7589843,11.1184082,"Via Cesare Battisti, Porta Vecchia, Centro, Grosseto, Toscana, 58100, Italia",TROVATO,nominatim
,,RAGION_X,AGXXX,FR0XX,Piazza Garibaldi 96,Piacenza,29121,PC,Emilia-Romagna,,Nord,Nuovi,"Piazza Garibaldi 96, 29121 Piacenza, PC, Emilia-Romagna, Italia",45.017012,9.447659,"Piazza Giuseppe Garibaldi, Mulino del Follo, Borgonovo Val Tidone, Piacenza, Emilia-Romagna, 29011, Italia",TROVATO,nominatim
,,RAGION_X,AGXXX,FR0XX,Via Torino 117,Agrigento,92100,AG,Sicilia,,Sud,Nuovi,"Via Torino 117, 92100 Agrigento, AG, Sicilia, Italia",37.3281709,13.5500787,"Via Torino (Montaperto), Montaperto, Agrigento, Sicilia, 92100, Italia",TROVATO,nominatim
,,RAGION_X,AGXXX,FR0XX,Via Dante Alighieri 44,Asti,14100,AT,Piemonte,,Nord,Nuovi,"Via Dante Alighieri 44, 14100 Asti, AT, Piemonte, Italia",44.7935873,8.2490541,"Via Dante Alighieri, Monsarinero, Agliano Terme, Asti, Piemonte, 14041, Italia",TROVATO,nominatim
,,RAGION_X,AGXXX,FR0XX,Via Cesare Battisti 170,Chioggia,30015,VE,Veneto,,Nord,Nuovi,"Via Cesare Battisti 170, 30015 Chioggia, VE, Veneto, Italia",45.2198512,12.2777839,"Via Cesare Battisti, Sottomarina, Chioggia, Venezia, Veneto, 30015, Italia",TROVATO,nominatim
,,RAGION_X,AGXXX,FR0XX,Piazza Garibaldi 24,Viterbo,01100,VT,Lazio,,Centro,Nuovi,"Piazza Garibaldi 24, 01100 Viterbo, VT, Lazio, Italia",42.3809529,12.2336313,"Piazza Garibaldi, Canepina, Viterbo, Lazio, Italia",TROVATO,nominatim
,,RAGION_X,AGXXX,FR0XX,Via Trento 199,Ragusa,97100,RG,Sicilia,,Sud,Nuovi,"Via Trento 199, 97100 Ragusa, RG, Sicilia, Italia",36.9207309,14.7280591,"Via Trento, Cappuccini, Ragusa Ibla, Ragusa, Sicilia, 97100, Italia",TROVATO,nominatim
,,RAGION_X,AGXXX,FR0XX,Via Antonio Gramsci 150,Biella,13900,BI,Piemonte,,Nord,Nuovi,"Via Antonio Gramsci 150, 13900 Biella, BI, Piemonte, Italia",45.5860787,8.0517559,"150, Via Antonio Gramsci, Villaggio Filatura, Serra, Tollegno, Biella, Piemonte, 13818, Italia",TROVATO,nominatim
,,RAGION_X,AGXXX,FR0XX,Via Aldo Moro 188,Ragusa,97100,RG,Sicilia,,Sud,Nuovi,"Via Aldo Moro 188, 97100 Ragusa, RG, Sicilia, Italia",36.9304075,14.7023239,"Via Aldo Moro, Annunziata, Ragusa, Sicilia, 97100, Italia",TROVATO,nominatim
,,RAGION_X,AGXXX,FR0XX,Via Giuseppe Garibaldi 8,Rieti,02100,RI,Lazio,,Centro,Nuovi,"Via Giuseppe Garibaldi 8, 02100 Rieti, RI, Lazio, Italia",42.3854904,12.6810265,"8, Via Giuseppe Garibaldi, Borgata Forcella, Montasola, Rieti, Lazio, 02040, Italia",TROVATO,nominatim
,,RAGION_X,AGXXX,FR0XX,Via Giuseppe Garibaldi 40,Senigallia,60019,AN,Marche,,Centro,Nuovi,"Via Giuseppe Garibaldi 40, 60019 Senigallia, AN, Marche, Italia",43.6681523,13.2854627,"Via Giuseppe Garibaldi, Campetto, Montignano-Marzocca, Senigallia, Ancona, Marche, 60019, Italia",TROVATO,nominatim
,,RAGION_X,AGXXX,FR0XX,Via Cesare Battisti 130,Torino,10121,TO,Piemonte,,Nord,Nuovi,"Via Cesare Battisti 130, 10121 Torino, TO, Piemonte, Italia",45.0697229,7.6847646,"Via Cesare Battisti, Centro, Circoscrizione 1, Torino, Piemonte, 10123, Italia",TROVATO,nominatim
,,RAGION_X,AGXXX,FR0XX,Corso Italia 41,Belluno,32100,BL,Veneto,,Nord,Nuovi,"Corso Italia 41, 32100 Belluno, BL, Veneto, Italia",46.4616308,12.2048456,"41, Corso Italia, San Vito di Cadore, Belluno, Veneto, 32046, Italia",TROVATO,nominatim
,,RAGION_X,AGXXX,FR0XX,Via Torino 151,Settimo Torinese,10036,TO,Piemonte,,Nord,Nuovi,"Via Torino 151, 10036 Settimo Torinese, TO, Piemonte, Italia",45.1278069,7.740367,"Via Torino, Villaggio Olimpia, Settimo Torinese, Torino, Piemonte, 10036, Italia",TROVATO,nominatim
,,RAGION_X,AGXXX,FR0XX,Via XX Settembre 76,Genova,16121,GE,Liguria,,Nord,Nuovi,"Via XX Settembre 76, 16121 Genova, GE, Liguria, Italia",44.3488414,9.1553284,"76, Via Venti Settembre, Cian do lô, Ruta, Camogli, Genova, Liguria, 16082, Italia",TROVATO,nominatim
,,RAGION_X,AGXXX,FR0XX,Via Alessandro Manzoni 201,Olbia,07026,SS,Sardegna,,Sud,Nuovi,"Via Alessandro Manzoni 201, 07026 Olbia, SS, Sardegna, Italia",40.7219767,8.5669667,"Via Olbia, Cappuccini, Tàttari/Sassari, Sardigna/Sardegna, 07100, Italia",TROVATO_COMUNE,nominatim
,,RAGION_X,AGXXX,FR0XX,Via Giuseppe Verdi 113,Giugliano in Campania,80014,,Campania,,Sud,Nuovi,"Via Giuseppe Verdi 113, 80014 Giugliano in Campania, , Campania, Italia",40.9343004,14.1903136,"Via Giuseppe Verdi, Giugliano in Campania, Napoli, Campania, 80012, Italia",TROVATO,nominatim
,,RAGION_X,AGXXX,FR0XX,Piazza Cavour 132,Sondrio,23100,SO,Lombardia,,Nord,Nuovi,"Piazza Cavour 132, 23100 Sondrio, SO, Lombardia, Italia",46.1728767,9.8708545,"Piazza Cavour, Cantone, Centro storico, Campoledro, Ponchiera, Sondrio, Comunità montana della Valtellina di Sondrio, Sondrio, Lombardia, 23100, Italia",TROVATO,nominatim
,,RAGION_X,AGXXX,FR0XX,Corso Italia 11,Rovereto,38068,TN,Trentino-Alto Adige,,Nord,Nuovi,"Corso Italia 11, 38068 Rovereto, TN, Trentino-Alto Adige, Italia",45.886548,11.0452369,"Rovereto, Comunità della Vallagarina, Provincia di Trento, Trentino-Alto Adige/Südtirol, 38060, Italia",TROVATO_COMUNE,nominatim
,,RAGION_X,AGXXX,FR0XX,Via Giuseppe Mazzini 194,Trento,38122,TN,Trentino-Alto Adige,,Nord,Nuovi,"Via Giuseppe Mazzini 194, 38122 Trento, TN, Trentino-Alto Adige, Italia",46.0660274,11.1226023,"Via Giuseppe Mazzini, Centro storico, Centro Storico - Piedicastello, Vela, Trento, Territorio Val d'Adige, Provincia di Trento, Trentino-Alto Adige/Südtirol, 38122, Italia",TROVATO,nominatim
,,RAGION_X,AGXXX,FR0XX,Corso Italia 177,Agrigento,92100,AG,Sicilia,,Sud,Nuovi,"Corso Italia 177, 92100 Agrigento, AG, Sicilia, Italia",37.2293766,13.645936,"Corso Italia, Zingarello, Agrigento, Sicilia, 92100, Italia",TROVATO,nominatim
,,RAGION_X,AGXXX,FR0XX,Via Roma 20,Carrara,54033,MS,Toscana,,Centro,Nuovi,"Via Roma 20, 54033 Carrara, MS, Toscana, Italia",44.0768576,10.0980212,"20, Via Roma, Fossola, Sorgnano, Carrara, Massa-Carrara, Toscana, 54033, Italia",TROVATO,nominatim
,,RAGION_X,AGXXX,FR0XX,Via Alessandro Manzoni 119,Cinisello Balsamo,20092,MI,Lombardia,,Nord,Nuovi,"Via Alessandro Manzoni 119, 20092 Cinisello Balsamo, MI, Lombardia, Italia",45.5519504,9.2150949,"Via Alessandro Manzoni, Cinisello, Cinisello Balsamo, Zona Omogenea Milano Nord, Milano, Lombardia, 20092, Italia",TROVATO,nominatim
,,RAGION_X,AGXXX,FR0XX,Via Camillo Cavour 214,Viareggio,55049,LU,Toscana,,Centro,Nuovi,"Via Camillo Cavour 214, 55049 Viareggio, LU, Toscana, Italia",43.833653,10.2928917,"Via Camillo Benso Conte di Cavour, Torre del Lago Puccini, Viareggio, Unione dei comuni della Versilia, Lucca, Toscana, 55049, Italia",TROVATO,nominatim
,,RAGION_X,AGXXX,FR0XX,Via Alessandro Manzoni 76,Termoli,86039,CB,Molise,,Sud,Nuovi,"Via Alessandro Manzoni 76, 86039 Termoli, CB, Molise, Italia",42.0055819,14.936458,"Via Alessandro Manzoni, Termoli, Campobasso, Molise, 86039, Italia",TROVATO,nominatim
,,RAGION_X,AGXXX,FR0XX,Via Bologna 44,Siracusa,96100,SR,Sicilia,,Sud,Nuovi,"Via Bologna 44, 96100 Siracusa, SR, Sicilia, Italia",37.0749042,15.2943031,"44, Via Bologna, Santa Lucia, Siracusa, Sicilia, 96100, Italia",TROVATO,nominatim
,,RAGION_X,AGXXX,FR0XX,Via Cesare Battisti 93,Livorno,57121,LI,Toscana,,Centro,Nuovi,"Via Cesare Battisti 93, 57121 Livorno, LI, Toscana, Italia",43.5478927,10.3176564,"Via Cesare Battisti, Consiglio di Zona 2, Livorno, Toscana, 57125, Italia",TROVATO,nominatim
,,RAGION_X,AGXXX,FR0XX,Via Milano 86,Chioggia,30015,VE,Veneto,,Nord,Nuovi,"Via Milano 86, 30015 Chioggia, VE, Veneto, Italia",45.2179083,12.2270656,"Chioggia, Venezia, Veneto, 30015, Italia",TROVATO_COMUNE,nominatim
,,RAGION_X,AGXXX,FR0XX,Via Antonio Gramsci 64,Napoli,80121,,Campania,,Sud,Nuovi,"Via Antonio Gramsci 64, 80121 Napoli, , Campania, Italia",40.9113829,14.2637152,"Via Antonio Gramsci, Lanciasino, Arzano, Napoli, Campania, 80022, Italia",TROVATO,nominatim
,,RAGION_X,AGXXX,FR0XX,Via Giuseppe Mazzini 212,Caltanissetta,93100,CL,Sicilia,,Sud,Nuovi,"Via Giuseppe Mazzini 212, 93100 Caltanissetta, CL, Sicilia, Italia",37.4892254,13.9896074,"Via Giuseppe Mazzini, Bigini, San Cataldo, Caltanissetta, Sicilia, 93017, Italia",TROVATO,nominatim
,,RAGION_X,AGXXX,FR0XX,Piazza Cavour 206,Pavia,27100,PV,Lombardia,,Nord,Nuovi,"Piazza Cavour 206, 27100 Pavia, PV, Lombardia, Italia",45.0156889,9.1261425,"Piazza Cavour, La Chiusa, Casteggio, Pavia, Lombardia, 27045, Italia",TROVATO,nominatim
,,RAGION_X,AGXXX,FR0XX,Via della Repubblica 18,Acireale,95024,CT,Sicilia,,Sud,Nuovi,"Via della Repubblica 18, 95024 Acireale, CT, Sicilia, Italia",37.6127773,15.1658804,"Acireale, Catania, Sicilia, 95024, Italia",TROVATO_COMUNE,nominatim
,,RAGION_X,AGXXX,FR0XX,Via Giuseppe Garibaldi 31,Termoli,86039,CB,Molise,,Sud,Nuovi,"Via Giuseppe Garibaldi 31, 86039 Termoli, CB, Molise, Italia",41.9983273,14.9939366,"Termoli, Campobasso, Molise, 86039, Italia",TROVATO_COMUNE,nominatim
,,RAGION_X,AGXXX,FR0XX,Via Trento 17,Cuneo,12100,CN,Piemonte,,Nord,Nuovi,"Via Trento 17, 12100 Cuneo, CN, Piemonte, Italia",44.4060713,7.8232051,"17, Via Trento, Borgo Aragno, Mondovì, Cuneo, Piemonte, 12084, Italia",TROVATO,nominatim
,,RAGION_X,AGXXX,FR0XX,Corso Italia 136,Vercelli,13100,VC,Piemonte,,Nord,Nuovi,"Corso Italia 136, 13100 Vercelli, VC, Piemonte, Italia",45.3275975,8.4281608,"Corso Italia, Monferrato, Centro, Vercelli, Piemonte, 13100, Italia",TROVATO,nominatim
,,RAGION_X,AGXXX,FR0XX,Via Bologna 24,Enna,94100,EN,Sicilia,,Sud,Nuovi,"Via Bologna 24, 94100 Enna, EN, Sicilia, Italia",37.6819978,14.2315194,"Via Bologna, Cacchiamo, Calascibetta, Enna, Sicilia, 94021, Italia",TROVATO,nominatim
,,RAGION_X,AGXXX,FR0XX,Via Venezia 172,Asti,14100,AT,Piemonte,,Nord,Nuovi,"Via Venezia 172, 14100 Asti, AT, Piemonte, Italia",45.0071333,8.2596814,"Via Venezia, San Rocco, San Desiderio, Calliano Monferrato, Asti, Piemonte, 14031, Italia",TROVATO,nominatim
,,RAGION_X,AGXXX,FR0XX,Via Aldo Moro 198,Montesilvano,65015,PE,Abruzzo,,Sud,Nuovi,"Via Aldo Moro 198, 65015 Montesilvano, PE, Abruzzo, Italia",42.5085936,14.1705069,"Via Aldo Moro, Villa Verrocchio, Montesilvano, Pescara, Abruzzo, 65015, Italia",TROVATO,nominatim
,,RAGION_X,AGXXX,FR0XX,Via Trento 124,Pescara,65121,PE,Abruzzo,,Sud,Nuovi,"Via Trento 124, 65121 Pescara, PE, Abruzzo, Italia",42.4714748,14.2095532,"Via Trento, Porta Nuova, Pescara, Abruzzo, 65122, Italia",TROVATO,nominatim
,,RAGION_X,AGXXX,FR0XX,Via Roma 71,Venezia,30121,VE,Veneto,,Nord,Nuovi,"Via Roma 71, 30121 Venezia, VE, Veneto, Italia",45.4898144,12.1703779,"71, Via Roma, Graspo d'Uva, Fornase, Spinea, Venezia, Veneto, 30038, Italia",TROVATO,nominatim
,,RAGION_X,AGXXX,FR0XX,Via Trieste 213,Alessandria,15121,AL,Piemonte,,Nord,Nuovi,"Via Trieste 213, 15121 Alessandria, AL, Piemonte, Italia",44.9027428,8.6174517,"Via Trieste, Alessandria, Piemonte, 15121, Italia",TROVATO,nominatim
,,RAGION_X,AGXXX,FR0XX,Via Vittorio Emanuele II 193,Pinerolo,10064,TO,Piemonte,,Nord,Nuovi,"Via Vittorio Emanuele II 193, 10064 Pinerolo, TO, Piemonte, Italia",44.8873086,7.3319454,"Pinerolo, Torino, Piemonte, 10064, Italia",TROVATO_COMUNE,nominatim
,,RAGION_X,AGXXX,FR0XX,Via Giuseppe Garibaldi 66,Terni,05100,TR,Umbria,,Centro,Nuovi,"Via Giuseppe Garibaldi 66, 05100 Terni, TR, Umbria, Italia",42.5595272,12.6506243,"Via Giuseppe Garibaldi, Città Giardino, Terni, Umbria, 05100, Italia",TROVATO,nominatim
,,RAGION_X,AGXXX,FR0XX,Via Vittorio Emanuele II 204,Chieti,66100,CH,Abruzzo,,Sud,Nuovi,"Via Vittorio Emanuele II 204, 66100 Chieti, CH, Abruzzo, Italia",42.4095834,14.173635,"Via Vittorio Emanuele Secondo, Dragonara, Sambuceto, San Giovanni Teatino, Chieti, Abruzzo, 66020, Italia",TROVATO,nominatim
,,RAGION_X,AGXXX,FR0XX,Via Aldo Moro 83,Ascoli Piceno,63100,AP,Marche,,Centro,Nuovi,"Via Aldo Moro 83, 63100 Ascoli Piceno, AP, Marche, Italia",42.9296109,13.6965576,"Via Aldo Moro, Collecchio, Offida, Ascoli Piceno, Marche, 63073, Italia",TROVATO,nominatim
,,RAGION_X,AGXXX,FR0XX,Via della Repubblica 118,Ravenna,48121,RA,Emilia-Romagna,,Nord,Nuovi,"Via della Repubblica 118, 48121 Ravenna, RA, Emilia-Romagna, Italia",44.4351315,12.0599041,"Via della Repubblica, Santerno, Ravenna, Emilia-Romagna, 48120, Italia",TROVATO,nominatim
,,RAGION_X,AGXXX,FR0XX,Via Firenze 26,Monfalcone,34074,GO,Friuli Venezia Giulia,,Nord,Nuovi,"Via Firenze 26, 34074 Monfalcone, GO, Friuli Venezia Giulia, Italia",45.7981639,13.5350421,"Via Firenze, Monfalcone, Gorizia / Gurize / Gorica, Friuli-Venezia Giulia, 34074, Italia",TROVATO,nominatim
,,RAGION_X,AGXXX,FR0XX,Via Roma 82,Perugia,06121,PG,Umbria,,Centro,Nuovi,"Via Roma 82, 06121 Perugia, PG, Umbria, Italia",43.1221283,12.2943773,"Via Roma, Valpinza, Chiugiana, Corciano, Perugia, Umbria, 06073, Italia",TROVATO,nominatim
,,RAGION_X,AGXXX,FR0XX,Piazza Cavour 68,Nuoro,08100,NU,Sardegna,,Sud,Nuovi,"Piazza Cavour 68, 08100 Nuoro, NU, Sardegna, Italia",40.2127803,9.2823739,"Piazza Indipendenza, Santa Maria, Mamujada/Mamoiada, Nuoro, Sardigna/Sardegna, 08024, Italia",TROVATO,nominatim
,,RAGION_X,AGXXX,FR0XX,Via Alessandro Manzoni 128,Monopoli,70043,BA,Puglia,,Sud,Nuovi,"Via Alessandro Manzoni 128, 70043 Monopoli, BA, Puglia, Italia",40.9522369,17.299948,"Monopoli, Bari, Puglia, Italia",TROVATO_COMUNE,nominatim
,,RAGION_X,AGXXX,FR0XX,Via Torino 80,Carpi,41012,MO,Emilia-Romagna,,Nord,Nuovi,"Via Torino 80, 41012 Carpi, MO, Emilia-Romagna, Italia",44.7925581,10.8773732,"Via Torino, Cibeno Pile, Carpi, Unione delle Terre d'Argine, Modena, Emilia-Romagna, 41012, Italia",TROVATO,nominatim
,,RAGION_X,AGXXX,FR0XX,Corso Vittorio Emanuele 116,Rende,87036,CS,Calabria,,Sud,Nuovi,"Corso Vittorio Emanuele 116, 87036 Rende, CS, Calabria, Italia",39.3319934,16.1843828,"Rende, Cosenza, Calabria, 87036, Italia",TROVATO_COMUNE,nominatim
,,RAGION_X,AGXXX,FR0XX,Piazza Garibaldi 140,Città di Castello,06012,PG,Umbria,,Centro,Nuovi,"Piazza Garibaldi 140, 06012 Città di Castello, PG, Umbria, Italia",43.4586808,12.2415668,"Piazza Giuseppe Garibaldi, Città di Castello, Perugia, Umbria, 06012, Italia",TROVATO,nominatim
,,RAGION_X,AGXXX,FR0XX,Via Firenze 36,Andria,76123,BT,Puglia,,Sud,Nuovi,"Via Firenze 36, 76123 Andria, BT, Puglia, Italia",41.2300454,16.3005249,"Via Firenze, San Valentino, Andria, Barletta-Andria-Trani, Puglia, 76123, Italia",TROVATO,nominatim
,,RAGION_X,AGXXX,FR0XX,Via Nazionale 135,Vasto,66054,CH,Abruzzo,,Sud,Nuovi,"Via Nazionale 135, 66054 Vasto, CH, Abruzzo, Italia",42.12434,14.705923,"Vasto, Chieti, Abruzzo, 66054, Italia",TROVATO_COMUNE,nominatim
,,RAGION_X,AGXXX,FR0XX,Via Torino 204,Modica,97015,RG,Sicilia,,Sud,Nuovi,"Via Torino 204, 97015 Modica, RG, Sicilia, Italia",36.8589209,14.7613018,"Modica, Ragusa, Sicilia, Italia",TROVATO_COMUNE,nominatim
,,RAGION_X,AGXXX,FR0XX,Via Alessandro Manzoni 106,Rimini,47921,RN,Emilia-Romagna,,Nord,Nuovi,"Via Alessandro Manzoni 106, 47921 Rimini, RN, Emilia-Romagna, Italia",44.0600458,12.4396284,"Via Alessandro Manzoni, Santarcangelo di Romagna, Unione di comuni Valmarecchia, Rimini, Emilia-Romagna, 47822, Italia",TROVATO,nominatim
,,RAGION_X,AGXXX,FR0XX,Via della Repubblica 78,Rovereto,38068,TN,Trentino-Alto Adige,,Nord,Nuovi,"Via della Repubblica 78, 38068 Rovereto, TN, Trentino-Alto Adige, Italia",45.886548,11.0452369,"Rovereto, Comunità della Vallagarina, Provincia di Trento, Trentino-Alto Adige/Südtirol, 38060, Italia",TROVATO_COMUNE,nominatim
,,RAGION_X,AGXXX,FR0XX,Via Giuseppe Mazzini 45,Acireale,95024,CT,Sicilia,,Sud,Nuovi,"Via Giuseppe Mazzini 45, 95024 Acireale, CT, Sicilia, Italia",37.6127773,15.1658804,"Acireale, Catania, Sicilia, 95024, Italia",TROVATO_COMUNE,nominatim
,,RAGION_X,AGXXX,FR0XX,Via Trieste 28,Cesena,47521,FC,Emilia-Romagna,,Nord,Nuovi,"Via Trieste 28, 47521 Cesena, FC, Emilia-Romagna, Italia",44.1693037,12.439644,"28, Via Trieste, Gatteo a Mare, Gatteo, Unione Rubicone e mare, Forlì-Cesena, Emilia-Romagna, 47030, Italia",TROVATO,nominatim
,,RAGION_X,AGXXX,FR0XX,Via XX Settembre 116,Afragola,80021,,Campania,,Sud,Nuovi,"Via XX Settembre 116, 80021 Afragola, , Campania, Italia",40.926012,14.310831,"Afragola, Napoli, Campania, 80021, Italia",TROVATO_COMUNE,nominatim
,,RAGION_X,AGXXX,FR0XX,Via Antonio Gramsci 161,Bitonto,70032,BA,Puglia,,Sud,Nuovi,"Via Antonio Gramsci 161, 70032 Bitonto, BA, Puglia, Italia",41.0497743,16.5728773,"Bitonto, Bari, Puglia, 70032, Italia",TROVATO_COMUNE,nominatim
,,RAGION_X,AGXXX,FR0XX,Via San Francesco 39,Pordenone,33170,PN,Friuli Venezia Giulia,,Nord,Nuovi,"Via San Francesco 39, 33170 Pordenone, PN, Friuli Venezia Giulia, Italia",45.9302324,12.7340752,"39, Via San Francesco, Bosco, Fiume Veneto, Pordenone / Pordenon, Friuli-Venezia Giulia, 33080, Italia",TROVATO,nominatim
,,RAGION_X,AGXXX,FR0XX,Via Camillo Cavour 84,Genova,16121,GE,Liguria,,Nord,Nuovi,"Via Camillo Cavour 84, 16121 Genova, GE, Liguria, Italia",44.3800184,9.0682163,"Via Camillo Benso Conte di Cavour, San Bernardo, Bogliasco, Genova, Liguria, 16031, Italia",TROVATO,nominatim
,,RAGION_X,AGXXX,FR0XX,Via Nazionale 171,Brescia,25121,BS,Lombardia,,Nord,Nuovi,"Via Nazionale 171, 25121 Brescia, BS, Lombardia, Italia",45.60243,10.307612,"Via Nazionale, Villa Sera, Caino, Comunità montana della valle Trompia, Brescia, Lombardia, 25070, Italia",TROVATO,nominatim
,,RAGION_X,AGXXX,FR0XX,Via Roma 142,Castellammare di Stabia,80053,,Campania,,Sud,Nuovi,"Via Roma 142, 80053 Castellammare di Stabia, , Campania, Italia",40.701787,14.4851648,"Via Roma, Pioppaino, Castellammare di Stabia, Napoli, Campania, 80053, Italia",TROVATO,nominatim
,,RAGION_X,AGXXX,FR0XX,Via Trento 54,Aversa,81031,CE,Campania,,Sud,Nuovi,"Via Trento 54, 81031 Aversa, CE, Campania, Italia",40.973212,14.204928,"Aversa, Caserta, Campania, 81031, Italia",TROVATO_COMUNE,nominatim
,,RAGION_X,AGXXX,FR0XX,Piazza Cavour 174,Reggio Calabria,89121,RC,Calabria,,Sud,Nuovi,"Piazza Cavour 174, 89121 Reggio Calabria, RC, Calabria, Italia",38.3559249,15.8452904,"Piazza Cavour, Cittadella, Marina di Palmi, Palmi, Reggio Calabria, Calabria, 89015, Italia",TROVATO,nominatim
,,RAGION_X,AGXXX,FR0XX,Via Milano 197,Viareggio,55049,LU,Toscana,,Centro,Nuovi,"Via Milano 197, 55049 Viareggio, LU, Toscana, Italia",43.8896686,10.2347184,"Via Milano, Viareggio, Unione dei comuni della Versilia, Lucca, Toscana, 55043, Italia",TROVATO,nominatim
,,RAGION_X,AGXXX,FR0XX,Via Trieste 136,Lecce,73100,LE,Puglia,,Sud,Nuovi,"Via Trieste 136, 73100 Lecce, LE, Puglia, Italia",40.3528628,18.1599968,"Via Trieste, Lecce, Puglia, 73100, Italia",TROVATO,nominatim
,,RAGION_X,AGXXX,FR0XX,Via Goffredo Mameli 77,Casoria,80026,,Campania,,Sud,Nuovi,"Via Goffredo Mameli 77, 80026 Casoria, , Campania, Italia",40.9106305,14.3023826,"Via Goffredo Mameli, Cantariello, Dietro Via Vecchia, Casoria, Napoli, Campania, 80026, Italia",TROVATO,nominatim
,,RAGION_X,AGXXX,FR0XX,Via Vittorio Emanuele II 149,Aosta,11100,AO,Valle D'Aosta,,Nord,Nuovi,"Via Vittorio Emanuele II 149, 11100 Aosta, AO, Valle D'Aosta, Italia",45.7373075,7.3204025,"Aosta / Aoste, Valle d'Aosta / Vallée d'Aoste, 11100, Italia",TROVATO_COMUNE,nominatim
,,RAGION_X,AGXXX,FR0XX,Piazza Garibaldi 101,Benevento,82100,BN,Campania,,Sud,Nuovi,"Piazza Garibaldi 101, 82100 Benevento, BN, Campania, Italia",41.0700247,14.8044398,"Piazza Garibaldi, Montorsi, Pastene, Sant'Angelo a Cupolo, Benevento, Campania, 82018, Italia",TROVATO,nominatim
,,RAGION_X,AGXXX,FR0XX,Via Cesare Battisti 129,Verbania,28921,VB,Piemonte,,Nord,Nuovi,"Via Cesare Battisti 129, 28921 Verbania, VB, Piemonte, Italia",45.9386158,8.5784727,"Via Brigata Cesare Battisti, Intra, Zoverallo, Verbania, Verbano-Cusio-Ossola, Piemonte, 28921, Italia",TROVATO,nominatim
,,RAGION_X,AGXXX,FR0XX,Via Bologna 118,Livorno,57121,LI,Toscana,,Centro,Nuovi,"Via Bologna 118, 57121 Livorno, LI, Toscana, Italia",43.6000624,10.4679325,"Via Bologna, Tanna Bassa, Vicarello, Collesalvetti, Livorno, Toscana, 57019, Italia",TROVATO,nominatim
,,RAGION_X,AGXXX,FR0XX,Via Alessandro Manzoni 199,Giugliano in Campania,80014,,Campania,,Sud,Nuovi,"Via Alessandro Manzoni 199, 80014 Giugliano in Campania, , Campania, Italia",40.9238428,14.2113804,"Via Alessandro Manzoni, Madonna delle Grazie, Giugliano in Campania, Napoli, Campania, 80017, Italia",TROVATO,nominatim
,,RAGION_X,AGXXX,FR0XX,Via Vittorio Emanuele II 81,Bergamo,24121,BG,Lombardia,,Nord,Nuovi,"Via Vittorio Emanuele II 81, 24121 Bergamo, BG, Lombardia, Italia",45.6956209,9.5934361,"Via Vittorio Emanuele II, Ponte San Pietro, Bergamo, Lombardia, 24036, Italia",TROVATO,nominatim
,,RAGION_X,AGXXX,FR0XX,Piazza Cavour 197,Barletta,76121,BT,Puglia,,Sud,Nuovi,"Piazza Cavour 197, 76121 Barletta, BT, Puglia, Italia",41.3214976,16.2868696,"Barletta, Barletta-Andria-Trani, Puglia, 76121, Italia",TROVATO_COMUNE,nominatim
,,RAGION_X,AGXXX,FR0XX,Via Firenze 195,Aversa,81031,CE,Campania,,Sud,Nuovi,"Via Firenze 195, 81031 Aversa, CE, Campania, Italia",41.000489,14.1210985,"Via Firenze, San Cipriano d'Aversa, Caserta, Campania, 81033, Italia",TROVATO,nominatim
,,RAGION_X,AGXXX,FR0XX,Via Cesare Battisti 218,Foggia,71121,FG,Puglia,,Sud,Nuovi,"Via Cesare Battisti 218, 71121 Foggia, FG, Puglia, Italia",41.5124356,15.3376903,"Via Cesare Battisti, Lucera, Foggia, Puglia, 71036, Italia",TROVATO,nominatim
,,RAGION_X,AGXXX,FR0XX,Via Antonio Gramsci 186,Civitavecchia,00053,RM,Lazio,,Centro,Nuovi,"Via Antonio Gramsci 186, 00053 Civitavecchia, RM, Lazio, Italia",42.0937524,11.7922462,"Civitavecchia, Roma Capitale, Lazio, 00053, Italia",TROVATO_COMUNE,nominatim
,,RAGION_X,AGXXX,FR0XX,Via Alessandro Manzoni 196,Padova,35121,PD,Veneto,,Nord,Nuovi,"Via Alessandro Manzoni 196, 35121 Padova, PD, Veneto, Italia",45.3999348,11.8851528,"Via Alessandro Manzoni, Sant'Osvaldo, Padova, Veneto, 35100, Italia",TROVATO,nominatim
,,RAGION_X,AGXXX,FR0XX,Via Giacomo Matteotti 74,Rende,87036,CS,Calabria,,Sud,Nuovi,"Via Giacomo Matteotti 74, 87036 Rende, CS, Calabria, Italia",39.3356656,16.2428331,"Via Giacomo Matteotti, Roges, Rende, Cosenza, Calabria, 87036, Italia",TROVATO,nominatim
,,RAGION_X,AGXXX,FR0XX,Via Leonardo da Vinci 27,Ancona,60121,AN,Marche,,Centro,Nuovi,"Via Leonardo da Vinci 27, 60121 Ancona, AN, Marche, Italia",43.6156161,13.4324826,"Via Leonardo da Vinci, Collemarino, Barcaglione, Ancona, Marche, 60126, Italia",TROVATO,nominatim
,,RAGION_X,AGXXX,FR0XX,Via Camillo Cavour 76,Molfetta,70056,BA,Puglia,,Sud,Nuovi,"Via Camillo Cavour 76, 70056 Molfetta, BA, Puglia, Italia",41.1992456,16.5968279,"Molfetta, Bari, Puglia, 70056, Italia",TROVATO_COMUNE,nominatim
,,RAGION_X,AGXXX,FR0XX,Via Venezia 19,Treviso,31100,TV,Veneto,,Nord,Nuovi,"Via Venezia 19, 31100 Treviso, TV, Veneto, Italia",45.7496902,11.918574,"19, Via Venezia, Case Barichello, San Vito di Altivole, Altivole, Fonte, Treviso, Veneto, 31030, Italia",TROVATO,nominatim
,,RAGION_X,AGXXX,FR0XX,Via Giacomo Matteotti 77,Vigevano,27029,PV,Lombardia,,Nord,Nuovi,"Via Giacomo Matteotti 77, 27029 Vigevano, PV, Lombardia, Italia",45.3155685,8.866268,"Via Giacomo Matteotti, Vigevano, Pavia, Lombardia, 27029, Italia",TROVATO,nominatim
,,RAGION_X,AGXXX,FR0XX,Via Giacomo Matteotti 144,Fano,61032,PU,Marche,,Centro,Nuovi,"Via Giacomo Matteotti 144, 61032 Fano, PU, Marche, Italia",43.8424173,13.0146632,"Fano, Pesaro e Urbino, Marche, 61032, Italia",TROVATO_COMUNE,nominatim
,,RAGION_X,AGXXX,FR0XX,Piazza Cavour 44,Brindisi,72100,BR,Puglia,,Sud,Nuovi,"Piazza Cavour 44, 72100 Brindisi, BR, Puglia, Italia",40.5577898,17.8099362,"Piazza Cavour, Mesagne, Brindisi, Puglia, Italia",TROVATO,nominatim
,,RAGION_X,AGXXX,FR0XX,Via Leonardo da Vinci 115,Isernia,86170,IS,Molise,,Sud,Nuovi,"Via Leonardo da Vinci 115, 86170 Isernia, IS, Molise, Italia",41.6098233,14.2356572,"Via Leonardo da Vinci, San Lazzaro, Isernia, Molise, 86170, Italia",TROVATO,nominatim
,,RAGION_X,AGXXX,FR0XX,Via Trieste 49,Modica,97015,RG,Sicilia,,Sud,Nuovi,"Via Trieste 49, 97015 Modica, RG, Sicilia, Italia",36.8555413,14.756251,"Via Trieste, Dente, Modica Alta, Modica, Ragusa, Sicilia, 97015, Italia",TROVATO,nominatim
,,RAGION_X,AGXXX,FR0XX,Via Roma 78,Agrigento,92100,AG,Sicilia,,Sud,Nuovi,"Via Roma 78, 92100 Agrigento, AG, Sicilia, Italia",37.3522128,13.5166687,"Via Roma (Giardina Gallotti), Giardina Gallotti, Agrigento, Sicilia, 92100, Italia",TROVATO,nominatim
,,RAGION_X,AGXXX,FR0XX,Via Antonio Gramsci 111,Lodi,26900,LO,Lombardia,,Nord,Nuovi,"Via Antonio Gramsci 111, 26900 Lodi, LO, Lombardia, Italia",45.3131033,9.4952459,"Via Antonio Gramsci, Fanfani, Revellino, Lodi, Lombardia, 26900, Italia",TROVATO,nominatim
,,RAGION_X,AGXXX,FR0XX,Via Guglielmo Marconi 76,Sanremo,18038,IM,Liguria,,Nord,Nuovi,"Via Guglielmo Marconi 76, 18038 Sanremo, IM, Liguria, Italia",43.8362985,7.7772658,"Sanremo, Provincia di Imperia, Liguria, 18034, Italia",TROVATO_COMUNE,nominatim
,,RAGION_X,AGXXX,FR0XX,Via Goffredo Mameli 203,Mestre,30171,VE,Veneto,,Nord,Nuovi,"Via Goffredo Mameli 203, 30171 Mestre, VE, Veneto, Italia",45.4943063,12.2418053,"Mestre, Venezia, Veneto, 30170, Italia",TROVATO_COMUNE,nominatim
,,RAGION_X,AGXXX,FR0XX,Via Camillo Cavour 108,Fiumicino,00054,RM,Lazio,,Centro,Nuovi,"Via Camillo Cavour 108, 00054 Fiumicino, RM, Lazio, Italia",41.7712145,12.2278855,"Fiumicino, Roma Capitale, Lazio, Italia",TROVATO_COMUNE,nominatim
,,RAGION_X,AGXXX,FR0XX,Via Milano 43,Treviglio,24047,BG,Lombardia,,Nord,Nuovi,"Via Milano 43, 24047 Treviglio, BG, Lombardia, Italia",45.5227953,9.5713724,"Via Milano, Geromìna, Treviglio, Bergamo, Lombardia, 24047, Italia",TROVATO,nominatim
,,RAGION_X,AGXXX,FR0XX,Via Torino 107,Caserta,81100,CE,Campania,,Sud,Nuovi,"Via Torino 107, 81100 Caserta, CE, Campania, Italia",41.0754856,14.3089469,"Via Torino, Cuccagna, Casagiove, Caserta, Campania, 81022, Italia",TROVATO,nominatim
,,RAGION_X,AGXXX,FR0XX,Corso Vittorio Emanuele 71,Reggio Emilia,42121,RE,Emilia-Romagna,,Nord,Nuovi,"Corso Vittorio Emanuele 71, 42121 Reggio Emilia, RE, Emilia-Romagna, Italia",44.6978389,10.6304971,"Reggio Emilia, Reggio nell'Emilia, Emilia-Romagna, Italia",TROVATO_COMUNE,nominatim
,,RAGION_X,AGXXX,FR0XX,Via Antonio Gramsci 158,Torre del Greco,80059,,Campania,,Sud,Nuovi,"Via Antonio Gramsci 158, 80059 Torre del Greco, , Campania, Italia",40.788026,14.378422,"Via Antonio Gramsci, Sant'Antonio, Torre del Greco, Napoli, Campania, 80056, Italia",TROVATO,nominatim
,,RAGION_X,AGXXX,FR0XX,Piazza Garibaldi 76,Ascoli Piceno,63100,AP,Marche,,Centro,Nuovi,"Piazza Garibaldi 76, 63100 Ascoli Piceno, AP, Marche, Italia",42.9544,13.5612437,"Piazza Garibaldi, Croce Nera, Rotella, Ascoli Piceno, Marche, 63071, Italia",TROVATO,nominatim
,,RAGION_X,AGXXX,FR0XX,Via Venezia 29,Modica,97015,RG,Sicilia,,Sud,Nuovi,"Via Venezia 29, 97015 Modica, RG, Sicilia, Italia",36.8688694,14.7590531,"Via Venezia, Modica Alta, Modica, Ragusa, Sicilia, Italia",TROVATO,nominatim
,,RAGION_X,AGXXX,FR0XX,Via della Repubblica 117,Imola,40026,BO,Emilia-Romagna,,Nord,Nuovi,"Via della Repubblica 117, 40026 Imola, BO, Emilia-Romagna, Italia",44.3535145,11.7141233,"Imola, Nuovo Circondario Imolese, Bologna, Emilia-Romagna, 40026, Italia",TROVATO_COMUNE,nominatim
,,RAGION_X,AGXXX,FR0XX,Via Dante Alighieri 188,Tivoli,00019,RM,Lazio,,Centro,Nuovi,"Via Dante Alighieri 188, 00019 Tivoli, RM, Lazio, Italia",41.9559358,12.7140415,"Via Dante Alighieri, Borgonovo, Tivoli Terme, Tivoli, Roma Capitale, Lazio, 00011, Italia",TROVATO,nominatim
,,RAGION_X,AGXXX,FR0XX,Via Giacomo Matteotti 156,Anzio,00042,RM,Lazio,,Centro,Nuovi,"Via Giacomo Matteotti 156, 00042 Anzio, RM, Lazio, Italia",41.4482734,12.6282633,"Via Giacomo Matteotti, Anzio, Europa, Anzio, Roma Capitale, Lazio, 00042, Italia",TROVATO,nominatim
,,RAGION_X,AGXXX,FR0XX,Via Giuseppe Verdi 22,Vittoria,97019,RG,Sicilia,,Sud,Nuovi,"Via Giuseppe Verdi 22, 97019 Vittoria, RG, Sicilia, Italia",36.9556175,14.5396351,"Via Giuseppe Verdi, Vittoria, Ragusa, Sicilia, 97019, Italia",TROVATO,nominatim
,,RAGION_X,AGXXX,FR0XX,Via Guglielmo Marconi 5,Lecce,73100,LE,Puglia,,Sud,Nuovi,"Via Guglielmo Marconi 5, 73100 Lecce, LE, Puglia, Italia",40.095075,18.3665297,"5, Via Guglielmo Marconi, Giuggianello, Lecce, Puglia, 73030, Italia",TROVATO,nominatim
,,RAGION_X,AGXXX,FR0XX,Via Bologna 76,Campobasso,86100,CB,Molise,,Sud,Nuovi,"Via Bologna 76, 86100 Campobasso, CB, Molise, Italia",41.6195881,14.8732982,"Via Bologna, Sant'Elia a Pianisi, Campobasso, Molise, 86048, Italia",TROVATO,nominatim
,,RAGION_X,AGXXX,FR0XX,Via Milano 45,Campobasso,86100,CB,Molise,,Sud,Nuovi,"Via Milano 45, 86100 Campobasso, CB, Molise, Italia",41.5573539,14.6565606,"Via Milano, Campobasso, Molise, 86100, Italia",TROVATO,nominatim
,,RAGION_X,AGXXX,FR0XX,Via Dante Alighieri 210,Bari,70121,BA,Puglia,,Sud,Nuovi,"Via Dante Alighieri 210, 70121 Bari, BA, Puglia, Italia",41.1218254,16.8662082,"Via Dante Alighieri, Murat, Municipio 1, Bari, Puglia, 70122, Italia",TROVATO,nominatim
,,RAGION_X,AGXXX,FR0XX,Via della Repubblica 38,Trapani,91100,TP,Sicilia,,Sud,Nuovi,"Via della Repubblica 38, 91100 Trapani, TP, Sicilia, Italia",38.022519,12.8847107,"Via della Repubblica, Castellammare del Golfo, Trapani, Sicilia, 91014, Italia",TROVATO,nominatim
,,RAGION_X,AGXXX,FR0XX,Via Giuseppe Mazzini 115,Bisceglie,76011,BT,Puglia,,Sud,Nuovi,"Via Giuseppe Mazzini 115, 76011 Bisceglie, BT, Puglia, Italia",41.2375452,16.5034461,"Via Giuseppe Mazzini, Bisceglie, Barletta-Andria-Trani, Puglia, 76011, Italia",TROVATO,nominatim
,,RAGION_X,AGXXX,FR0XX,Via Dante Alighieri 77,Bitonto,70032,BA,Puglia,,Sud,Nuovi,"Via Dante Alighieri 77, 70032 Bitonto, BA, Puglia, Italia",41.1127398,16.6934103,"Via Dante Alighieri, Bitonto, Bari, Puglia, 70032, Italia",TROVATO,nominatim
,,RAGION_X,AGXXX,FR0XX,Via Torino 203,Bagheria,90011,PA,Sicilia,,Sud,Nuovi,"Via Torino 203, 90011 Bagheria, PA, Sicilia, Italia",38.079351,13.509349,"Bagheria, Palermo, Sicilia, 90011, Italia",TROVATO_COMUNE,nominatim
,,RAGION_X,AGXXX,FR0XX,Via Leonardo da Vinci 8,Genova,16121,GE,Liguria,,Nord,Nuovi,"Via Leonardo da Vinci 8, 16121 Genova, GE, Liguria, Italia",44.472025,8.9585047,"8, Via Leonardo da Vinci, Pinasco, Torrazza, Sant'Olcese, Genova, Liguria, 16010, Italia",TROVATO,nominatim
,,RAGION_X,AGXXX,FR0XX,Via Leonardo da Vinci 52,Collegno,10093,TO,Piemonte,,Nord,Nuovi,"Via Leonardo da Vinci 52, 10093 Collegno, TO, Piemonte, Italia",45.0781172,7.6030494,"Via Leonardo da Vinci, Borgata Paradiso, Collegno, Torino, Piemonte, 10993, Italia",TROVATO,nominatim
,,RAGION_X,AGXXX,FR0XX,Via Bologna 32,Chieti,66100,CH,Abruzzo,,Sud,Nuovi,"Via Bologna 32, 66100 Chieti, CH, Abruzzo, Italia",42.4217098,14.2879937,"Via Bologna, Via Teodorico Marino, Di Sante, Francavilla al Mare, Chieti, Abruzzo, 66023, Italia",TROVATO,nominatim
,,RAGION_X,AGXXX,FR0XX,Via Guglielmo Marconi 117,Monfalcone,34074,GO,Friuli Venezia Giulia,,Nord,Nuovi,"Via Guglielmo Marconi 117, 34074 Monfalcone, GO, Friuli Venezia Giulia, Italia",45.7948104,13.5346651,"Via Guglielmo Marconi, Monfalcone, Gorizia / Gurize / Gorica, Friuli-Venezia Giulia, 34074, Italia",TROVATO,nominatim
,,RAGION_X,AGXXX,FR0XX,Via Trento 91,Siena,53100,SI,Toscana,,Centro,Nuovi,"Via Trento 91, 53100 Siena, SI, Toscana, Italia",43.466453,11.1482222,"Via Trento, Calcinaia, Poggibonsi, Siena, Toscana, 53036, Italia",TROVATO,nominatim
,,RAGION_X,AGXXX,FR0XX,Via XX Settembre 33,Forlì,47121,FC,Emilia-Romagna,,Nord,Nuovi,"Via XX Settembre 33, 47121 Forlì, FC, Emilia-Romagna, Italia",44.0781362,11.7434005,"33, Via Venti Settembre, Tredozio, Unione di Comuni della Romagna Forlivese, Forlì-Cesena, Emilia-Romagna, 47019, Italia",TROVATO,nominatim
,,RAGION_X,AGXXX,FR0XX,Via Giuseppe Mazzini 182,Bari,70121,BA,Puglia,,Sud,Nuovi,"Via Giuseppe Mazzini 182, 70121 Bari, BA, Puglia, Italia",41.0433827,16.8874006,"Via Giuseppe Mazzini, Valenzano San Lorenzo, Valenzano, Bari, Puglia, 70129, Italia",TROVATO,nominatim
,,RAGION_X,AGXXX,FR0XX,Via Camillo Cavour 70,Barletta,76121,BT,Puglia,,Sud,Nuovi,"Via Camillo Cavour 70, 76121 Barletta, BT, Puglia, Italia",41.241617,16.4899338,"Via Camillo Benso Conte di Cavour, Bisceglie, Barletta-Andria-Trani, Puglia, 76011, Italia",TROVATO,nominatim
,,RAGION_X,AGXXX,FR0XX,Piazza Garibaldi 179,Catanzaro,88100,CZ,Calabria,,Sud,Nuovi,"Piazza Garibaldi 179, 88100 Catanzaro, CZ, Calabria, Italia",38.9088577,16.5890218,"Piazza Giuseppe Garibaldi, Siano, Catanzaro, Calabria, 88100, Italia",TROVATO,nominatim
,,RAGION_X,AGXXX,FR0XX,Via Guglielmo Marconi 142,Udine,33100,UD,Friuli Venezia Giulia,,Nord,Nuovi,"Via Guglielmo Marconi 142, 33100 Udine, UD, Friuli Venezia Giulia, Italia",46.1122954,13.2166689,"Via Guglielmo Marconi, Branco / Branc, Cavalicco / Cjavalì, Tavagnacco, Udine / Udin / Videm, Friuli-Venezia Giulia, 33010, Italia",TROVATO,nominatim
,,RAGION_X,AGXXX,FR0XX,Via Torino 119,Bologna,40121,BO,Emilia-Romagna,,Nord,Nuovi,"Via Torino 119, 40121 Bologna, BO, Emilia-Romagna, Italia",44.4751406,11.3780546,"Via Torino, Pontevecchio, Savena, Monte Donato, Bologna, Emilia-Romagna, 40139, Italia",TROVATO,nominatim
,,RAGION_X,AGXXX,FR0XX,Via Milano 185,Lecce,73100,LE,Puglia,,Sud,Nuovi,"Via Milano 185, 73100 Lecce, LE, Puglia, Italia",40.3093611,18.1315056,"Via Milano, Donadeo, San Pietro in Lama, Lecce, Puglia, 73016, Italia",TROVATO,nominatim
,,RAGION_X,AGXXX,FR0XX,Via Bologna 163,Como,22100,CO,Lombardia,,Nord,Nuovi,"Via Bologna 163, 22100 Como, CO, Lombardia, Italia",45.7563196,9.0631756,"Via Bologna, San Quirico, Casnate, Casnate con Bernate, Como, Lombardia, 22024, Italia",TROVATO,nominatim
,,RAGION_X,AGXXX,FR0XX,Via Aldo Moro 171,Monza,20900,MB,Lombardia,,Nord,Nuovi,"Via Aldo Moro 171, 20900 Monza, MB, Lombardia, Italia",45.5546183,9.310547,"Via Aldo Moro, Baraggia, Brugherio, Monza e della Brianza, Lombardia, 20861, Italia",TROVATO,nominatim
,,RAGION_X,AGXXX,FR0XX,Via Guglielmo Marconi 217,Cagliari,09121,CA,Sardegna,,Sud,Nuovi,"Via Guglielmo Marconi 217, 09121 Cagliari, CA, Sardegna, Italia",39.2277293,9.1313492,"Via Guglielmo Marconi, Genneruxi, Sant'Alenixedda, Casteddu/Cagliari, Sardigna/Sardegna, 09129, Italia",TROVATO,nominatim
,,RAGION_X,AGXXX,FR0XX,Via Dante Alighieri 127,Roma,00184,RM,Lazio,,Centro,Nuovi,"Via Dante Alighieri 127, 00184 Roma, RM, Lazio, Italia",41.8073345,12.6059875,"Via Dante Alighieri, Valle Copella, Ciampino, Roma Capitale, Lazio, 00043, Italia",TROVATO,nominatim
,,RAGION_X,AGXXX,FR0XX,Via Giacomo Matteotti 179,Legnano,20025,MI,Lombardia,,Nord,Nuovi,"Via Giacomo Matteotti 179, 20025 Legnano, MI, Lombardia, Italia",45.5956149,8.9219135,"Via Giacomo Matteotti, San Magno, Oltresempione, Legnano, Milano, Lombardia, 20025, Italia",TROVATO,nominatim
,,RAGION_X,AGXXX,FR0XX,Via XX Settembre 75,Altamura,70022,BA,Puglia,,Sud,Nuovi,"Via XX Settembre 75, 70022 Altamura, BA, Puglia, Italia",40.8247383,16.552665,"Via Venti Settembre, Altamura, Bari, Puglia, 70022, Italia",TROVATO,nominatim
,,RAGION_X,AGXXX,FR0XX,Via Venezia 63,Afragola,80021,,Campania,,Sud,Nuovi,"Via Venezia 63, 80021 Afragola, , Campania, Italia",40.9148471,14.3120304,"Via Venezia, Sant'Antonio, Via Vecchia, Afragola, Napoli, Campania, 80021, Italia",TROVATO,nominatim
,,RAGION_X,AGXXX,FR0XX,Via Camillo Cavour 165,Marano di Napoli,80016,,Campania,,Sud,Nuovi,"Via Camillo Cavour 165, 80016 Marano di Napoli, , Campania, Italia",40.89761,14.190528,"Marano di Napoli, Napoli, Campania, 80016, Italia",TROVATO_COMUNE,nominatim
,,RAGION_X,AGXXX,FR0XX,Via Roma 201,Modica,97015,RG,Sicilia,,Sud,Nuovi,"Via Roma 201, 97015 Modica, RG, Sicilia, Italia",36.8737839,14.7653694,"Via Roma, Modica Alta, Modica, Ragusa, Sicilia, 97015, Italia",TROVATO,nominatim
,,RAGION_X,AGXXX,FR0XX,Piazza Garibaldi 25,Pomezia,00071,RM,Lazio,,Centro,Nuovi,"Piazza Garibaldi 25, 00071 Pomezia, RM, Lazio, Italia",41.667529,12.5047863,"Pomezia, Roma Capitale, Lazio, 00071, Italia",TROVATO_COMUNE,nominatim
,,RAGION_X,AGXXX,FR0XX,Via Torino 104,Velletri,00049,RM,Lazio,,Centro,Nuovi,"Via Torino 104, 00049 Velletri, RM, Lazio, Italia",41.6867015,12.7770433,"Velletri, Roma Capitale, Lazio, 00049, Italia",TROVATO_COMUNE,nominatim
,,RAGION_X,AGXXX,FR0XX,Via Alessandro Manzoni 167,Agrigento,92100,AG,Sicilia,,Sud,Nuovi,"Via Alessandro Manzoni 167, 92100 Agrigento, AG, Sicilia, Italia",37.3061796,13.5857478,"Via Alessandro Manzoni, Sottogas, Calcarelle, Agrigento, Sicilia, 92100, Italia",TROVATO,nominatim
,,RAGION_X,AGXXX,FR0XX,Via Nazionale 165,Viterbo,01100,VT,Lazio,,Centro,Nuovi,"Via Nazionale 165, 01100 Viterbo, VT, Lazio, Italia",42.5382504,12.0308492,"Via Nazionale, Le Mosse, Le Coste, Montefiascone, Viterbo, Lazio, 01027, Italia",TROVATO,nominatim
,,RAGION_X,AGXXX,FR0XX,Via San Francesco 173,Civitavecchia,00053,RM,Lazio,,Centro,Nuovi,"Via San Francesco 173, 00053 Civitavecchia, RM, Lazio, Italia",42.0883487,11.8053437,"Via San Francesco di Paola, Borgo Odescalchi, Civitavecchia, Roma Capitale, Lazio, 00053, Italia",TROVATO,nominatim
,,RAGION_X,AGXXX,FR0XX,Corso Italia 99,Fiumicino,00054,RM,Lazio,,Centro,Nuovi,"Corso Italia 99, 00054 Fiumicino, RM, Lazio, Italia",41.7712145,12.2278855,"Fiumicino, Roma Capitale, Lazio, Italia",TROVATO_COMUNE,nominatim
,,RAGION_X,AGXXX,FR0XX,Corso Italia 124,Pinerolo,10064,TO,Piemonte,,Nord,Nuovi,"Corso Italia 124, 10064 Pinerolo, TO, Piemonte, Italia",44.8873086,7.3319454,"Pinerolo, Torino, Piemonte, 10064, Italia",TROVATO_COMUNE,nominatim
,,RAGION_X,AGXXX,FR0XX,Via Giacomo Matteotti 87,Pomezia,00071,RM,Lazio,,Centro,Nuovi,"Via Giacomo Matteotti 87, 00071 Pomezia, RM, Lazio, Italia",41.6719953,12.4952779,"Via Giacomo Matteotti, Primavera, Pomezia, Roma Capitale, Lazio, 00071, Italia",TROVATO,nominatim
,,RAGION_X,AGXXX,FR0XX,Via Trieste 151,Reggio Emilia,42121,RE,Emilia-Romagna,,Nord,Nuovi,"Via Trieste 151, 42121 Reggio Emilia, RE, Emilia-Romagna, Italia",44.9158624,10.8193437,"151, Via Trieste, Corte Pironda, Reggiolo, Bassa Reggiana, Reggio nell'Emilia, Emilia-Romagna, 42046, Italia",TROVATO,nominatim
,,RAGION_X,AGXXX,FR0XX,Via Camillo Cavour 131,Biella,13900,BI,Piemonte,,Nord,Nuovi,"Via Camillo Cavour 131, 13900 Biella, BI, Piemonte, Italia",45.5446528,8.0761761,"Via Camillo Cavour, Biella, Piemonte, 13894, Italia",TROVATO,nominatim
,,RAGION_X,AGXXX,FR0XX,Corso Italia 146,Campobasso,86100,CB,Molise,,Sud,Nuovi,"Corso Italia 146, 86100 Campobasso, CB, Molise, Italia",41.827225,14.7098132,"Corso Italia, Fonticella, Castelmauro, Campobasso, Molise, 86031, Italia",TROVATO,nominatim
,,RAGION_X,AGXXX,FR0XX,Via Bologna 11,Milano,20121,MI,Lombardia,,Nord,Nuovi,"Via Bologna 11, 20121 Milano, MI, Lombardia, Italia",45.5360119,9.1849159,"11, Via Giuseppe Bologna, Bresso, Zona Omogenea Milano Nord, Milano, Lombardia, 20091, Italia",TROVATO,nominatim
,,RAGION_X,AGXXX,FR0XX,Piazza Garibaldi 32,Frosinone,03100,FR,Lazio,,Centro,Nuovi,"Piazza Garibaldi 32, 03100 Frosinone, FR, Lazio, Italia",41.6194219,13.8013423,"Piazza Garibaldi, Colle, Atina, Frosinone, Lazio, 03042, Italia",TROVATO,nominatim
,,RAGION_X,AGXXX,FR0XX,Via Antonio Gramsci 68,Como,22100,CO,Lombardia,,Nord,Nuovi,"Via Antonio Gramsci 68, 22100 Como, CO, Lombardia, Italia",45.8040063,9.0829146,"Via Antonio Gramsci, Sant'Abbondio, San Bartolomeo, Como, Lombardia, 22100, Italia",TROVATO,nominatim
,,RAGION_X,AGXXX,FR0XX,Via San Francesco 101,Aprilia,04011,LT,Lazio,,Centro,Nuovi,"Via San Francesco 101, 04011 Aprilia, LT, Lazio, Italia",41.5942016,12.6485765,"Aprilia, Latina, Lazio, 04011, Italia",TROVATO_COMUNE,nominatim
,,RAGION_X,AGXXX,FR0XX,Piazza Cavour 5,Battipaglia,84091,SA,Campania,,Sud,Nuovi,"Piazza Cavour 5, 84091 Battipaglia, SA, Campania, Italia",40.6092539,14.9821443,"Battipaglia, Salerno, Campania, 84091, Italia",TROVATO_COMUNE,nominatim
,,RAGION_X,AGXXX,FR0XX,Via Trento 156,Imperia,18100,IM,Liguria,,Nord,Nuovi,"Via Trento 156, 18100 Imperia, IM, Liguria, Italia",43.890862,8.0342158,"Via Trento, Oneglia, Oliveto, Imperia, Provincia di Imperia, Liguria, 18100, Italia",TROVATO,nominatim
,,RAGION_X,AGXXX,FR0XX,Corso Vittorio Emanuele 55,Parma,43121,PR,Emilia-Romagna,,Nord,Nuovi,"Corso Vittorio Emanuele 55, 43121 Parma, PR, Emilia-Romagna, Italia",44.80153,10.3279843,"Parma, Emilia-Romagna, Italia",TROVATO_COMUNE,nominatim
,,RAGION_X,AGXXX,FR0XX,Via Venezia 120,Vercelli,13100,VC,Piemonte,,Nord,Nuovi,"Via Venezia 120, 13100 Vercelli, VC, Piemonte, Italia",45.3433164,8.1815157,"Via Venezia, Tronzano Vercellese, Vercelli, Piemonte, 13049, Italia",TROVATO,nominatim
,,RAGION_X,AGXXX,FR0XX,Via Leonardo da Vinci 128,Aprilia,04011,LT,Lazio,,Centro,Nuovi,"Via Leonardo da Vinci 128, 04011 Aprilia, LT, Lazio, Italia",41.5918897,12.655991,"Via Leonardo da Vinci, Aprilia, Latina, Lazio, 04011, Italia",TROVATO,nominatim
,,RAGION_X,AGXXX,FR0XX,Via Milano 208,Pistoia,51100,PT,Toscana,,Centro,Nuovi,"Via Milano 208, 51100 Pistoia, PT, Toscana, Italia",43.9186153,10.9916526,"Via Milano, Spedalino Asnelli, Agliana, Pistoia, Toscana, 51031, Italia",TROVATO,nominatim
,,RAGION_X,AGXXX,FR0XX,Via Giuseppe Garibaldi 79,Caserta,81100,CE,Campania,,Sud,Nuovi,"Via Giuseppe Garibaldi 79, 81100 Caserta, CE, Campania, Italia",41.0833533,14.3108621,"Via Giuseppe Garibaldi, Cuccagna, Casagiove, Caserta, Campania, 81022, Italia",TROVATO,nominatim
,,RAGION_X,AGXXX,FR0XX,Via Trieste 146,Moncalieri,10024,TO,Piemonte,,Nord,Nuovi,"Via Trieste 146, 10024 Moncalieri, TO, Piemonte, Italia",45.0004614,7.6847543,"Moncalieri, Torino, Piemonte, 10024, Italia",TROVATO_COMUNE,nominatim
,,RAGION_X,AGXXX,FR0XX,Via Goffredo Mameli 158,Anzio,00042,RM,Lazio,,Centro,Nuovi,"Via Goffredo Mameli 158, 00042 Anzio, RM, Lazio, Italia",41.4471008,12.6285618,"Anzio, Roma Capitale, Lazio, 00042, Italia",TROVATO_COMUNE,nominatim
,,RAGION_X,AGXXX,FR0XX,Via della Repubblica 129,Reggio Calabria,89121,RC,Calabria,,Sud,Nuovi,"Via della Repubblica 129, 89121 Reggio Calabria, RC, Calabria, Italia",38.4651107,16.0621251,"Via della Repubblica, Plaesano, Feroleto della Chiesa, Reggio Calabria, Calabria, 89050, Italia",TROVATO,nominatim
,,RAGION_X,AGXXX,FR0XX,Via Aldo Moro 123,Gela,93012,CL,Sicilia,,Sud,Nuovi,"Via Aldo Moro 123, 93012 Gela, CL, Sicilia, Italia",37.0664363,14.2502445,"Gela, Caltanissetta, Sicilia, 93012, Italia",TROVATO_COMUNE,nominatim
,,RAGION_X,AGXXX,FR0XX,Via della Repubblica 204,Sondrio,23100,SO,Lombardia,,Nord,Nuovi,"Via della Repubblica 204, 23100 Sondrio, SO, Lombardia, Italia",46.1712084,9.8716216,"Sondrio, Comunità montana della Valtellina di Sondrio, Sondrio, Lombardia, 23100, Italia",TROVATO_COMUNE,nominatim
,,RAGION_X,AGXXX,FR0XX,Via Alessandro Manzoni 71,Torre del Greco,80059,,Campania,,Sud,Nuovi,"Via Alessandro Manzoni 71, 80059 Torre del Greco, , Campania, Italia",40.7879211,14.3682813,"Torre del Greco, Napoli, Campania, 80059, Italia",TROVATO_COMUNE,nominatim
,,RAGION_X,AGXXX,FR0XX,Via Trieste 125,Sacile,33077,PN,Friuli Venezia Giulia,,Nord,Nuovi,"Via Trieste 125, 33077 Sacile, PN, Friuli Venezia Giulia, Italia",45.9548046,12.5034415,"Sacile, Pordenone / Pordenon, Friuli-Venezia Giulia, 33077, Italia",TROVATO_COMUNE,nominatim
,,RAGION_X,AGXXX,FR0XX,Via della Repubblica 184,Torino,10121,TO,Piemonte,,Nord,Nuovi,"Via della Repubblica 184, 10121 Torino, TO, Piemonte, Italia",45.0380685,7.6063387,"Via della Repubblica, Grugliasco, Torino, Piemonte, 10195, Italia",TROVATO,nominatim
,,RAGION_X,AGXXX,FR0XX,Via Roma 211,Treviso,31100,TV,Veneto,,Nord,Nuovi,"Via Roma 211, 31100 Treviso, TV, Veneto, Italia",45.6614424,12.2458692,"Via Roma, San Zeno, Treviso, Veneto, 31100, Italia",TROVATO,nominatim
,,RAGION_X,AGXXX,FR0XX,Corso Vittorio Emanuele 119,Viareggio,55049,LU,Toscana,,Centro,Nuovi,"Corso Vittorio Emanuele 119, 55049 Viareggio, LU, Toscana, Italia",43.8672392,10.2506055,"Viareggio, Unione dei comuni della Versilia, Lucca, Toscana, 55049, Italia",TROVATO_COMUNE,nominatim
,,RAGION_X,AGXXX,FR0XX,Corso Italia 169,Varese,21100,VA,Lombardia,,Nord,Nuovi,"Corso Italia 169, 21100 Varese, VA, Lombardia, Italia",45.6594371,8.7938238,"Corso Italia, Centro storico, Centro, Gallarate, Varese, Lombardia, 21013, Italia",TROVATO,nominatim
,,RAGION_X,AGXXX,FR0XX,Via Nazionale 21,Belluno,32100,BL,Veneto,,Nord,Nuovi,"Via Nazionale 21, 32100 Belluno, BL, Veneto, Italia",46.0800543,12.0329787,"21, Via Nazionale, Formegan, Santa Giustina, Belluno, Veneto, 32035, Italia",TROVATO,nominatim
,,RAGION_X,AGXXX,FR0XX,Via Nazionale 129,Bassano del Grappa,36061,VI,Veneto,,Nord,Nuovi,"Via Nazionale 129, 36061 Bassano del Grappa, VI, Veneto, Italia",45.7726007,11.7206547,"Bassano del Grappa, Vicenza, Veneto, 36061, Italia",TROVATO_COMUNE,nominatim
,,RAGION_X,AGXXX,FR0XX,Via Torino 148,Cesena,47521,FC,Emilia-Romagna,,Nord,Nuovi,"Via Torino 148, 47521 Cesena, FC, Emilia-Romagna, Italia",44.1657863,12.2426958,"Via Torino, Quartiere Ravennate, Martorano, Cesena, Unione dei comuni Valle del Savio, Forlì-Cesena, Emilia-Romagna, 47522, Italia",TROVATO,nominatim
,,RAGION_X,AGXXX,FR0XX,Via Giacomo Matteotti 138,Vercelli,13100,VC,Piemonte,,Nord,Nuovi,"Via Giacomo Matteotti 138, 13100 Vercelli, VC, Piemonte, Italia",45.2611402,8.4800989,"138, Via Giacomo Matteotti, Molino Preale, Pezzana, Vercelli, Piemonte, 13010, Italia",TROVATO,nominatim
,,RAGION_X,AGXXX,FR0XX,Via Goffredo Mameli 78,Bologna,40121,BO,Emilia-Romagna,,Nord,Nuovi,"Via Goffredo Mameli 78, 40121 Bologna, BO, Emilia-Romagna, Italia",44.4798507,11.2780636,"Via Goffredo Mameli, Casalecchio di Reno, Unione dei comuni Valli del Reno, Lavino e Samoggia, Bologna, Emilia-Romagna, 40033, Italia",TROVATO,nominatim
,,RAGION_X,AGXXX,FR0XX,Via Giuseppe Garibaldi 92,Mantova,46100,MN,Lombardia,,Nord,Nuovi,"Via Giuseppe Garibaldi 92, 46100 Mantova, MN, Lombardia, Italia",45.1303538,10.7519604,"Via Giuseppe Garibaldi, San Silvestro, Curtatone, Mantova, Lombardia, 46010, Italia",TROVATO,nominatim
,,RAGION_X,AGXXX,FR0XX,Via Camillo Cavour 215,Foligno,06034,PG,Umbria,,Centro,Nuovi,"Via Camillo Cavour 215, 06034 Foligno, PG, Umbria, Italia",42.9559744,12.7034782,"Foligno, Perugia, Umbria, 06034, Italia",TROVATO_COMUNE,nominatim
,,RAGION_X,AGXXX,FR0XX,Via Cesare Battisti 204,Monopoli,70043,BA,Puglia,,Sud,Nuovi,"Via Cesare Battisti 204, 70043 Monopoli, BA, Puglia, Italia",40.9548257,17.2964471,"Via Cesare Battisti, Monopoli, Bari, Puglia, 70034, Italia",TROVATO,nominatim
,,RAGION_X,AGXXX,FR0XX,Via Antonio Gramsci 138,Alba,12051,CN,Piemonte,,Nord,Nuovi,"Via Antonio Gramsci 138, 12051 Alba, CN, Piemonte, Italia",44.6885104,8.014477,"Via Antonio Gramsci, Alba, Cuneo, Piemonte, 12051, Italia",TROVATO,nominatim
,,RAGION_X,AGXXX,FR0XX,Via Giuseppe Verdi 137,Lecce,73100,LE,Puglia,,Sud,Nuovi,"Via Giuseppe Verdi 137, 73100 Lecce, LE, Puglia, Italia",40.3345388,18.1776894,"Via Giuseppe Verdi, Castromediano, Cavallino, Lecce, Puglia, 73100, Italia",TROVATO,nominatim
,,RAGION_X,AGXXX,FR0XX,Piazza Garibaldi 48,Bisceglie,76011,BT,Puglia,,Sud,Nuovi,"Piazza Garibaldi 48, 76011 Bisceglie, BT, Puglia, Italia",41.2407788,16.5019124,"Bisceglie, Barletta-Andria-Trani, Puglia, 76011, Italia",TROVATO_COMUNE,nominatim
,,RAGION_X,AGXXX,FR0XX,Piazza Cavour 5,Terni,05100,TR,Umbria,,Centro,Nuovi,"Piazza Cavour 5, 05100 Terni, TR, Umbria, Italia",42.5183006,12.5161445,"Piazza Cavour, Narni Scalo, Narni, Terni, Umbria, 05035, Italia",TROVATO,nominatim
,,RAGION_X,AGXXX,FR0XX,Via Firenze 35,Cinisello Balsamo,20092,MI,Lombardia,,Nord,Nuovi,"Via Firenze 35, 20092 Cinisello Balsamo, MI, Lombardia, Italia",45.5576085,9.2217253,"Cinisello Balsamo, Zona Omogenea Milano Nord, Milano, Lombardia, 20092, Italia",TROVATO_COMUNE,nominatim
,,RAGION_X,AGXXX,FR0XX,Via Giacomo Matteotti 84,Cinisello Balsamo,20092,MI,Lombardia,,Nord,Nuovi,"Via Giacomo Matteotti 84, 20092 Cinisello Balsamo, MI, Lombardia, Italia",45.5519138,9.2287318,"Via Giacomo Matteotti, Cornaggia, Crocetta, Cinisello Balsamo, Zona Omogenea Milano Nord, Milano, Lombardia, 20092, Italia",TROVATO,nominatim
,,RAGION_X,AGXXX,FR0XX,Via Vittorio Emanuele II 20,Rapallo,16035,GE,Liguria,,Nord,Nuovi,"Via Vittorio Emanuele II 20, 16035 Rapallo, GE, Liguria, Italia",44.3492083,9.2316102,"Rapallo, Genova, Liguria, 16035, Italia",TROVATO_COMUNE,nominatim
,,RAGION_X,AGXXX,FR0XX,Via Trieste 143,Pozzuoli,80078,,Campania,,Sud,Nuovi,"Via Trieste 143, 80078 Pozzuoli, , Campania, Italia",40.822643,14.1219109,"Pozzuoli, Napoli, Campania, 80078, Italia",TROVATO_COMUNE,nominatim
,,RAGION_X,AGXXX,FR0XX,Via Guglielmo Marconi 83,Siracusa,96100,SR,Sicilia,,Sud,Nuovi,"Via Guglielmo Marconi 83, 96100 Siracusa, SR, Sicilia, Italia",37.0993005,15.1179125,"Via Guglielmo Marconi, Solarino, Siracusa, Sicilia, 96010, Italia",TROVATO,nominatim
,,RAGION_X,AGXXX,FR0XX,Via Goffredo Mameli 8,Trento,38122,TN,Trentino-Alto Adige,,Nord,Nuovi,"Via Goffredo Mameli 8, 38122 Trento, TN, Trentino-Alto Adige, Italia",45.9214666,10.8714565,"8, Via Goffredo Mameli, Chiarano, Arco, Comunità Alto Garda e Ledro, Provincia di Trento, Trentino-Alto Adige/Südtirol, 38062, Italia",TROVATO,nominatim
,,RAGION_X,AGXXX,FR0XX,Via Trento 142,Vicenza,36100,VI,Veneto,,Nord,Nuovi,"Via Trento 142, 36100 Vicenza, VI, Veneto, Italia",45.581968,11.5660863,"Via Trento, Monticello Conte Otto, Vicenza, Veneto, 36010, Italia",TROVATO,nominatim
,,RAGION_X,AGXXX,FR0XX,Via Trieste 218,Sesto Fiorentino,50019,FI,Toscana,,Centro,Nuovi,"Via Trieste 218, 50019 Sesto Fiorentino, FI, Toscana, Italia",43.831721,11.1992239,"Sesto Fiorentino, Firenze, Toscana, Italia",TROVATO_COMUNE,nominatim
,,RAGION_X,AGXXX,FR0XX,Piazza Garibaldi 197,Torre del Greco,80059,,Campania,,Sud,Nuovi,"Piazza Garibaldi 197, 80059 Torre del Greco, , Campania, Italia",40.7879211,14.3682813,"Torre del Greco, Napoli, Campania, 80059, Italia",TROVATO_COMUNE,nominatim
,,RAGION_X,AGXXX,FR0XX,Via Firenze 63,Olbia,07026,SS,Sardegna,,Sud,Nuovi,"Via Firenze 63, 07026 Olbia, SS, Sardegna, Italia",40.7219767,8.5669667,"Via Olbia, Cappuccini, Tàttari/Sassari, Sardigna/Sardegna, 07100, Italia",TROVATO_COMUNE,nominatim
,,RAGION_X,AGXXX,FR0XX,Via Trieste 51,Pomezia,00071,RM,Lazio,,Centro,Nuovi,"Via Trieste 51, 00071 Pomezia, RM, Lazio, Italia",41.6893039,12.4980639,"Via Trieste, Pomezia, Roma Capitale, Lazio, Italia",TROVATO,nominatim
,,RAGION_X,AGXXX,FR0XX,Via Aldo Moro 143,Pomezia,00071,RM,Lazio,,Centro,Nuovi,"Via Aldo Moro 143, 00071 Pomezia, RM, Lazio, Italia",41.667529,12.5047863,"Pomezia, Roma Capitale, Lazio, 00071, Italia",TROVATO_COMUNE,nominatim
,,RAGION_X,AGXXX,FR0XX,Via Giuseppe Mazzini 46,Avezzano,67051,AQ,Abruzzo,,Sud,Nuovi,"Via Giuseppe Mazzini 46, 67051 Avezzano, AQ, Abruzzo, Italia",42.0342619,13.4243544,"Via Giuseppe Mazzini, Sant'Andrea, Avezzano, L'Aquila, Abruzzo, 67051, Italia",TROVATO,nominatim
,,RAGION_X,AGXXX,FR0XX,Via Guglielmo Marconi 29,Moncalieri,10024,TO,Piemonte,,Nord,Nuovi,"Via Guglielmo Marconi 29, 10024 Moncalieri, TO, Piemonte, Italia",45.0004614,7.6847543,"Moncalieri, Torino, Piemonte, 10024, Italia",TROVATO_COMUNE,nominatim
,,RAGION_X,AGXXX,FR0XX,Via Alessandro Manzoni 83,Chioggia,30015,VE,Veneto,,Nord,Nuovi,"Via Alessandro Manzoni 83, 30015 Chioggia, VE, Veneto, Italia",45.2179083,12.2270656,"Chioggia, Venezia, Veneto, 30015, Italia",TROVATO_COMUNE,nominatim
,,RAGION_X,AGXXX,FR0XX,Via Giuseppe Mazzini 197,Carrara,54033,MS,Toscana,,Centro,Nuovi,"Via Giuseppe Mazzini 197, 54033 Carrara, MS, Toscana, Italia",44.0759507,10.0981689,"Via Giuseppe Mazzini, Fossola, Sorgnano, Carrara, Massa-Carrara, Toscana, 54033, Italia",TROVATO,nominatim
,,RAGION_X,AGXXX,FR0XX,Via Torino 74,Lecce,73100,LE,Puglia,,Sud,Nuovi,"Via Torino 74, 73100 Lecce, LE, Puglia, Italia",40.360559,18.2046457,"Via Torino, Lecce, Puglia, 73100, Italia",TROVATO,nominatim
,,RAGION_X,AGXXX,FR0XX,Via Firenze 32,Parma,43121,PR,Emilia-Romagna,,Nord,Nuovi,"Via Firenze 32, 43121 Parma, PR, Emilia-Romagna, Italia",44.8402194,10.4438034,"Via Firenze, Sorbolo, Casaltone, Sorbolo Mezzani, Parma, Emilia-Romagna, 43058, Italia",TROVATO,nominatim
,,RAGION_X,AGXXX,FR0XX,Via Roma 7,Civitavecchia,00053,RM,Lazio,,Centro,Nuovi,"Via Roma 7, 00053 Civitavecchia, RM, Lazio, Italia",42.0950987,11.794798,"Via Roma, Borgo Odescalchi, Civitavecchia, Roma Capitale, Lazio, 00053, Italia",TROVATO,nominatim
,,RAGION_X,AGXXX,FR0XX,Via Aldo Moro 196,Acireale,95024,CT,Sicilia,,Sud,Nuovi,"Via Aldo Moro 196, 95024 Acireale, CT, Sicilia, Italia",37.6127773,15.1658804,"Acireale, Catania, Sicilia, 95024, Italia",TROVATO_COMUNE,nominatim
,,RAGION_X,AGXXX,FR0XX,Via Goffredo Mameli 57,Battipaglia,84091,SA,Campania,,Sud,Nuovi,"Via Goffredo Mameli 57, 84091 Battipaglia, SA, Campania, Italia",40.6092539,14.9821443,"Battipaglia, Salerno, Campania, 84091, Italia",TROVATO_COMUNE,nominatim
,,RAGION_X,AGXXX,FR0XX,Via della Repubblica 135,Latina,04100,LT,Lazio,,Centro,Nuovi,"Via della Repubblica 135, 04100 Latina, LT, Lazio, Italia",41.6423758,12.9167763,"Via della Repubblica, Cori, Latina, Lazio, Italia",TROVATO,nominatim
,,RAGION_X,AGXXX,FR0XX,Via Aldo Moro 83,Trapani,91100,TP,Sicilia,,Sud,Nuovi,"Via Aldo Moro 83, 91100 Trapani, TP, Sicilia, Italia",37.8275276,12.8072897,"Via Aldo Moro, Paese Nuovo, Filci, Salemi, Trapani, Sicilia, 91018, Italia",TROVATO,nominatim
,,RAGION_X,AGXXX,FR0XX,Via Giuseppe Mazzini 220,Nuoro,08100,NU,Sardegna,,Sud,Nuovi,"Via Giuseppe Mazzini 220, 08100 Nuoro, NU, Sardegna, Italia",40.2727974,9.4047385,"Via Giuseppe Mazzini, Ulìana/Oliena, Nuoro, Sardigna/Sardegna, 08025, Italia",TROVATO,nominatim
,,RAGION_X,AGXXX,FR0XX,Via Vittorio Emanuele II 209,Fiumicino,00054,RM,Lazio,,Centro,Nuovi,"Via Vittorio Emanuele II 209, 00054 Fiumicino, RM, Lazio, Italia",41.7712145,12.2278855,"Fiumicino, Roma Capitale, Lazio, Italia",TROVATO_COMUNE,nominatim
,,RAGION_X,AGXXX,FR0XX,Via Cesare Battisti 12,Oristano,09170,OR,Sardegna,,Sud,Nuovi,"Via Cesare Battisti 12, 09170 Oristano, OR, Sardegna, Italia",39.9014226,8.5964851,"12, Via Cesare Battisti, Su Brugu, Aristanis/Oristano, Sardigna/Sardegna, 09170, Italia",TROVATO,nominatim
,,RAGION_X,AGXXX,FR0XX,Via Firenze 77,Lodi,26900,LO,Lombardia,,Nord,Nuovi,"Via Firenze 77, 26900 Lodi, LO, Lombardia, Italia",45.282064,9.4654687,"Via Firenze, Codognino, Muzza Sant'Angelo, Cornegliano Laudense, Lodi, Lombardia, 26854, Italia",TROVATO,nominatim
,,RAGION_X,AGXXX,FR0XX,Via Giuseppe Verdi 14,Vicenza,36100,VI,Veneto,,Nord,Nuovi,"Via Giuseppe Verdi 14, 36100 Vicenza, VI, Veneto, Italia",45.5269279,11.3376901,"14, Via Giuseppe Verdi, Marzotto, Arzignano, Vicenza, Veneto, 36071, Italia",TROVATO,nominatim
,,RAGION_X,AGXXX,FR0XX,Via della Repubblica 121,Schio,36015,VI,Veneto,,Nord,Nuovi,"Via della Repubblica 121, 36015 Schio, VI, Veneto, Italia",45.7233579,11.355148,"Schio, Vicenza, Veneto, 36015, Italia",TROVATO_COMUNE,nominatim
,,RAGION_X,AGXXX,FR0XX,Via Venezia 81,Vibo Valentia,89900,VV,Calabria,,Sud,Nuovi,"Via Venezia 81, 89900 Vibo Valentia, VV, Calabria, Italia",38.683397,16.0133661,"Via Venezia, San Cono, Cessaniti, Vibo Valentia, Calabria, 89816, Italia",TROVATO,nominatim
,,RAGION_X,AGXXX,FR0XX,Via Giuseppe Garibaldi 192,Carbonia,09013,SU,Sardegna,,Sud,Nuovi,"Via Giuseppe Garibaldi 192, 09013 Carbonia, SU, Sardegna, Italia",39.165332,8.527834,"Carbonia, Sulcis Iglesiente, Sardigna/Sardegna, 09013, Italia",TROVATO_COMUNE,nominatim
,,RAGION_X,AGXXX,FR0XX,Via Giuseppe Verdi 130,Aprilia,04011,LT,Lazio,,Centro,Nuovi,"Via Giuseppe Verdi 130, 04011 Aprilia, LT, Lazio, Italia",41.5916592,12.6547679,"Via Giuseppe Verdi, Aprilia, Latina, Lazio, 04011, Italia",TROVATO,nominatim
,,RAGION_X,AGXXX,FR0XX,Via Giuseppe Verdi 150,Battipaglia,84091,SA,Campania,,Sud,Nuovi,"Via Giuseppe Verdi 150, 84091 Battipaglia, SA, Campania, Italia",40.6092539,14.9821443,"Battipaglia, Salerno, Campania, 84091, Italia",TROVATO_COMUNE,nominatim
,,RAGION_X,AGXXX,FR0XX,Via Goffredo Mameli 68,Collegno,10093,TO,Piemonte,,Nord,Nuovi,"Via Goffredo Mameli 68, 10093 Collegno, TO, Piemonte, Italia",45.0763233,7.5781663,"Via Goffredo Mameli, Regina Margherita, Leumann, Collegno, Torino, Piemonte, 10093, Italia",TROVATO,nominatim
,,RAGION_X,AGXXX,FR0XX,Via Milano 180,Enna,94100,EN,Sicilia,,Sud,Nuovi,"Via Milano 180, 94100 Enna, EN, Sicilia, Italia",37.5856585,14.1716454,"Via Milano, Villarosa, Enna, Sicilia, 94028, Italia",TROVATO,nominatim
,,RAGION_X,AGXXX,FR0XX,Via Goffredo Mameli 191,Modena,41121,MO,Emilia-Romagna,,Nord,Nuovi,"Via Goffredo Mameli 191, 41121 Modena, MO, Emilia-Romagna, Italia",44.6612071,10.9256111,"Via Goffredo Mameli, Sacca, Crocetta-San Lazzaro-Modena Est, Modena, Emilia-Romagna, 41122, Italia",TROVATO,nominatim
,,RAGION_X,AGXXX,FR0XX,Via Alessandro Manzoni 207,Cuneo,12100,CN,Piemonte,,Nord,Nuovi,"Via Alessandro Manzoni 207, 12100 Cuneo, CN, Piemonte, Italia",44.5901698,7.6619515,"Via Alessandro Manzoni, Genola, Cuneo, Piemonte, 12038, Italia",TROVATO,nominatim
,,RAGION_X,AGXXX,FR0XX,Via Nazionale 54,Como,22100,CO,Lombardia,,Nord,Nuovi,"Via Nazionale 54, 22100 Como, CO, Lombardia, Italia",45.7386096,9.0951934,"Via Nazionale, Cucciago, Como, Lombardia, 22072, Italia",TROVATO,nominatim
,,RAGION_X,AGXXX,FR0XX,Via Cesare Battisti 174,Andria,76123,BT,Puglia,,Sud,Nuovi,"Via Cesare Battisti 174, 76123 Andria, BT, Puglia, Italia",41.2233253,16.2946253,"Via Cesare Battisti, San Valentino, Andria, Barletta-Andria-Trani, Puglia, 76123, Italia",TROVATO,nominatim
,,RAGION_X,AGXXX,FR0XX,Corso Italia 195,Catania,95121,CT,Sicilia,,Sud,Nuovi,"Corso Italia 195, 95121 Catania, CT, Sicilia, Italia",37.5162912,15.1020386,"195, Corso Italia, Guardia, Picanello, Picanello-Ognina-Barriera-Canalicchio, Catania, Sicilia, 95127, Italia",TROVATO,nominatim
,,RAGION_X,AGXXX,FR0XX,Via San Francesco 25,Piacenza,29121,PC,Emilia-Romagna,,Nord,Nuovi,"Via San Francesco 25, 29121 Piacenza, PC, Emilia-Romagna, Italia",45.0524826,9.6948263,"Via San Francesco, Baia del Re, Piacenza, Emilia-Romagna, 29121, Italia",TROVATO,nominatim
,,RAGION_X,AGXXX,FR0XX,Via Goffredo Mameli 208,Potenza,85100,PZ,Basilicata,,Sud,Nuovi,"Via Goffredo Mameli 208, 85100 Potenza, PZ, Basilicata, Italia",40.9593026,15.8177015,"Via Goffredo Mameli, Venosa, Potenza, Basilicata, 85029, Italia",TROVATO,nominatim
,,RAGION_X,AGXXX,FR0XX,Via Nazionale 59,Rimini,47921,RN,Emilia-Romagna,,Nord,Nuovi,"Via Nazionale 59, 47921 Rimini, RN, Emilia-Romagna, Italia",43.9235721,12.1642251,"Via Nazionale, Romagnano, Sant'Agata Feltria, Unione di comuni Valmarecchia, Rimini, Emilia-Romagna, 47027, Italia",TROVATO,nominatim
,,RAGION_X,AGXXX,FR0XX,Piazza Garibaldi 204,Matera,75100,MT,Basilicata,,Sud,Nuovi,"Piazza Garibaldi 204, 75100 Matera, MT, Basilicata, Italia",40.6228852,16.1448825,"Piazza Garibaldi, Rione Santa Croce, Tricarico, Matera, Basilicata, Italia",TROVATO,nominatim
,,RAGION_X,AGXXX,FR0XX,Via Guglielmo Marconi 90,Bagheria,90011,PA,Sicilia,,Sud,Nuovi,"Via Guglielmo Marconi 90, 90011 Bagheria, PA, Sicilia, Italia",38.0804101,13.5136722,"Via Guglielmo Marconi, 'A Cina, Bagheria, Palermo, Sicilia, 90011, Italia",TROVATO,nominatim
,,RAGION_X,AGXXX,FR0XX,Via Trieste 180,Potenza,85100,PZ,Basilicata,,Sud,Nuovi,"Via Trieste 180, 85100 Potenza, PZ, Basilicata, Italia",40.6444087,15.8009364,"Via Trieste, Risorgimento, Potenza, Basilicata, 85190, Italia",TROVATO,nominatim
,,RAGION_X,AGXXX,FR0XX,Via Torino 217,Monfalcone,34074,GO,Friuli Venezia Giulia,,Nord,Nuovi,"Via Torino 217, 34074 Monfalcone, GO, Friuli Venezia Giulia, Italia",45.7977418,13.5362174,"Via Torino, Monfalcone, Gorizia / Gurize / Gorica, Friuli-Venezia Giulia, 34074, Italia",TROVATO,nominatim
,,RAGION_X,AGXXX,FR0XX,Via Bologna 86,Grosseto,58100,GR,Toscana,,Centro,Nuovi,"Via Bologna 86, 58100 Grosseto, GR, Toscana, Italia",42.8936563,10.9271486,"Via Bologna, Caldana, Gavorrano, Grosseto, Toscana, 58040, Italia",TROVATO,nominatim
,,RAGION_X,AGXXX,FR0XX,Via Goffredo Mameli 21,Busto Arsizio,21052,VA,Lombardia,,Nord,Nuovi,"Via Goffredo Mameli 21, 21052 Busto Arsizio, VA, Lombardia, Italia",45.6149061,8.8599479,"21, Via Goffredo Mameli, Frati, Busto Arsizio, Varese, Lombardia, 21052, Italia",TROVATO,nominatim
,,RAGION_X,AGXXX,FR0XX,Via Goffredo Mameli 116,Latina,04100,LT,Lazio,,Centro,Nuovi,"Via Goffredo Mameli 116, 04100 Latina, LT, Lazio, Italia",41.4657765,12.900226,"Via Goffredo Mameli, Nicolosi, Latina, Lazio, 04100, Italia",TROVATO,nominatim
,,RAGION_X,AGXXX,FR0XX,Corso Vittorio Emanuele 62,Cagliari,09121,CA,Sardegna,,Sud,Nuovi,"Corso Vittorio Emanuele 62, 09121 Cagliari, CA, Sardegna, Italia",39.7399462,9.1100649,"La Forza Verde, 62, Corso Vittorio Emanuele, Ìsili/Isili, Casteddu/Cagliari, Sardigna/Sardegna, 08033, Italia",TROVATO,nominatim
,,RAGION_X,AGXXX,FR0XX,Via Roma 128,Rieti,02100,RI,Lazio,,Centro,Nuovi,"Via Roma 128, 02100 Rieti, RI, Lazio, Italia",42.4010092,12.8609883,"Via Roma, Centro storico, Borgo, Rieti, Lazio, 02100, Italia",TROVATO,nominatim
,,RAGION_X,AGXXX,FR0XX,Via Cesare Battisti 140,Catania,95121,CT,Sicilia,,Sud,Nuovi,"Via Cesare Battisti 140, 95121 Catania, CT, Sicilia, Italia",37.4962607,15.0806651,"Via Cesare Battisti, Santa Maria de la Salette, Centro storico, Catania, Sicilia, 95121, Italia",TROVATO,nominatim
,,RAGION_X,AGXXX,FR0XX,Piazza Cavour 73,Castellammare di Stabia,80053,,Campania,,Sud,Nuovi,"Piazza Cavour 73, 80053 Castellammare di Stabia, , Campania, Italia",40.6943046,14.4804813,"Castellammare di Stabia, Napoli, Campania, 80053, Italia",TROVATO_COMUNE,nominatim
,,RAGION_X,AGXXX,FR0XX,Corso Vittorio Emanuele 111,Merano,39012,BZ,Trentino-Alto Adige,,Nord,Nuovi,"Corso Vittorio Emanuele 111, 39012 Merano, BZ, Trentino-Alto Adige, Italia",46.6713536,11.1646348,"Meran - Merano, Burggrafenamt - Burgraviato, Bolzano - Bozen, Trentino-Alto Adige/Südtirol, 39012, Italia",TROVATO_COMUNE,nominatim
,,RAGION_X,AGXXX,FR0XX,Via Vittorio Emanuele II 169,Pordenone,33170,PN,Friuli Venezia Giulia,,Nord,Nuovi,"Via Vittorio Emanuele II 169, 33170 Pordenone, PN, Friuli Venezia Giulia, Italia",45.8679836,12.5732772,"Via Vittorio Emanuele Secondo, Villanova di Prata, Prata di Pordenone, Pordenone / Pordenon, Friuli-Venezia Giulia, 33080, Italia",TROVATO,nominatim
,,RAGION_X,AGXXX,FR0XX,Via Giacomo Matteotti 44,Altamura,70022,BA,Puglia,,Sud,Nuovi,"Via Giacomo Matteotti 44, 70022 Altamura, BA, Puglia, Italia",40.8285595,16.5527314,"Altamura, Bari, Puglia, 70022, Italia",TROVATO_COMUNE,nominatim
,,RAGION_X,AGXXX,FR0XX,Via XX Settembre 58,Carrara,54033,MS,Toscana,,Centro,Nuovi,"Via XX Settembre 58, 54033 Carrara, MS, Toscana, Italia",44.2077812,9.9697414,"Via Venti Settembre, Aulla, Unione di comuni Montana Lunigiana, Massa-Carrara, Toscana, 54011, Italia",TROVATO,nominatim
,,RAGION_X,AGXXX,FR0XX,Corso Italia 160,Forlì,47121,FC,Emilia-Romagna,,Nord,Nuovi,"Corso Italia 160, 47121 Forlì, FC, Emilia-Romagna, Italia",44.2227278,12.041273,"Forlì, Unione di Comuni della Romagna Forlivese, Forlì-Cesena, Emilia-Romagna, 47121-47122, Italia",TROVATO_COMUNE,nominatim
,,RAGION_X,AGXXX,FR0XX,Via Roma 202,Lecco,23900,LC,Lombardia,,Nord,Nuovi,"Via Roma 202, 23900 Lecco, LC, Lombardia, Italia",45.8529007,9.391074,"Via Roma, Santo Stefano, Castello, Lecco, Lombardia, 23900, Italia",TROVATO,nominatim
,,RAGION_X,AGXXX,FR0XX,Piazza Garibaldi 72,Varese,21100,VA,Lombardia,,Nord,Nuovi,"Piazza Garibaldi 72, 21100 Varese, VA, Lombardia, Italia",45.6121726,8.8548224,"Piazza Garibaldi, San Giovanni, Busto Arsizio, Varese, Lombardia, 21052, Italia",TROVATO,nominatim
,,RAGION_X,AGXXX,FR0XX,Via Nazionale 2,Firenze,50121,FI,Toscana,,Centro,Nuovi,"Via Nazionale 2, 50121 Firenze, FI, Toscana, Italia",43.7784122,11.2533597,"Via Nazionale, Quartiere 1, Firenze, Toscana, 50129, Italia",TROVATO,nominatim
,,RAGION_X,AGXXX,FR0XX,Via Alessandro Manzoni 18,Catanzaro,88100,CZ,Calabria,,Sud,Nuovi,"Via Alessandro Manzoni 18, 88100 Catanzaro, CZ, Calabria, Italia",38.9247377,16.48855,"Via Alessandro Manzoni, Marcellinara, Catanzaro, Calabria, 88044, Italia",TROVATO,nominatim
,,RAGION_X,AGXXX,FR0XX,Via Venezia 206,Napoli,80121,,Campania,,Sud,Nuovi,"Via Venezia 206, 80121 Napoli, , Campania, Italia",40.855245,14.2697268,"Via Venezia, Rione Vasto, Vicaria, Municipalità 4, Napoli, Campania, 80142, Italia",TROVATO,nominatim
,,RAGION_X,AGXXX,FR0XX,Via Giacomo Matteotti 10,Potenza,85100,PZ,Basilicata,,Sud,Nuovi,"Via Giacomo Matteotti 10, 85100 Potenza, PZ, Basilicata, Italia",40.9257893,15.6753876,"Via Giacomo Matteotti, Rione Costa, Rionero in Vulture, Potenza, Basilicata, 85028, Italia",TROVATO,nominatim
,,RAGION_X,AGXXX,FR0XX,Via Alessandro Manzoni 36,Teramo,64100,TE,Abruzzo,,Sud,Nuovi,"Via Alessandro Manzoni 36, 64100 Teramo, TE, Abruzzo, Italia",42.7511857,13.9565993,"36, Via Alessandro Manzoni, Giulianova, Teramo, Abruzzo, 64021, Italia",TROVATO,nominatim
,,RAGION_X,AGXXX,FR0XX,Via Cesare Battisti 182,Vicenza,36100,VI,Veneto,,Nord,Nuovi,"Via Cesare Battisti 182, 36100 Vicenza, VI, Veneto, Italia",45.546987,11.5441045,"Via Cesare Battisti, San Biagio, Centro storico, Vicenza, Veneto, 36100, Italia",TROVATO,nominatim
,,RAGION_X,AGXXX,FR0XX,Via Firenze 94,Velletri,00049,RM,Lazio,,Centro,Nuovi,"Via Firenze 94, 00049 Velletri, RM, Lazio, Italia",41.6867015,12.7770433,"Velletri, Roma Capitale, Lazio, 00049, Italia",TROVATO_COMUNE,nominatim
,,RAGION_X,AGXXX,FR0XX,Via Alessandro Manzoni 126,Modena,41121,MO,Emilia-Romagna,,Nord,Nuovi,"Via Alessandro Manzoni 126, 41121 Modena, MO, Emilia-Romagna, Italia",44.7405278,10.9263541,"Via Alessandro Manzoni, La Corte, Soliera, Unione delle Terre d'Argine, Modena, Emilia-Romagna, 41019, Italia",TROVATO,nominatim
,,RAGION_X,AGXXX,FR0XX,Via Trieste 113,Manfredonia,71043,FG,Puglia,,Sud,Nuovi,"Via Trieste 113, 71043 Manfredonia, FG, Puglia, Italia",41.6323126,15.9190928,"Via Trieste, Manfredonia, Foggia, Puglia, 71043, Italia",TROVATO,nominatim
,,RAGION_X,AGXXX,FR0XX,Via Giuseppe Verdi 90,Chieti,66100,CH,Abruzzo,,Sud,Nuovi,"Via Giuseppe Verdi 90, 66100 Chieti, CH, Abruzzo, Italia",42.3589638,14.1974117,"Via Giuseppe Verdi, Chieti, Abruzzo, 66100, Italia",TROVATO,nominatim
,,RAGION_X,AGXXX,FR0XX,Via Giuseppe Verdi 163,Monopoli,70043,BA,Puglia,,Sud,Nuovi,"Via Giuseppe Verdi 163, 70043 Monopoli, BA, Puglia, Italia",40.9452945,17.2885693,"Via Giuseppe Verdi, Monopoli, Bari, Puglia, 70043, Italia",TROVATO,nominatim
,,RAGION_X,AGXXX,FR0XX,Piazza Cavour 193,Crotone,88900,KR,Calabria,,Sud,Nuovi,"Piazza Cavour 193, 88900 Crotone, KR, Calabria, Italia",39.0806223,17.127196,"Crotone, Calabria, 88900, Italia",TROVATO_COMUNE,nominatim
,,RAGION_X,AGXXX,FR0XX,Via Torino 193,Isernia,86170,IS,Molise,,Sud,Nuovi,"Via Torino 193, 86170 Isernia, IS, Molise, Italia",41.5114578,14.0613391,"Via Torino, Pozzilli, Isernia, Molise, 86077, Italia",TROVATO,nominatim
,,RAGION_X,AGXXX,FR0XX,Via Bologna 120,Castellammare di Stabia,80053,,Campania,,Sud,Nuovi,"Via Bologna 120, 80053 Castellammare di Stabia, , Campania, Italia",40.6943046,14.4804813,"Castellammare di Stabia, Napoli, Campania, 80053, Italia",TROVATO_COMUNE,nominatim
,,RAGION_X,AGXXX,FR0XX,Via Firenze 121,Montesilvano,65015,PE,Abruzzo,,Sud,Nuovi,"Via Firenze 121, 65015 Montesilvano, PE, Abruzzo, Italia",42.5072091,14.1705301,"Via Firenze, Villa Verrocchio, Montesilvano, Pescara, Abruzzo, 65015, Italia",TROVATO,nominatim
,,RAGION_X,AGXXX,FR0XX,Via San Francesco 111,Ascoli Piceno,63100,AP,Marche,,Centro,Nuovi,"Via San Francesco 111, 63100 Ascoli Piceno, AP, Marche, Italia",42.9639256,13.4907476,"Via San Francesco, Santa Maria, Force, Ascoli Piceno, Marche, 63086, Italia",TROVATO,nominatim
,,RAGION_X,AGXXX,FR0XX,Via Guglielmo Marconi 172,Bari,70121,BA,Puglia,,Sud,Nuovi,"Via Guglielmo Marconi 172, 70121 Bari, BA, Puglia, Italia",41.138005,16.8420582,"Via Guglielmo Marconi, San Cataldo, Municipio 3, Bari, Puglia, 70123, Italia",TROVATO,nominatim
,,RAGION_X,AGXXX,FR0XX,Via Antonio Gramsci 116,Civitanova Marche,62012,MC,Marche,,Centro,Nuovi,"Via Antonio Gramsci 116, 62012 Civitanova Marche, MC, Marche, Italia",43.3055233,13.7229297,"Civitanova Marche, Macerata, Marche, 62012, Italia",TROVATO_COMUNE,nominatim
,,RAGION_X,AGXXX,FR0XX,Piazza Cavour 55,Caltanissetta,93100,CL,Sicilia,,Sud,Nuovi,"Piazza Cavour 55, 93100 Caltanissetta, CL, Sicilia, Italia",37.4703468,13.737702,"Piazza Aix Les Bains, Villaggio Crispi, Milena, Caltanissetta, Sicilia, 93010, Italia",TROVATO,nominatim
,,RAGION_X,AGXXX,FR0XX,Via Dante Alighieri 217,Sesto Fiorentino,50019,FI,Toscana,,Centro,Nuovi,"Via Dante Alighieri 217, 50019 Sesto Fiorentino, FI, Toscana, Italia",43.8328272,11.2002534,"Via Dante Alighieri, Zambra, Sesto Fiorentino, Firenze, Toscana, 50019, Italia",TROVATO,nominatim
,,RAGION_X,AGXXX,FR0XX,Via Venezia 206,Pescara,65121,PE,Abruzzo,,Sud,Nuovi,"Via Venezia 206, 65121 Pescara, PE, Abruzzo, Italia",42.4660623,14.2131894,"Via Venezia, Porta Nuova, Pescara, Abruzzo, 65121, Italia",TROVATO,nominatim
,,RAGION_X,AGXXX,FR0XX,Via XX Settembre 143,Grosseto,58100,GR,Toscana,,Centro,Nuovi,"Via XX Settembre 143, 58100 Grosseto, GR, Toscana, Italia",42.9921323,11.0622934,"Via Venti Settembre, Montemassi, Roccastrada, Grosseto, Toscana, 58027, Italia",TROVATO,nominatim
,,RAGION_X,AGXXX,FR0XX,Via Leonardo da Vinci 106,Bari,70121,BA,Puglia,,Sud,Nuovi,"Via Leonardo da Vinci 106, 70121 Bari, BA, Puglia, Italia",41.0469319,16.8830851,"Via Leonardo da Vinci, Valenzano San Lorenzo, Valenzano, Bari, Puglia, 70129, Italia",TROVATO,nominatim
,,RAGION_X,AGXXX,FR0XX,Via Giuseppe Mazzini 80,Massa,54100,MS,Toscana,,Centro,Nuovi,"Via Giuseppe Mazzini 80, 54100 Massa, MS, Toscana, Italia",44.0759507,10.0981689,"Via Giuseppe Mazzini, Fossola, Sorgnano, Carrara, Massa-Carrara, Toscana, 54033, Italia",TROVATO,nominatim
,,RAGION_X,AGXXX,FR0XX,Corso Vittorio Emanuele 18,Ancona,60121,AN,Marche,,Centro,Nuovi,"Corso Vittorio Emanuele 18, 60121 Ancona, AN, Marche, Italia",43.6170137,13.5170982,"Ancona, Marche, Italia",TROVATO_COMUNE,nominatim
,,RAGION_X,AGXXX,FR0XX,Via Bologna 132,Faenza,48018,RA,Emilia-Romagna,,Nord,Nuovi,"Via Bologna 132, 48018 Faenza, RA, Emilia-Romagna, Italia",44.2855555,11.8832055,"Faenza, Unione della Romagna Faentina, Ravenna, Emilia-Romagna, 48018, Italia",TROVATO_COMUNE,nominatim
,,RAGION_X,AGXXX,FR0XX,Via Firenze 185,Catania,95121,CT,Sicilia,,Sud,Nuovi,"Via Firenze 185, 95121 Catania, CT, Sicilia, Italia",37.5177829,15.0361908,"Via Firenze, Monte Palma, Pezza Mandra, Lineri, Misterbianco, Catania, Sicilia, 95045, Italia",TROVATO,nominatim
,,RAGION_X,AGXXX,FR0XX,Via Antonio Gramsci 51,Verbania,28921,VB,Piemonte,,Nord,Nuovi,"Via Antonio Gramsci 51, 28921 Verbania, VB, Piemonte, Italia",45.9344082,8.5580062,"Verbania, Verbano-Cusio-Ossola, Piemonte, Italia",TROVATO_COMUNE,nominatim
,,RAGION_X,AGXXX,FR0XX,Via Roma 146,Andria,76123,BT,Puglia,,Sud,Nuovi,"Via Roma 146, 76123 Andria, BT, Puglia, Italia",41.319723,16.2739077,"146, Via Roma, Centro, Barletta, Barletta-Andria-Trani, Puglia, 76121, Italia",TROVATO,nominatim
,,RAGION_X,AGXXX,FR0XX,Corso Italia 88,Como,22100,CO,Lombardia,,Nord,Nuovi,"Corso Italia 88, 22100 Como, CO, Lombardia, Italia",45.9620108,8.96888,"Corso Italia, Campione d'Italia, Campione alto, Campione d'Italia, Como, Lombardia, 22061, Italia",TROVATO,nominatim
,,RAGION_X,AGXXX,FR0XX,Via Giuseppe Mazzini 60,Giugliano in Campania,80014,,Campania,,Sud,Nuovi,"Via Giuseppe Mazzini 60, 80014 Giugliano in Campania, , Campania, Italia",40.9318345,14.2065797,"Via Giuseppe Mazzini, Monaci, Giugliano in Campania, Napoli, Campania, 80017, Italia",TROVATO,nominatim
,,RAGION_X,AGXXX,FR0XX,Via Roma 50,Taranto,74121,TA,Puglia,,Sud,Nuovi,"Via Roma 50, 74121 Taranto, TA, Puglia, Italia",40.4745358,17.2382612,"Via Roma, Taranto, Puglia, 74100, Italia",TROVATO,nominatim
,,RAGION_X,AGXXX,FR0XX,Via San Francesco 144,Pisa,56121,PI,Toscana,,Centro,Nuovi,"Via San Francesco 144, 56121 Pisa, PI, Toscana, Italia",43.7187251,10.4096332,"Via San Francesco, San Francesco, Pisa, Toscana, 56127, Italia",TROVATO,nominatim
,,RAGION_X,AGXXX,FR0XX,Via Venezia 145,Rovereto,38068,TN,Trentino-Alto Adige,,Nord,Nuovi,"Via Venezia 145, 38068 Rovereto, TN, Trentino-Alto Adige, Italia",45.880017,11.0331176,"Via Venezia, Lizzanella, Rovereto, Comunità della Vallagarina, Provincia di Trento, Trentino-Alto Adige/Südtirol, 38068, Italia",TROVATO,nominatim
,,RAGION_X,AGXXX,FR0XX,Piazza Garibaldi 27,Reggio Calabria,89121,RC,Calabria,,Sud,Nuovi,"Piazza Garibaldi 27, 89121 Reggio Calabria, RC, Calabria, Italia",38.1030724,15.6366767,"Piazza Garibaldi, Reggio di Calabria, Reggio Calabria, Calabria, 89127, Italia",TROVATO,nominatim
,,RAGION_X,AGXXX,FR0XX,Via Firenze 64,Mantova,46100,MN,Lombardia,,Nord,Nuovi,"Via Firenze 64, 46100 Mantova, MN, Lombardia, Italia",45.2029938,10.7953842,"Via Firenze, Bancole, Sant'Antonio, Porto Mantovano, Mantova, Lombardia, 46047, Italia",TROVATO,nominatim
,,RAGION_X,AGXXX,FR0XX,Via Giacomo Matteotti 190,Marano di Napoli,80016,,Campania,,Sud,Nuovi,"Via Giacomo Matteotti 190, 80016 Marano di Napoli, , Campania, Italia",40.89761,14.190528,"Marano di Napoli, Napoli, Campania, 80016, Italia",TROVATO_COMUNE,nominatim
,,RAGION_X,AGXXX,FR0XX,Via Roma 98,Cinisello Balsamo,20092,MI,Lombardia,,Nord,Nuovi,"Via Roma 98, 20092 Cinisello Balsamo, MI, Lombardia, Italia",45.5552164,9.2137694,"Via Roma, Cinisello, Cinisello Balsamo, Zona Omogenea Milano Nord, Milano, Lombardia, 20092, Italia",TROVATO,nominatim
,,RAGION_X,AGXXX,FR0XX,Via Goffredo Mameli 123,Treviso,31100,TV,Veneto,,Nord,Nuovi,"Via Goffredo Mameli 123, 31100 Treviso, TV, Veneto, Italia",45.6268883,12.2364803,"Via Goffredo Mameli, Frescada, San Trovaso, Preganziol, Treviso, Veneto, 31022, Italia",TROVATO,nominatim
,,RAGION_X,AGXXX,FR0XX,Via Torino 184,Como,22100,CO,Lombardia,,Nord,Nuovi,"Via Torino 184, 22100 Como, CO, Lombardia, Italia",45.7559115,9.0603637,"Via Torino, San Quirico, Casnate, Casnate con Bernate, Como, Lombardia, 22073, Italia",TROVATO,nominatim
,,RAGION_X,AGXXX,FR0XX,Via Goffredo Mameli 60,Avezzano,67051,AQ,Abruzzo,,Sud,Nuovi,"Via Goffredo Mameli 60, 67051 Avezzano, AQ, Abruzzo, Italia",42.0321546,13.4196296,"Via Goffredo Mameli, Borgo Angizia, Avezzano, L'Aquila, Abruzzo, 67051, Italia",TROVATO,nominatim
,,RAGION_X,AGXXX,FR0XX,Via Venezia 30,Lecco,23900,LC,Lombardia,,Nord,Nuovi,"Via Venezia 30, 23900 Lecco, LC, Lombardia, Italia",45.8136821,9.4214843,"La Mela Verde, 30, Via Venezia, Somasca, Vercurago, Lecco, Lombardia, 23808, Italia",TROVATO,nominatim
,,RAGION_X,AGXXX,FR0XX,Via San Francesco 11,Prato,59100,PO,Toscana,,Centro,Nuovi,"Via San Francesco 11, 59100 Prato, PO, Toscana, Italia",43.815796,11.0522006,"Via San Francesco d'Assisi, Bonistallo, Poggio a Caiano, Prato, Toscana, 59016, Italia",TROVATO,nominatim
,,RAGION_X,AGXXX,FR0XX,Via Giuseppe Verdi 57,Legnano,20025,MI,Lombardia,,Nord,Nuovi,"Via Giuseppe Verdi 57, 20025 Legnano, MI, Lombardia, Italia",45.5959486,8.9167893,"Via Giuseppe Verdi, San Magno, Oltresempione, Legnano, Milano, Lombardia, 20025, Italia",TROVATO,nominatim
,,RAGION_X,AGXXX,FR0XX,Via Venezia 185,Viterbo,01100,VT,Lazio,,Centro,Nuovi,"Via Venezia 185, 01100 Viterbo, VT, Lazio, Italia",42.529557,11.9229541,"Via Venezia, Marta, Viterbo, Lazio, Italia",TROVATO,nominatim
,,RAGION_X,AGXXX,FR0XX,Via Aldo Moro 150,Aprilia,04011,LT,Lazio,,Centro,Nuovi,"Via Aldo Moro 150, 04011 Aprilia, LT, Lazio, Italia",41.5886144,12.6456402,"Via Aldo Moro, Aprilia, Latina, Lazio, 04011, Italia",TROVATO,nominatim
,,RAGION_X,AGXXX,FR0XX,Via San Francesco 160,Olbia,07026,SS,Sardegna,,Sud,Nuovi,"Via San Francesco 160, 07026 Olbia, SS, Sardegna, Italia",40.7219767,8.5669667,"Via Olbia, Cappuccini, Tàttari/Sassari, Sardigna/Sardegna, 07100, Italia",TROVATO_COMUNE,nominatim
,,RAGION_X,AGXXX,FR0XX,Via Leonardo da Vinci 12,Carbonia,09013,SU,Sardegna,,Sud,Nuovi,"Via Leonardo da Vinci 12, 09013 Carbonia, SU, Sardegna, Italia",39.1614139,8.5332537,"Via Leonardo da Vinci, Santa Caterina, Serbariu, Carbonia, Sulcis Iglesiente, Sardigna/Sardegna, 09013, Italia",TROVATO,nominatim
,,RAGION_X,AGXXX,FR0XX,Corso Italia 17,Foligno,06034,PG,Umbria,,Centro,Nuovi,"Corso Italia 17, 06034 Foligno, PG, Umbria, Italia",42.9559744,12.7034782,"Foligno, Perugia, Umbria, 06034, Italia",TROVATO_COMUNE,nominatim
,,RAGION_X,AGXXX,FR0XX,Via Milano 145,Matera,75100,MT,Basilicata,,Sud,Nuovi,"Via Milano 145, 75100 Matera, MT, Basilicata, Italia",40.678805,16.5891484,"Via Milano, Villa Longo, Grotta Pignata, Matera, Basilicata, 75100, Italia",TROVATO,nominatim
,,RAGION_X,AGXXX,FR0XX,Piazza Cavour 220,Campobasso,86100,CB,Molise,,Sud,Nuovi,"Piazza Cavour 220, 86100 Campobasso, CB, Molise, Italia",41.5597935,14.6602725,"Campobasso, Molise, 86100, Italia",TROVATO_COMUNE,nominatim
,,RAGION_X,AGXXX,FR0XX,Via Bologna 60,La Spezia,19121,SP,Liguria,,Nord,Nuovi,"Via Bologna 60, 19121 La Spezia, SP, Liguria, Italia",44.117992,9.8386861,"Via Bologna, Mazzetta, Sarbia, La Spezia, Liguria, 19125, Italia",TROVATO,nominatim
,,RAGION_X,AGXXX,FR0XX,Via Vittorio Emanuele II 56,Torino,10121,TO,Piemonte,,Nord,Nuovi,"Via Vittorio Emanuele II 56, 10121 Torino, TO, Piemonte, Italia",45.0105971,7.8257804,"56, Via Vittorio Emanuele II, Chieri, Torino, Piemonte, 10023, Italia",TROVATO,nominatim
,,RAGION_X,AGXXX,FR0XX,Via Antonio Gramsci 60,Enna,94100,EN,Sicilia,,Sud,Nuovi,"Via Antonio Gramsci 60, 94100 Enna, EN, Sicilia, Italia",37.4959794,14.3891256,"Via Antonio Gramsci, Buglio, Valguarnera Caropepe, Enna, Sicilia, 94019, Italia",TROVATO,nominatim
,,RAGION_X,AGXXX,FR0XX,Via Dante Alighieri 85,Isernia,86170,IS,Molise,,Sud,Nuovi,"Via Dante Alighieri 85, 86170 Isernia, IS, Molise, Italia",41.5992918,14.2348566,"Via Dante Alighieri, Isernia centro, San Lazzaro, Isernia, Molise, 86170, Italia",TROVATO,nominatim
,,RAGION_X,AGXXX,FR0XX,Via Dante Alighieri 83,Frosinone,03100,FR,Lazio,,Centro,Nuovi,"Via Dante Alighieri 83, 03100 Frosinone, FR, Lazio, Italia",41.6312592,13.349687,"Via Dante Alighieri, Frosinone, Lazio, 03100, Italia",TROVATO,nominatim
,,RAGION_X,AGXXX,FR0XX,Corso Italia 15,Firenze,50121,FI,Toscana,,Centro,Nuovi,"Corso Italia 15, 50121 Firenze, FI, Toscana, Italia",43.7746494,11.2389361,"15, Corso Italia, Quartiere 1, Firenze, Toscana, 50100, Italia",TROVATO,nominatim
,,RAGION_X,AGXXX,FR0XX,Via Giuseppe Verdi 103,Macerata,62100,MC,Marche,,Centro,Nuovi,"Via Giuseppe Verdi 103, 62100 Macerata, MC, Marche, Italia",43.2936338,13.4559326,"Via Giuseppe Verdi, Verdi, Macerata, Marche, 62100, Italia",TROVATO,nominatim
,,RAGION_X,AGXXX,FR0XX,Via Camillo Cavour 97,Brindisi,72100,BR,Puglia,,Sud,Nuovi,"Via Camillo Cavour 97, 72100 Brindisi, BR, Puglia, Italia",40.6346132,17.9418653,"Via Camillo Benso conte di Cavour, Centro, Brindisi, Puglia, 72100, Italia",TROVATO,nominatim
,,RAGION_X,AGXXX,FR0XX,Via Milano 161,Ancona,60121,AN,Marche,,Centro,Nuovi,"Via Milano 161, 60121 Ancona, AN, Marche, Italia",43.6227757,13.3983986,"Via Milano, Falconara Alta, Falconara Marittima, Ancona, Marche, 60015, Italia",TROVATO,nominatim
,,RAGION_X,AGXXX,FR0XX,Via Milano 159,Sacile,33077,PN,Friuli Venezia Giulia,,Nord,Nuovi,"Via Milano 159, 33077 Sacile, PN, Friuli Venezia Giulia, Italia",45.9548046,12.5034415,"Sacile, Pordenone / Pordenon, Friuli-Venezia Giulia, 33077, Italia",TROVATO_COMUNE,nominatim
,,RAGION_X,AGXXX,FR0XX,Via della Repubblica 55,Firenze,50121,FI,Toscana,,Centro,Nuovi,"Via della Repubblica 55, 50121 Firenze, FI, Toscana, Italia",43.7104667,11.2178171,"55, Via della Repubblica, Scopeti, Tavarnuzze, Impruneta, Firenze, Toscana, 50023, Italia",TROVATO,nominatim
,,RAGION_X,AGXXX,FR0XX,Via XX Settembre 107,Battipaglia,84091,SA,Campania,,Sud,Nuovi,"Via XX Settembre 107, 84091 Battipaglia, SA, Campania, Italia",40.6076924,14.980431,"Via Venti Settembre, Rione Stella, Battipaglia, Salerno, Campania, 84091, Italia",TROVATO,nominatim
,,RAGION_X,AGXXX,FR0XX,Via Guglielmo Marconi 128,Fano,61032,PU,Marche,,Centro,Nuovi,"Via Guglielmo Marconi 128, 61032 Fano, PU, Marche, Italia",43.8424173,13.0146632,"Fano, Pesaro e Urbino, Marche, 61032, Italia",TROVATO_COMUNE,nominatim
,,RAGION_X,AGXXX,FR0XX,Via XX Settembre 212,Rapallo,16035,GE,Liguria,,Nord,Nuovi,"Via XX Settembre 212, 16035 Rapallo, GE, Liguria, Italia",44.3492083,9.2316102,"Rapallo, Genova, Liguria, 16035, Italia",TROVATO_COMUNE,nominatim
,,RAGION_X,AGXXX,FR0XX,Via Torino 37,La Spezia,19121,SP,Liguria,,Nord,Nuovi,"Via Torino 37, 19121 La Spezia, SP, Liguria, Italia",44.1091576,9.8155933,"37, Via Torino, Umberto I, Sarbia, La Spezia, Liguria, 19122, Italia",TROVATO,nominatim
,,RAGION_X,AGXXX,FR0XX,Via Venezia 102,Taranto,74121,TA,Puglia,,Sud,Nuovi,"Via Venezia 102, 74121 Taranto, TA, Puglia, Italia",40.4636876,17.2739095,"Via Venezia, Taranto, Puglia, 74121, Italia",TROVATO,nominatim
,,RAGION_X,AGXXX,FR0XX,Via San Francesco 71,Pozzuoli,80078,,Campania,,Sud,Nuovi,"Via San Francesco 71, 80078 Pozzuoli, , Campania, Italia",40.8210237,14.1370017,"Via San Francesco ai Gerolomini, Parco San Francesco, Rione Ortodonico, Pisciarelli, Pozzuoli, Napoli, Campania, 80078, Italia",TROVATO,nominatim
,,RAGION_X,AGXXX,FR0XX,Via Firenze 189,Ancona,60121,AN,Marche,,Centro,Nuovi,"Via Firenze 189, 60121 Ancona, AN, Marche, Italia",43.4932997,13.6246499,"Via Firenze, Marcelli, Numana, Ancona, Marche, 60026, Italia",TROVATO,nominatim
,,RAGION_X,AGXXX,FR0XX,Via Giacomo Matteotti 180,Massa,54100,MS,Toscana,,Centro,Nuovi,"Via Giacomo Matteotti 180, 54100 Massa, MS, Toscana, Italia",43.9790665,10.1483505,"Via Giacomo Matteotti, Cinquale, Montignoso, Massa-Carrara, Toscana, 54038, Italia",TROVATO,nominatim
,,RAGION_X,AGXXX,FR0XX,Via Firenze 142,Trieste,34121,TS,Friuli Venezia Giulia,,Nord,Nuovi,"Via Firenze 142, 34121 Trieste, TS, Friuli Venezia Giulia, Italia",45.6496485,13.7772781,"Trieste, Friuli-Venezia Giulia, 34121-34151, Italia",TROVATO_COMUNE,nominatim
,,RAGION_X,AGXXX,FR0XX,Via Giuseppe Mazzini 65,Monopoli,70043,BA,Puglia,,Sud,Nuovi,"Via Giuseppe Mazzini 65, 70043 Monopoli, BA, Puglia, Italia",40.9522369,17.299948,"Monopoli, Bari, Puglia, Italia",TROVATO_COMUNE,nominatim
,,RAGION_X,AGXXX,FR0XX,Via Milano 109,Torino,10121,TO,Piemonte,,Nord,Nuovi,"Via Milano 109, 10121 Torino, TO, Piemonte, Italia",45.0726861,7.6809487,"Via Milano, Quadrilatero Romano, Centro, Circoscrizione 1, Torino, Piemonte, 10122, Italia",TROVATO,nominatim
,,RAGION_X,AGXXX,FR0XX,Via Antonio Gramsci 128,Foligno,06034,PG,Umbria,,Centro,Nuovi,"Via Antonio Gramsci 128, 06034 Foligno, PG, Umbria, Italia",42.9553163,12.7013539,"Via Antonio Gramsci, Sterpete, Foligno, Perugia, Umbria, 06034, Italia",TROVATO,nominatim
,,RAGION_X,AGXXX,FR0XX,Via Aldo Moro 202,Ancona,60121,AN,Marche,,Centro,Nuovi,"Via Aldo Moro 202, 60121 Ancona, AN, Marche, Italia",43.5255974,13.5560989,"Via Aldo Moro, Camerano, Ancona, Marche, 60021, Italia",TROVATO,nominatim
,,RAGION_X,AGXXX,FR0XX,Via Giuseppe Garibaldi 153,Vercelli,13100,VC,Piemonte,,Nord,Nuovi,"Via Giuseppe Garibaldi 153, 13100 Vercelli, VC, Piemonte, Italia",45.3843404,8.4276428,"Via Giuseppe Garibaldi, Villata, Vercelli, Piemonte, 13030, Italia",TROVATO,nominatim
,,RAGION_X,AGXXX,FR0XX,Via Torino 71,Forlì,47121,FC,Emilia-Romagna,,Nord,Nuovi,"Via Torino 71, 47121 Forlì, FC, Emilia-Romagna, Italia",44.1983917,12.0228287,"Via Torino Campani, Ravaldino, Vecchiazzano, Forlì, Unione di Comuni della Romagna Forlivese, Forlì-Cesena, Emilia-Romagna, 47121, Italia",TROVATO,nominatim
,,RAGION_X,AGXXX,FR0XX,Via Vittorio Emanuele II 162,Guidonia Montecelio,00012,RM,Lazio,,Centro,Nuovi,"Via Vittorio Emanuele II 162, 00012 Guidonia Montecelio, RM, Lazio, Italia",41.9842734,12.6953191,"Guidonia Montecelio, Roma Capitale, Lazio, Italia",TROVATO_COMUNE,nominatim
,,RAGION_X,AGXXX,FR0XX,Via Giuseppe Verdi 140,Pescara,65121,PE,Abruzzo,,Sud,Nuovi,"Via Giuseppe Verdi 140, 65121 Pescara, PE, Abruzzo, Italia",42.4664609,14.2199386,"Via Giuseppe Verdi, Porta Nuova, Pescara, Abruzzo, 65100, Italia",TROVATO,nominatim
,,RAGION_X,AGXXX,FR0XX,Via Alessandro Manzoni 68,Pescara,65121,PE,Abruzzo,,Sud,Nuovi,"Via Alessandro Manzoni 68, 65121 Pescara, PE, Abruzzo, Italia",42.4676727,14.2162379,"Via Alessandro Manzoni, Porta Nuova, Pescara, Abruzzo, 65121, Italia",TROVATO,nominatim
,,RAGION_X,AGXXX,FR0XX,Via Trento 71,Lecce,73100,LE,Puglia,,Sud,Nuovi,"Via Trento 71, 73100 Lecce, LE, Puglia, Italia",40.3531877,18.1592566,"Via Trento, Lecce, Puglia, 73100, Italia",TROVATO,nominatim
,,RAGION_X,AGXXX,FR0XX,Via Leonardo da Vinci 181,Enna,94100,EN,Sicilia,,Sud,Nuovi,"Via Leonardo da Vinci 181, 94100 Enna, EN, Sicilia, Italia",37.5635084,14.2975664,"Via Leonardo da Vinci, Enna Bassa, Enna, Sicilia, 94100, Italia",TROVATO,nominatim
,,RAGION_X,AGXXX,FR0XX,Via Bologna 56,Napoli,80121,,Campania,,Sud,Nuovi,"Via Bologna 56, 80121 Napoli, , Campania, Italia",40.8536362,14.2704645,"Via Bologna, Rione Vasto, Vicaria, Municipalità 4, Napoli, Campania, 80142, Italia",TROVATO,nominatim
,,RAGION_X,AGXXX,FR0XX,Via Trieste 125,Faenza,48018,RA,Emilia-Romagna,,Nord,Nuovi,"Via Trieste 125, 48018 Faenza, RA, Emilia-Romagna, Italia",44.293744,11.8746482,"Via Trieste, Quartiere Centro Nord, Faenza, Unione della Romagna Faentina, Ravenna, Emilia-Romagna, 48018, Italia",TROVATO,nominatim
,,RAGION_X,AGXXX,FR0XX,Piazza Garibaldi 198,Acireale,95024,CT,Sicilia,,Sud,Nuovi,"Piazza Garibaldi 198, 95024 Acireale, CT, Sicilia, Italia",37.6165431,15.1662916,"Piazza Giuseppe Garibaldi, Santa Maria la Scala, Acireale, Catania, Sicilia, 95024, Italia",TROVATO,nominatim
,,RAGION_X,AGXXX,FR0XX,Via Guglielmo Marconi 212,Teramo,64100,TE,Abruzzo,,Sud,Nuovi,"Via Guglielmo Marconi 212, 64100 Teramo, TE, Abruzzo, Italia",42.771556,13.6658847,"Via Guglielmo Marconi, Bivio Risteccio, Civitella del Tronto, Unione dei Comuni della Val Vibrata, Teramo, Abruzzo, 64012, Italia",TROVATO,nominatim
,,RAGION_X,AGXXX,FR0XX,Via Giuseppe Garibaldi 114,Faenza,48018,RA,Emilia-Romagna,,Nord,Nuovi,"Via Giuseppe Garibaldi 114, 48018 Faenza, RA, Emilia-Romagna, Italia",44.3588778,11.9364688,"Via Giuseppe Garibaldi, Quartiere Granarolo, Granarolo Faentino, Faenza, Unione della Romagna Faentina, Ravenna, Emilia-Romagna, 48018, Italia",TROVATO,nominatim
,,RAGION_X,AGXXX,FR0XX,Via Venezia 101,Trapani,91100,TP,Sicilia,,Sud,Nuovi,"Via Venezia 101, 91100 Trapani, TP, Sicilia, Italia",38.0756888,12.6811019,"Via Venezia, Santa Lucia, Baglio Belle Scurati, Custonaci, Trapani, Sicilia, 91015, Italia",TROVATO,nominatim
,,RAGION_X,AGXXX,FR0XX,Via Guglielmo Marconi 130,Potenza,85100,PZ,Basilicata,,Sud,Nuovi,"Via Guglielmo Marconi 130, 85100 Potenza, PZ, Basilicata, Italia",40.5744712,15.7835167,"Via Guglielmo Marconi, Tintera, Pignola, Potenza, Basilicata, 85010, Italia",TROVATO,nominatim
,,RAGION_X,AGXXX,FR0XX,Corso Vittorio Emanuele 196,Torre del Greco,80059,,Campania,,Sud,Nuovi,"Corso Vittorio Emanuele 196, 80059 Torre del Greco, , Campania, Italia",40.7898325,14.3665503,"Corso Vittorio Emanuele, Sant'Antonio, Torre del Greco, Napoli, Campania, 80056, Italia",TROVATO,nominatim
,,RAGION_X,AGXXX,FR0XX,Via San Francesco 134,Altamura,70022,BA,Puglia,,Sud,Nuovi,"Via San Francesco 134, 70022 Altamura, BA, Puglia, Italia",40.8231006,16.5497143,"Via San Francesco, Altamura, Bari, Puglia, 70022, Italia",TROVATO,nominatim
,,RAGION_X,AGXXX,FR0XX,Via Cesare Battisti 104,Verona,37121,VR,Veneto,,Nord,Nuovi,"Via Cesare Battisti 104, 37121 Verona, VR, Veneto, Italia",45.3855851,11.0215572,"104, Strada Rodigina, Sud, Palazzina, Verona, Veneto, 37135, Italia",TROVATO,nominatim
,,RAGION_X,AGXXX,FR0XX,Via Nazionale 94,Cerignola,71042,FG,Puglia,,Sud,Nuovi,"Via Nazionale 94, 71042 Cerignola, FG, Puglia, Italia",41.2648121,15.8996651,"Cerignola, Foggia, Puglia, 71042, Italia",TROVATO_COMUNE,nominatim
,,RAGION_X,AGXXX,FR0XX,Via Trento 159,Rende,87036,CS,Calabria,,Sud,Nuovi,"Via Trento 159, 87036 Rende, CS, Calabria, Italia",39.3319934,16.1843828,"Rende, Cosenza, Calabria, 87036, Italia",TROVATO_COMUNE,nominatim
,,RAGION_X,AGXXX,FR0XX,Via Trento 5,Foligno,06034,PG,Umbria,,Centro,Nuovi,"Via Trento 5, 06034 Foligno, PG, Umbria, Italia",42.9497096,12.7114573,"Via Trento, Sant'Eraclio, Sterpete, Foligno, Perugia, Umbria, 06034, Italia",TROVATO,nominatim
,,RAGION_X,AGXXX,FR0XX,Via Milano 219,Bressanone,39042,BZ,Trentino-Alto Adige,,Nord,Nuovi,"Via Milano 219, 39042 Bressanone, BZ, Trentino-Alto Adige, Italia",46.716413,11.657792,"Brixen - Bressanone, Eisacktal - Valle Isarco, Bolzano - Bozen, Trentino-Alto Adige/Südtirol, 39042, Italia",TROVATO_COMUNE,nominatim
,,RAGION_X,AGXXX,FR0XX,Via Milano 181,Termoli,86039,CB,Molise,,Sud,Nuovi,"Via Milano 181, 86039 Termoli, CB, Molise, Italia",42.0034363,14.9934644,"Via Mario Milano, Termoli, Campobasso, Molise, 86039, Italia",TROVATO,nominatim
,,RAGION_X,AGXXX,FR0XX,Via Giuseppe Mazzini 78,Aversa,81031,CE,Campania,,Sud,Nuovi,"Via Giuseppe Mazzini 78, 81031 Aversa, CE, Campania, Italia",40.9825254,14.214716,"Via Giuseppe Mazzini, Aversa, Caserta, Campania, 81032, Italia",TROVATO,nominatim
,,RAGION_X,AGXXX,FR0XX,Via Giuseppe Garibaldi 104,Bassano del Grappa,36061,VI,Veneto,,Nord,Nuovi,"Via Giuseppe Garibaldi 104, 36061 Bassano del Grappa, VI, Veneto, Italia",45.7726007,11.7206547,"Bassano del Grappa, Vicenza, Veneto, 36061, Italia",TROVATO_COMUNE,nominatim
,,RAGION_X,AGXXX,FR0XX,Via Alessandro Manzoni 216,Anzio,00042,RM,Lazio,,Centro,Nuovi,"Via Alessandro Manzoni 216, 00042 Anzio, RM, Lazio, Italia",41.4471008,12.6285618,"Anzio, Roma Capitale, Lazio, 00042, Italia",TROVATO_COMUNE,nominatim
,,RAGION_X,AGXXX,FR0XX,Piazza Cavour 50,Padova,35121,PD,Veneto,,Nord,Nuovi,"Piazza Cavour 50, 35121 Padova, PD, Veneto, Italia",45.4081388,11.8780537,"Piazza Cavour, Arcella, Padova, Veneto, 35100, Italia",TROVATO,nominatim
,,RAGION_X,AGXXX,FR0XX,Via Giuseppe Verdi 181,Gorizia,34170,GO,Friuli Venezia Giulia,,Nord,Nuovi,"Via Giuseppe Verdi 181, 34170 Gorizia, GO, Friuli Venezia Giulia, Italia",45.8933442,13.5850259,"Via Giuseppe Verdi / Verdijeva ulica, Peci / Peč, Savogna d'Isonzo / Sovodnje ob Soči, Gorizia / Gurize / Gorica, Friuli-Venezia Giulia, 34070, Italia",TROVATO,nominatim
,,RAGION_X,AGXXX,FR0XX,Via Torino 18,Bari,70121,BA,Puglia,,Sud,Nuovi,"Via Torino 18, 70121 Bari, BA, Puglia, Italia",41.0751712,16.866061,"Via Torino, Carbonara di Bari, Municipio 4, Bari, Puglia, 70131, Italia",TROVATO,nominatim
,,RAGION_X,AGXXX,FR0XX,Via Nazionale 156,Tivoli,00019,RM,Lazio,,Centro,Nuovi,"Via Nazionale 156, 00019 Tivoli, RM, Lazio, Italia",41.960922,12.798884,"Tivoli, Roma Capitale, Lazio, Italia",TROVATO_COMUNE,nominatim
,,RAGION_X,AGXXX,FR0XX,Via Antonio Gramsci 206,Legnano,20025,MI,Lombardia,,Nord,Nuovi,"Via Antonio Gramsci 206, 20025 Legnano, MI, Lombardia, Italia",45.5842791,8.9055123,"Via Antonio Gramsci, San Bernardino, Oltrestazione, Legnano, Milano, Lombardia, 20025, Italia",TROVATO,nominatim
,,RAGION_X,AGXXX,FR0XX,Via Leonardo da Vinci 22,Bagheria,90011,PA,Sicilia,,Sud,Nuovi,"Via Leonardo da Vinci 22, 90011 Bagheria, PA, Sicilia, Italia",38.079351,13.509349,"Bagheria, Palermo, Sicilia, 90011, Italia",TROVATO_COMUNE,nominatim
,,RAGION_X,AGXXX,FR0XX,Corso Italia 200,Lucca,55100,LU,Toscana,,Centro,Nuovi,"Corso Italia 200, 55100 Lucca, LU, Toscana, Italia",43.8428381,10.502876,"Lucca, Toscana, Italia",TROVATO_COMUNE,nominatim
,,RAGION_X,AGXXX,FR0XX,Via Guglielmo Marconi 165,Massa,54100,MS,Toscana,,Centro,Nuovi,"Via Guglielmo Marconi 165, 54100 Massa, MS, Toscana, Italia",44.0330377,10.1345743,"Via Guglielmo Marconi, Ponticello, Camponelli, San Carlo, Massa, Massa-Carrara, Toscana, 54100, Italia",TROVATO,nominatim
,,RAGION_X,AGXXX,FR0XX,Piazza Garibaldi 73,Caltanissetta,93100,CL,Sicilia,,Sud,Nuovi,"Piazza Garibaldi 73, 93100 Caltanissetta, CL, Sicilia, Italia",37.4897625,14.0633121,"Piazza Garibaldi, Quartiere Provvidenza, Caltanissetta, Sicilia, 93100, Italia",TROVATO,nominatim
,,RAGION_X,AGXXX,FR0XX,Via della Repubblica 94,Catania,95121,CT,Sicilia,,Sud,Nuovi,"Via della Repubblica 94, 95121 Catania, CT, Sicilia, Italia",37.5377633,14.9806976,"Via della Repubblica, Piano Tavola, Belpasso, Catania, Sicilia, 95032, Italia",TROVATO,nominatim
,,RAGION_X,AGXXX,FR0XX,Corso Vittorio Emanuele 177,Reggio Calabria,89121,RC,Calabria,,Sud,Nuovi,"Corso Vittorio Emanuele 177, 89121 Reggio Calabria, RC, Calabria, Italia",38.1127697,15.6483113,"Corso Vittorio Emanuele III, Reggio di Calabria, Reggio Calabria, Calabria, 89121, Italia",TROVATO,nominatim
,,RAGION_X,AGXXX,FR0XX,Piazza Cavour 41,Termoli,86039,CB,Molise,,Sud,Nuovi,"Piazza Cavour 41, 86039 Termoli, CB, Molise, Italia",41.9983273,14.9939366,"Termoli, Campobasso, Molise, 86039, Italia",TROVATO_COMUNE,nominatim
,,RAGION_X,AGXXX,FR0XX,Via San Francesco 45,Monza,20900,MB,Lombardia,,Nord,Nuovi,"Via San Francesco 45, 20900 Monza, MB, Lombardia, Italia",45.5969758,9.2363979,"Via San Francesco, San Carlo, Muggiò, Monza e della Brianza, Lombardia, 20835, Italia",TROVATO,nominatim
,,RAGION_X,AGXXX,FR0XX,Piazza Garibaldi 158,Modena,41121,MO,Emilia-Romagna,,Nord,Nuovi,"Piazza Garibaldi 158, 41121 Modena, MO, Emilia-Romagna, Italia",44.779892,10.8835491,"Piazza Giuseppe Garibaldi, Quartirolo, Carpi, Unione delle Terre d'Argine, Modena, Emilia-Romagna, Italia",TROVATO,nominatim
,,RAGION_X,AGXXX,FR0XX,Via Alessandro Manzoni 177,Savona,17100,SV,Liguria,,Nord,Nuovi,"Via Alessandro Manzoni 177, 17100 Savona, SV, Liguria, Italia",44.309436,8.4808475,"Via au Fossu, Villetta, Savona, Liguria, 17100, Italia",TROVATO,nominatim
,,RAGION_X,AGXXX,FR0XX,Via Aldo Moro 145,Foggia,71121,FG,Puglia,,Sud,Nuovi,"Via Aldo Moro 145, 71121 Foggia, FG, Puglia, Italia",41.3697348,15.32573,"Via Aldo Moro, Troia, Foggia, Puglia, 71029, Italia",TROVATO,nominatim
,,RAGION_X,AGXXX,FR0XX,Via Goffredo Mameli 94,Acireale,95024,CT,Sicilia,,Sud,Nuovi,"Via Goffredo Mameli 94, 95024 Acireale, CT, Sicilia, Italia",37.6127773,15.1658804,"Acireale, Catania, Sicilia, 95024, Italia",TROVATO_COMUNE,nominatim
,,RAGION_X,AGXXX,FR0XX,Via Cesare Battisti 90,Cesena,47521,FC,Emilia-Romagna,,Nord,Nuovi,"Via Cesare Battisti 90, 47521 Cesena, FC, Emilia-Romagna, Italia",44.1390802,12.2387025,"90, Via Cesare Battisti, Quartiere Centro Urbano, Ponte Abbadesse, Cesena, Unione dei comuni Valle del Savio, Forlì-Cesena, Emilia-Romagna, 47521, Italia",TROVATO,nominatim
,,RAGION_X,AGXXX,FR0XX,Via Aldo Moro 77,Bergamo,24121,BG,Lombardia,,Nord,Nuovi,"Via Aldo Moro 77, 24121 Bergamo, BG, Lombardia, Italia",45.7219107,9.7113176,"Via Aldo Moro, Ranica, Bergamo, Lombardia, 24020, Italia",TROVATO,nominatim
,,RAGION_X,AGXXX,FR0XX,Via Bologna 118,Marano di Napoli,80016,,Campania,,Sud,Nuovi,"Via Bologna 118, 80016 Marano di Napoli, , Campania, Italia",40.89761,14.190528,"Marano di Napoli, Napoli, Campania, 80016, Italia",TROVATO_COMUNE,nominatim
,,RAGION_X,AGXXX,FR0XX,Via Torino 208,Empoli,50053,FI,Toscana,,Centro,Nuovi,"Via Torino 208, 50053 Empoli, FI, Toscana, Italia",43.7194884,10.9458556,"Empoli, Unione dei Comuni Circondario dell'Empolese Valdelsa, Firenze, Toscana, 50053, Italia",TROVATO_COMUNE,nominatim
,,RAGION_X,AGXXX,FR0XX,Via Giuseppe Verdi 208,Crotone,88900,KR,Calabria,,Sud,Nuovi,"Via Giuseppe Verdi 208, 88900 Crotone, KR, Calabria, Italia",38.9624654,17.0921286,"Via Giuseppe Verdi, Isola di Capo Rizzuto, Crotone, Calabria, 88841, Italia",TROVATO,nominatim
,,RAGION_X,AGXXX,FR0XX,Via Camillo Cavour 103,Giugliano in Campania,80014,,Campania,,Sud,Nuovi,"Via Camillo Cavour 103, 80014 Giugliano in Campania, , Campania, Italia",40.9283217,14.2011232,"Giugliano in Campania, Napoli, Campania, 80014, Italia",TROVATO_COMUNE,nominatim
,,RAGION_X,AGXXX,FR0XX,Corso Vittorio Emanuele 118,Pesaro,61121,PU,Marche,,Centro,Nuovi,"Corso Vittorio Emanuele 118, 61121 Pesaro, PU, Marche, Italia",43.6685647,12.52447,"Corso Vittorio Emanuele II, Urbania, Pesaro e Urbino, Marche, 61049, Italia",TROVATO,nominatim
,,RAGION_X,AGXXX,FR0XX,Via Venezia 144,Teramo,64100,TE,Abruzzo,,Sud,Nuovi,"Via Venezia 144, 64100 Teramo, TE, Abruzzo, Italia",42.7548934,13.8881532,"Via Venezia, Mosciano Sant'Angelo, Teramo, Abruzzo, 64015, Italia",TROVATO,nominatim
,,RAGION_X,AGXXX,FR0XX,Via Trieste 95,Viareggio,55049,LU,Toscana,,Centro,Nuovi,"Via Trieste 95, 55049 Viareggio, LU, Toscana, Italia",43.8644511,10.2491768,"Via Trieste, Darsena, Cotone, Viareggio, Unione dei comuni della Versilia, Lucca, Toscana, 55049, Italia",TROVATO,nominatim
,,RAGION_X,AGXXX,FR0XX,Via Dante Alighieri 190,Andria,76123,BT,Puglia,,Sud,Nuovi,"Via Dante Alighieri 190, 76123 Andria, BT, Puglia, Italia",41.2243142,16.3033003,"Via Dante Alighieri, San Valentino, Andria, Barletta-Andria-Trani, Puglia, 76123, Italia",TROVATO,nominatim
,,RAGION_X,AGXXX,FR0XX,Via XX Settembre 126,Pordenone,33170,PN,Friuli Venezia Giulia,,Nord,Nuovi,"Via XX Settembre 126, 33170 Pordenone, PN, Friuli Venezia Giulia, Italia",46.1817151,12.9349426,"126b, Via Venti Settembre, Borgo Villa / La Vile, Valeriano / Valarian, Pinzano al Tagliamento / Pinçan, Pordenone / Pordenon, Friuli-Venezia Giulia, 33094, Italia",TROVATO,nominatim
,,RAGION_X,AGXXX,FR0XX,Corso Italia 128,Nuoro,08100,NU,Sardegna,,Sud,Nuovi,"Corso Italia 128, 08100 Nuoro, NU, Sardegna, Italia",40.2557287,9.1840767,"Corso Italia, Istolo, Orane/Orani, Nuoro, Sardigna/Sardegna, 08026, Italia",TROVATO,nominatim
,,RAGION_X,AGXXX,FR0XX,Via Antonio Gramsci 162,Settimo Torinese,10036,TO,Piemonte,,Nord,Nuovi,"Via Antonio Gramsci 162, 10036 Settimo Torinese, TO, Piemonte, Italia",45.1419747,7.7762146,"Via Antonio Gramsci, Settimo Torinese, Torino, Piemonte, 10036, Italia",TROVATO,nominatim
,,RAGION_X,AGXXX,FR0XX,Via Roma 156,Verbania,28921,VB,Piemonte,,Nord,Nuovi,"Via Roma 156, 28921 Verbania, VB, Piemonte, Italia",45.9357093,8.5673964,"Via Roma, Intra, Zoverallo, Verbania, Verbano-Cusio-Ossola, Piemonte, 28921, Italia",TROVATO,nominatim
,,RAGION_X,AGXXX,FR0XX,Piazza Garibaldi 136,Imola,40026,BO,Emilia-Romagna,,Nord,Nuovi,"Piazza Garibaldi 136, 40026 Imola, BO, Emilia-Romagna, Italia",44.3535145,11.7141233,"Imola, Nuovo Circondario Imolese, Bologna, Emilia-Romagna, 40026, Italia",TROVATO_COMUNE,nominatim
,,RAGION_X,AGXXX,FR0XX,Via Giacomo Matteotti 17,Forlì,47121,FC,Emilia-Romagna,,Nord,Nuovi,"Via Giacomo Matteotti 17, 47121 Forlì, FC, Emilia-Romagna, Italia",44.128866,12.0618758,"17, Via Giacomo Matteotti, Meldola, Unione di Comuni della Romagna Forlivese, Forlì-Cesena, Emilia-Romagna, 47014, Italia",TROVATO,nominatim
,,RAGION_X,AGXXX,FR0XX,Via Alessandro Manzoni 129,Frosinone,03100,FR,Lazio,,Centro,Nuovi,"Via Alessandro Manzoni 129, 03100 Frosinone, FR, Lazio, Italia",41.4464635,13.7609688,"Via Alessandro Manzoni, Piumarola, Pignataro Interamna, Villa Santa Lucia, Frosinone, Lazio, 03030, Italia",TROVATO,nominatim
,,RAGION_X,AGXXX,FR0XX,Via Giuseppe Garibaldi 142,Pistoia,51100,PT,Toscana,,Centro,Nuovi,"Via Giuseppe Garibaldi 142, 51100 Pistoia, PT, Toscana, Italia",43.9059951,10.8349541,"Via Giuseppe Garibaldi, Rio II, Stazione Masotti, Serravalle Pistoiese, Pistoia, Toscana, 51130, Italia",TROVATO,nominatim
,,RAGION_X,AGXXX,FR0XX,Via Bologna 204,Siena,53100,SI,Toscana,,Centro,Nuovi,"Via Bologna 204, 53100 Siena, SI, Toscana, Italia",43.340117,11.3006502,"Via Bologna, Acquacalda, Siena, Toscana, 53035, Italia",TROVATO,nominatim
,,RAGION_X,AGXXX,FR0XX,Via Giacomo Matteotti 50,Varese,21100,VA,Lombardia,,Nord,Nuovi,"Via Giacomo Matteotti 50, 21100 Varese, VA, Lombardia, Italia",45.7840628,8.8277853,"Via Giacomo Matteotti, Gazzada, Gazzada Schianno, Varese, Lombardia, 21045, Italia",TROVATO,nominatim
,,RAGION_X,AGXXX,FR0XX,Via Goffredo Mameli 137,Castellammare di Stabia,80053,,Campania,,Sud,Nuovi,"Via Goffredo Mameli 137, 80053 Castellammare di Stabia, , Campania, Italia",40.6943046,14.4804813,"Castellammare di Stabia, Napoli, Campania, 80053, Italia",TROVATO_COMUNE,nominatim
,,RAGION_X,AGXXX,FR0XX,Piazza Garibaldi 198,Termoli,86039,CB,Molise,,Sud,Nuovi,"Piazza Garibaldi 198, 86039 Termoli, CB, Molise, Italia",42.0008387,14.9932331,"Piazza Garibaldi, Termoli, Campobasso, Molise, 86039, Italia",TROVATO,nominatim
,,RAGION_X,AGXXX,FR0XX,Piazza Cavour 12,Bologna,40121,BO,Emilia-Romagna,,Nord,Nuovi,"Piazza Cavour 12, 40121 Bologna, BO, Emilia-Romagna, Italia",44.4911634,11.3441361,"Piazza Cavour, Quadrilatero, Galvani, Santo Stefano, Bologna, Emilia-Romagna, 40124, Italia",TROVATO,nominatim
,,RAGION_X,AGXXX,FR0XX,Piazza Cavour 181,Busto Arsizio,21052,VA,Lombardia,,Nord,Nuovi,"Piazza Cavour 181, 21052 Busto Arsizio, VA, Lombardia, Italia",45.611932,8.8518269,"Busto Arsizio, Varese, Lombardia, 21052, Italia",TROVATO_COMUNE,nominatim
,,RAGION_X,AGXXX,FR0XX,Via Giacomo Matteotti 145,Palermo,90133,PA,Sicilia,,Sud,Nuovi,"Via Giacomo Matteotti 145, 90133 Palermo, PA, Sicilia, Italia",38.0485769,13.3894151,"Via Giacomo Matteotti, Belmonte Mezzagno, Palermo, Sicilia, 90031, Italia",TROVATO,nominatim
,,RAGION_X,AGXXX,FR0XX,Via Giuseppe Garibaldi 200,Macerata,62100,MC,Marche,,Centro,Nuovi,"Via Giuseppe Garibaldi 200, 62100 Macerata, MC, Marche, Italia",43.4308111,13.6662653,"200, Via Giuseppe Garibaldi, Porto Recanati, Macerata, Marche, 62017, Italia",TROVATO,nominatim
,,RAGION_X,AGXXX,FR0XX,Via Giacomo Matteotti 53,Crotone,88900,KR,Calabria,,Sud,Nuovi,"Via Giacomo Matteotti 53, 88900 Crotone, KR, Calabria, Italia",39.0759697,17.1233609,"Via Giacomo Matteotti, Parco Samà, Parco Carrara, Crotone, Calabria, 88900, Italia",TROVATO,nominatim
,,RAGION_X,AGXXX,FR0XX,Via Trieste 9,Senigallia,60019,AN,Marche,,Centro,Nuovi,"Via Trieste 9, 60019 Senigallia, AN, Marche, Italia",43.710708,13.2253877,"Via Trieste, Portone, Senigallia, Ancona, Marche, 60019, Italia",TROVATO,nominatim
,,RAGION_X,AGXXX,FR0XX,Via Trieste 111,Rimini,47921,RN,Emilia-Romagna,,Nord,Nuovi,"Via Trieste 111, 47921 Rimini, RN, Emilia-Romagna, Italia",44.0040905,12.4360228,"Via Trieste, Villa Verucchio, Verucchio, Unione di comuni Valmarecchia, Rimini, Emilia-Romagna, 47826, Italia",TROVATO,nominatim
,,RAGION_X,AGXXX,FR0XX,Via Antonio Gramsci 168,Brescia,25121,BS,Lombardia,,Nord,Nuovi,"Via Antonio Gramsci 168, 25121 Brescia, BS, Lombardia, Italia",45.5363618,10.2187605,"Via Antonio Gramsci, Centro Storico Sud, Zona Centro, Brescia, Lombardia, 25100, Italia",TROVATO,nominatim
,,RAGION_X,AGXXX,FR0XX,Via Trieste 63,Sesto San Giovanni,20099,MI,Lombardia,,Nord,Nuovi,"Via Trieste 63, 20099 Sesto San Giovanni, MI, Lombardia, Italia",45.5347926,9.2371764,"Sesto San Giovanni, Zona Omogenea Milano Nord, Milano, Lombardia, 20099, Italia",TROVATO_COMUNE,nominatim
,,RAGION_X,AGXXX,FR0XX,Via Cesare Battisti 166,Modica,97015,RG,Sicilia,,Sud,Nuovi,"Via Cesare Battisti 166, 97015 Modica, RG, Sicilia, Italia",36.8558342,14.7549833,"Via Cesare Battisti, Dente, Modica Alta, Modica, Ragusa, Sicilia, Italia",TROVATO,nominatim
,,RAGION_X,AGXXX,FR0XX,Via Giuseppe Verdi 18,Varese,21100,VA,Lombardia,,Nord,Nuovi,"Via Giuseppe Verdi 18, 21100 Varese, VA, Lombardia, Italia",45.8172902,8.819711,"18, Via Giuseppe Verdi, Gaggiano, Marone, Varese, Lombardia, 21100, Italia",TROVATO,nominatim
,,RAGION_X,AGXXX,FR0XX,Via Giuseppe Garibaldi 190,Cremona,26100,CR,Lombardia,,Nord,Nuovi,"Via Giuseppe Garibaldi 190, 26100 Cremona, CR, Lombardia, Italia",45.1919525,10.1103864,"Via Giuseppe Garibaldi, Quistro, Dosimo, Persico Dosimo, Cremona, Lombardia, 26043, Italia",TROVATO,nominatim
,,RAGION_X,AGXXX,FR0XX,Via Firenze 119,Legnano,20025,MI,Lombardia,,Nord,Nuovi,"Via Firenze 119, 20025 Legnano, MI, Lombardia, Italia",45.587994,8.9043014,"Via Firenze, Santi Martiri, La Flora, Oltrestazione, Legnano, Milano, Lombardia, 20025, Italia",TROVATO,nominatim
,,RAGION_X,AGXXX,FR0XX,Via Giuseppe Verdi 81,Rimini,47921,RN,Emilia-Romagna,,Nord,Nuovi,"Via Giuseppe Verdi 81, 47921 Rimini, RN, Emilia-Romagna, Italia",44.0612158,12.5654266,"Via Giuseppe Verdi, San Giuliano, Rimini, Emilia-Romagna, 47921, Italia",TROVATO,nominatim
,,RAGION_X,AGXXX,FR0XX,Via Bologna 127,Arezzo,52100,AR,Toscana,,Centro,Nuovi,"Via Bologna 127, 52100 Arezzo, AR, Toscana, Italia",43.4703131,11.8720297,"Via Bologna, Arezzo, Toscana, 52100, Italia",TROVATO,nominatim
,,RAGION_X,AGXXX,FR0XX,Via Bologna 105,Modena,41121,MO,Emilia-Romagna,,Nord,Nuovi,"Via Bologna 105, 41121 Modena, MO, Emilia-Romagna, Italia",44.4929882,10.9918818,"105, Via Bologna, Bettolino, Pratomavore, Vignola, Unione di comuni Terre di Castelli, Modena, Emilia-Romagna, 41058, Italia",TROVATO,nominatim
,,RAGION_X,AGXXX,FR0XX,Via Camillo Cavour 170,Mestre,30171,VE,Veneto,,Nord,Nuovi,"Via Camillo Cavour 170, 30171 Mestre, VE, Veneto, Italia",45.4943063,12.2418053,"Mestre, Venezia, Veneto, 30170, Italia",TROVATO_COMUNE,nominatim
,,RAGION_X,AGXXX,FR0XX,Via Leonardo da Vinci 62,Castellammare di Stabia,80053,,Campania,,Sud,Nuovi,"Via Leonardo da Vinci 62, 80053 Castellammare di Stabia, , Campania, Italia",40.6943046,14.4804813,"Castellammare di Stabia, Napoli, Campania, 80053, Italia",TROVATO_COMUNE,nominatim
,,RAGION_X,AGXXX,FR0XX,Corso Vittorio Emanuele 151,Ferrara,44121,FE,Emilia-Romagna,,Nord,Nuovi,"Corso Vittorio Emanuele 151, 44121 Ferrara, FE, Emilia-Romagna, Italia",44.6971888,11.8062061,"Corso Vittorio Emanuele secondo, Ripapersico, Portomaggiore, Unione dei comuni Valli e Delizie, Ferrara, Emilia-Romagna, 44015, Italia",TROVATO,nominatim
,,RAGION_X,AGXXX,FR0XX,Via Vittorio Emanuele II 83,Ferrara,44121,FE,Emilia-Romagna,,Nord,Nuovi,"Via Vittorio Emanuele II 83, 44121 Ferrara, FE, Emilia-Romagna, Italia",44.6955599,11.8080906,"83, Corso Vittorio Emanuele secondo, Pioppara, Ripapersico, Portomaggiore, Unione dei comuni Valli e Delizie, Ferrara, Emilia-Romagna, 44015, Italia",TROVATO,nominatim
,,RAGION_X,AGXXX,FR0XX,Via Bologna 41,Agrigento,92100,AG,Sicilia,,Sud,Nuovi,"Via Bologna 41, 92100 Agrigento, AG, Sicilia, Italia",37.3080474,13.5813201,"Via Bologna, Sottogas, Calcarelle, Villaseta, Agrigento, Sicilia, 92100, Italia",TROVATO,nominatim
,,RAGION_X,AGXXX,FR0XX,Via Firenze 204,Marano di Napoli,80016,,Campania,,Sud,Nuovi,"Via Firenze 204, 80016 Marano di Napoli, , Campania, Italia",40.89761,14.190528,"Marano di Napoli, Napoli, Campania, 80016, Italia",TROVATO_COMUNE,nominatim
,,RAGION_X,AGXXX,FR0XX,Via Cesare Battisti 16,Pozzuoli,80078,,Campania,,Sud,Nuovi,"Via Cesare Battisti 16, 80078 Pozzuoli, , Campania, Italia",40.8237853,14.1209096,"Via Cesare Battisti, Pozzuoli, Rione Ortodonico, Pozzuoli, Napoli, Campania, 80078, Italia",TROVATO,nominatim
,,RAGION_X,AGXXX,FR0XX,Piazza Garibaldi 68,Chiavari,16043,GE,Liguria,,Nord,Nuovi,"Piazza Garibaldi 68, 16043 Chiavari, GE, Liguria, Italia",44.3175701,9.3244561,"Chiavari, Genova, Liguria, 16043, Italia",TROVATO_COMUNE,nominatim
,,RAGION_X,AGXXX,FR0XX,Via Alessandro Manzoni 204,Crotone,88900,KR,Calabria,,Sud,Nuovi,"Via Alessandro Manzoni 204, 88900 Crotone, KR, Calabria, Italia",39.0813161,17.1193824,"Via Alessandro Manzoni, Sant'Antonio, Crotone, Calabria, 88900, Italia",TROVATO,nominatim
,,RAGION_X,AGXXX,FR0XX,Via Milano 105,Belluno,32100,BL,Veneto,,Nord,Nuovi,"Via Milano 105, 32100 Belluno, BL, Veneto, Italia",46.4543022,12.3983092,"Via Milano, Vallesella, Grea, Domegge di Cadore, Belluno, Veneto, 32040, Italia",TROVATO,nominatim
,,RAGION_X,AGXXX,FR0XX,Via Aldo Moro 129,Viterbo,01100,VT,Lazio,,Centro,Nuovi,"Via Aldo Moro 129, 01100 Viterbo, VT, Lazio, Italia",42.4272401,12.1000409,"Via Aldo Moro, Villanova, Viterbo, Lazio, 01100, Italia",TROVATO,nominatim
,,RAGION_X,AGXXX,FR0XX,Via Torino 19,Gela,93012,CL,Sicilia,,Sud,Nuovi,"Via Torino 19, 93012 Gela, CL, Sicilia, Italia",37.0721733,14.2346533,"Via Torino, Caposoprano, Macchitella, Gela, Caltanissetta, Sicilia, 93012, Italia",TROVATO,nominatim
,,RAGION_X,AGXXX,FR0XX,Via Trieste 80,Sanremo,18038,IM,Liguria,,Nord,Nuovi,"Via Trieste 80, 18038 Sanremo, IM, Liguria, Italia",43.8362985,7.7772658,"Sanremo, Provincia di Imperia, Liguria, 18034, Italia",TROVATO_COMUNE,nominatim
,,RAGION_X,AGXXX,FR0XX,Via Roma 152,Olbia,07026,SS,Sardegna,,Sud,Nuovi,"Via Roma 152, 07026 Olbia, SS, Sardegna, Italia",40.7219767,8.5669667,"Via Olbia, Cappuccini, Tàttari/Sassari, Sardigna/Sardegna, 07100, Italia",TROVATO_COMUNE,nominatim
,,RAGION_X,AGXXX,FR0XX,Corso Italia 174,Matera,75100,MT,Basilicata,,Sud,Nuovi,"Corso Italia 174, 75100 Matera, MT, Basilicata, Italia",40.3619339,16.6870993,"Corso Italia, Rione Portobello, Marconia, Pisticci, Matera, Basilicata, 75015, Italia",TROVATO,nominatim
,,RAGION_X,AGXXX,FR0XX,Corso Italia 81,Lecco,23900,LC,Lombardia,,Nord,Nuovi,"Corso Italia 81, 23900 Lecco, LC, Lombardia, Italia",45.8553764,9.389605,"Lecco, Lombardia, 23900, Italia",TROVATO_COMUNE,nominatim
,,RAGION_X,AGXXX,FR0XX,Via Giuseppe Verdi 33,Pomezia,00071,RM,Lazio,,Centro,Nuovi,"Via Giuseppe Verdi 33, 00071 Pomezia, RM, Lazio, Italia",41.667529,12.5047863,"Pomezia, Roma Capitale, Lazio, 00071, Italia",TROVATO_COMUNE,nominatim
,,RAGION_X,AGXXX,FR0XX,Via Torino 36,Giugliano in Campania,80014,,Campania,,Sud,Nuovi,"Via Torino 36, 80014 Giugliano in Campania, , Campania, Italia",40.9283217,14.2011232,"Giugliano in Campania, Napoli, Campania, 80014, Italia",TROVATO_COMUNE,nominatim
,,RAGION_X,AGXXX,FR0XX,Via Antonio Gramsci 166,Bergamo,24121,BG,Lombardia,,Nord,Nuovi,"Via Antonio Gramsci 166, 24121 Bergamo, BG, Lombardia, Italia",45.6927394,9.6547576,"Via Antonio Gramsci, Finazzi, Loreto, Bergamo, Lombardia, 24128, Italia",TROVATO,nominatim
,,RAGION_X,AGXXX,FR0XX,Via Firenze 84,Anzio,00042,RM,Lazio,,Centro,Nuovi,"Via Firenze 84, 00042 Anzio, RM, Lazio, Italia",41.5032309,12.6233003,"Via Firenze, Lavinio Stazione, Anzio, Roma Capitale, Lazio, 00042, Italia",TROVATO,nominatim
,,RAGION_X,AGXXX,FR0XX,Via Giuseppe Mazzini 16,Piacenza,29121,PC,Emilia-Romagna,,Nord,Nuovi,"Via Giuseppe Mazzini 16, 29121 Piacenza, PC, Emilia-Romagna, Italia",44.9578705,9.6917957,"16, Via Giuseppe Mazzini, Podenzano, Piacenza, Emilia-Romagna, 29027, Italia",TROVATO,nominatim
,,RAGION_X,AGXXX,FR0XX,Via Guglielmo Marconi 151,Pordenone,33170,PN,Friuli Venezia Giulia,,Nord,Nuovi,"Via Guglielmo Marconi 151, 33170 Pordenone, PN, Friuli Venezia Giulia, Italia",45.9582133,12.6151661,"Via Guglielmo Marconi, Rorai Piccolo / Rorai Piçul, Porcia / Purcie, Porcia, Pordenone / Pordenon, Friuli-Venezia Giulia, 33080, Italia",TROVATO,nominatim
,,RAGION_X,AGXXX,FR0XX,Via Giuseppe Verdi 94,Sanremo,18038,IM,Liguria,,Nord,Nuovi,"Via Giuseppe Verdi 94, 18038 Sanremo, IM, Liguria, Italia",43.8146618,7.7727696,"Via Giuseppe Verdi, Sanremo, Provincia di Imperia, Liguria, 18038, Italia",TROVATO,nominatim
,,RAGION_X,AGXXX,FR0XX,Corso Vittorio Emanuele 49,Aversa,81031,CE,Campania,,Sud,Nuovi,"Corso Vittorio Emanuele 49, 81031 Aversa, CE, Campania, Italia",40.973212,14.204928,"Aversa, Caserta, Campania, 81031, Italia",TROVATO_COMUNE,nominatim
,,RAGION_X,AGXXX,FR0XX,Via Venezia 108,Torre del Greco,80059,,Campania,,Sud,Nuovi,"Via Venezia 108, 80059 Torre del Greco, , Campania, Italia",40.783392,14.3710322,"Via Venezia, Sant'Antonio, Torre del Greco, Napoli, Campania, 80056, Italia",TROVATO,nominatim
,,RAGION_X,AGXXX,FR0XX,Piazza Cavour 64,Gallarate,21013,VA,Lombardia,,Nord,Nuovi,"Piazza Cavour 64, 21013 Gallarate, VA, Lombardia, Italia",45.6598951,8.7932013,"Gallarate, Varese, Lombardia, 21013, Italia",TROVATO_COMUNE,nominatim
,,RAGION_X,AGXXX,FR0XX,Corso Italia 41,Brescia,25121,BS,Lombardia,,Nord,Nuovi,"Corso Italia 41, 25121 Brescia, BS, Lombardia, Italia",45.8893445,10.184591,"Corso Italia, Boario Terme, Corna, Darfo Boario Terme, Comunità montana della valle Camonica, Brescia, Lombardia, 25047, Italia",TROVATO,nominatim
,,RAGION_X,AGXXX,FR0XX,Via Aldo Moro 15,Moncalieri,10024,TO,Piemonte,,Nord,Nuovi,"Via Aldo Moro 15, 10024 Moncalieri, TO, Piemonte, Italia",45.0004614,7.6847543,"Moncalieri, Torino, Piemonte, 10024, Italia",TROVATO_COMUNE,nominatim
,,RAGION_X,AGXXX,FR0XX,Via Vittorio Emanuele II 172,Aversa,81031,CE,Campania,,Sud,Nuovi,"Via Vittorio Emanuele II 172, 81031 Aversa, CE, Campania, Italia",40.9730015,14.204736,"Via Vittorio Emanuele III, Rione Costantinopoli, Borgo San Lorenzo, Aversa, Caserta, Campania, 81031, Italia",TROVATO_FALLBACK,nominatim
,,RAGION_X,AGXXX,FR0XX,Via Milano 180,Brindisi,72100,BR,Puglia,,Sud,Nuovi,"Via Milano 180, 72100 Brindisi, BR, Puglia, Italia",40.5520648,17.8081679,"Via Milano, Mesagne, Brindisi, Puglia, 72023, Italia",TROVATO,nominatim
,,RAGION_X,AGXXX,FR0XX,Via Giuseppe Mazzini 106,Conegliano,31015,TV,Veneto,,Nord,Nuovi,"Via Giuseppe Mazzini 106, 31015 Conegliano, TV, Veneto, Italia",45.8863995,12.2981987,"Via Mazzini - Gradinata Alpini, Corso Giuseppe Mazzini, Piazza d'Armi, Monticella, Conegliano, Treviso, Veneto, 31015, Italia",TROVATO_FALLBACK,nominatim
,,RAGION_X,AGXXX,FR0XX,Via Camillo Cavour 75,Firenze,50121,FI,Toscana,,Centro,Nuovi,"Via Camillo Cavour 75, 50121 Firenze, FI, Toscana, Italia",43.7800327,11.259815,"75, Via Camillo Cavour, Quartiere 1, Firenze, Toscana, 50120, Italia",TROVATO,nominatim
,,RAGION_X,AGXXX,FR0XX,Via Dante Alighieri 133,Venezia,30121,VE,Veneto,,Nord,Nuovi,"Via Dante Alighieri 133, 30121 Venezia, VE, Veneto, Italia",45.489472,12.2398754,"Via Dante Alighieri, Carpenedo, Mestre-Carpenedo, Mestre, Venezia, Veneto, 30170, Italia",TROVATO,nominatim
,,RAGION_X,AGXXX,FR0XX,Via Nazionale 103,Treviso,31100,TV,Veneto,,Nord,Nuovi,"Via Nazionale 103, 31100 Treviso, TV, Veneto, Italia",45.673748,12.1273893,"Via Nazionale, Padernello, Altana, Paese, Treviso, Veneto, 31038, Italia",TROVATO,nominatim
,,RAGION_X,AGXXX,FR0XX,Via San Francesco 110,Cosenza,87100,CS,Calabria,,Sud,Nuovi,"Via San Francesco 110, 87100 Cosenza, CS, Calabria, Italia",39.3420493,16.3109267,"Via San Francesco, San Benedetto in Guarano, San Pietro in Guarano, Cosenza, Calabria, 87047, Italia",TROVATO,nominatim
,,RAGION_X,AGXXX,FR0XX,Via Firenze 27,Crotone,88900,KR,Calabria,,Sud,Nuovi,"Via Firenze 27, 88900 Crotone, KR, Calabria, Italia",39.0786398,17.1250963,"Via Firenze, Parco Samà, Marinella, Crotone, Calabria, 88900, Italia",TROVATO,nominatim
,,RAGION_X,AGXXX,FR0XX,Via Guglielmo Marconi 108,Lamezia Terme,88046,CZ,Calabria,,Sud,Nuovi,"Via Guglielmo Marconi 108, 88046 Lamezia Terme, CZ, Calabria, Italia",38.9711741,16.3132136,"Via Guglielmo Marconi, Lamezia Terme, Catanzaro, Calabria, 88046, Italia",TROVATO,nominatim
,,RAGION_X,AGXXX,FR0XX,Via Dante Alighieri 146,Milano,20121,MI,Lombardia,,Nord,Nuovi,"Via Dante Alighieri 146, 20121 Milano, MI, Lombardia, Italia",45.4798302,9.3086332,"146, Via Dante Alighieri, Rugacesio di Sotto, Rugacesio, Pioltello, Rodano, Milano, Lombardia, 20096, Italia",TROVATO,nominatim
,,RAGION_X,AGXXX,FR0XX,Corso Vittorio Emanuele 3,Alghero,07041,SS,Sardegna,,Sud,Nuovi,"Corso Vittorio Emanuele 3, 07041 Alghero, SS, Sardegna, Italia",40.5587291,8.3153206,"l'Alguer/Alghero, Tàttari/Sassari, Sardigna/Sardegna, Italia",TROVATO_COMUNE,nominatim
,,RAGION_X,AGXXX,FR0XX,Via Aldo Moro 113,Prato,59100,PO,Toscana,,Centro,Nuovi,"Via Aldo Moro 113, 59100 Prato, PO, Toscana, Italia",43.842418,11.1010364,"Via Aldo Moro, Mezzana, Santa Maria a Colonica, Prato, Toscana, 59100, Italia",TROVATO,nominatim
,,RAGION_X,AGXXX,FR0XX,Via Firenze 191,Macerata,62100,MC,Marche,,Centro,Nuovi,"Via Firenze 191, 62100 Macerata, MC, Marche, Italia",43.3361351,13.3394163,"Via Firenze, Contrada Camporota, Chiesanuova, Treia, Macerata, Marche, Italia",TROVATO,nominatim
,,RAGION_X,AGXXX,FR0XX,Via Cesare Battisti 130,Como,22100,CO,Lombardia,,Nord,Nuovi,"Via Cesare Battisti 130, 22100 Como, CO, Lombardia, Italia",45.84318,9.0641549,"Via Cesare Battisti, Castelletto, La Valle, Piazza Santo Stefano, Olzino, Cernobbio, Como, Lombardia, 22012, Italia",TROVATO,nominatim
,,RAGION_X,AGXXX,FR0XX,Via Antonio Gramsci 123,Isernia,86170,IS,Molise,,Sud,Nuovi,"Via Antonio Gramsci 123, 86170 Isernia, IS, Molise, Italia",41.5927253,14.2290919,"Via Antonio Gramsci, Isernia centro, San Lazzaro, Isernia, Molise, 86170, Italia",TROVATO,nominatim
,,RAGION_X,AGXXX,FR0XX,Via Bologna 159,Alessandria,15121,AL,Piemonte,,Nord,Nuovi,"Via Bologna 159, 15121 Alessandria, AL, Piemonte, Italia",44.9173885,8.6182355,"Via Bologna, Alessandria, Piemonte, 15121, Italia",TROVATO,nominatim
,,RAGION_X,AGXXX,FR0XX,Via Camillo Cavour 60,Torino,10121,TO,Piemonte,,Nord,Nuovi,"Via Camillo Cavour 60, 10121 Torino, TO, Piemonte, Italia",45.0800891,7.5732173,"Via Camillo Cavour, Leumann, Collegno, Torino, Piemonte, 10093, Italia",TROVATO,nominatim
,,RAGION_X,AGXXX,FR0XX,Corso Vittorio Emanuele 57,Verona,37121,VR,Veneto,,Nord,Nuovi,"Corso Vittorio Emanuele 57, 37121 Verona, VR, Veneto, Italia",45.3164013,10.9411072,"Corso Vittorio Emanuele, Vigasio, Verona, Veneto, 37068, Italia",TROVATO,nominatim
,,RAGION_X,AGXXX,FR0XX,Via Trento 139,Sacile,33077,PN,Friuli Venezia Giulia,,Nord,Nuovi,"Via Trento 139, 33077 Sacile, PN, Friuli Venezia Giulia, Italia",45.9548046,12.5034415,"Sacile, Pordenone / Pordenon, Friuli-Venezia Giulia, 33077, Italia",TROVATO_COMUNE,nominatim
,,RAGION_X,AGXXX,FR0XX,Via della Repubblica 18,Siena,53100,SI,Toscana,,Centro,Nuovi,"Via della Repubblica 18, 53100 Siena, SI, Toscana, Italia",43.3462082,11.2815792,"Via della Repubblica, San Martino, Monteriggioni, Siena, Toscana, 53035, Italia",TROVATO,nominatim
,,RAGION_X,AGXXX,FR0XX,Via Torino 30,Bolzano,39100,BZ,Trentino-Alto Adige,,Nord,Nuovi,"Via Torino 30, 39100 Bolzano, BZ, Trentino-Alto Adige, Italia",46.4910962,11.339192,"Via Torino - Turinstraße, Europa-Novacella - Europa-Neustift, Bolzano - Bozen, Trentino-Alto Adige/Südtirol, 39100, Italia",TROVATO,nominatim
,,RAGION_X,AGXXX,FR0XX,Via Venezia 146,Siracusa,96100,SR,Sicilia,,Sud,Nuovi,"Via Venezia 146, 96100 Siracusa, SR, Sicilia, Italia",37.0741862,15.2935543,"Via Venezia, Santa Lucia, Siracusa, Sicilia, 96100, Italia",TROVATO,nominatim
,,RAGION_X,AGXXX,FR0XX,Via Nazionale 29,Foligno,06034,PG,Umbria,,Centro,Nuovi,"Via Nazionale 29, 06034 Foligno, PG, Umbria, Italia",42.9559744,12.7034782,"Foligno, Perugia, Umbria, 06034, Italia",TROVATO_COMUNE,nominatim
,,RAGION_X,AGXXX,FR0XX,Via XX Settembre 185,Vercelli,13100,VC,Piemonte,,Nord,Nuovi,"Via XX Settembre 185, 13100 Vercelli, VC, Piemonte, Italia",45.3222755,8.4191072,"Via Venti Settembre, Monrosa, Centro, Vercelli, Piemonte, 13100, Italia",TROVATO,nominatim
,,RAGION_X,AGXXX,FR0XX,Via Giuseppe Mazzini 157,Sesto San Giovanni,20099,MI,Lombardia,,Nord,Nuovi,"Via Giuseppe Mazzini 157, 20099 Sesto San Giovanni, MI, Lombardia, Italia",45.5377916,9.2441769,"Via Giuseppe Mazzini, Restellone, Sesto San Giovanni, Zona Omogenea Milano Nord, Milano, Lombardia, 20099, Italia",TROVATO,nominatim
,,RAGION_X,AGXXX,FR0XX,Via Giuseppe Garibaldi 139,Conegliano,31015,TV,Veneto,,Nord,Nuovi,"Via Giuseppe Garibaldi 139, 31015 Conegliano, TV, Veneto, Italia",45.88273,12.2930185,"Via Giuseppe Garibaldi, Monticella, Parè, Conegliano, Treviso, Veneto, 31015, Italia",TROVATO,nominatim
,,RAGION_X,AGXXX,FR0XX,Via Trento 16,Ravenna,48121,RA,Emilia-Romagna,,Nord,Nuovi,"Via Trento 16, 48121 Ravenna, RA, Emilia-Romagna, Italia",44.4124593,12.2085952,"16, Via Trento, San Rocco, Ravenna, Emilia-Romagna, 48121, Italia",TROVATO,nominatim
,,RAGION_X,AGXXX,FR0XX,Via Bologna 202,Sanremo,18038,IM,Liguria,,Nord,Nuovi,"Via Bologna 202, 18038 Sanremo, IM, Liguria, Italia",43.8362985,7.7772658,"Sanremo, Provincia di Imperia, Liguria, 18034, Italia",TROVATO_COMUNE,nominatim
,,RAGION_X,AGXXX,FR0XX,Via XX Settembre 19,Molfetta,70056,BA,Puglia,,Sud,Nuovi,"Via XX Settembre 19, 70056 Molfetta, BA, Puglia, Italia",41.2005354,16.6002187,"Via Venti Settembre, Villaggio Belgiovine, Molfetta, Bari, Puglia, 70056, Italia",TROVATO,nominatim
,,RAGION_X,AGXXX,FR0XX,Piazza Cavour 121,Viareggio,55049,LU,Toscana,,Centro,Nuovi,"Piazza Cavour 121, 55049 Viareggio, LU, Toscana, Italia",43.8707102,10.2476271,"Piazza Cavour, Fontanini, Viareggio, Unione dei comuni della Versilia, Lucca, Toscana, 55043, Italia",TROVATO,nominatim
,,RAGION_X,AGXXX,FR0XX,Corso Vittorio Emanuele 77,Rovigo,45100,RO,Veneto,,Nord,Nuovi,"Corso Vittorio Emanuele 77, 45100 Rovigo, RO, Veneto, Italia",45.056096,12.0558921,"Corso Vittorio Emanuele II, Borgo Dolomiti, Adria, Rovigo, Veneto, 45011, Italia",TROVATO,nominatim
,,RAGION_X,AGXXX,FR0XX,Via Giacomo Matteotti 167,Trento,38122,TN,Trentino-Alto Adige,,Nord,Nuovi,"Via Giacomo Matteotti 167, 38122 Trento, TN, Trentino-Alto Adige, Italia",46.0572177,11.1245601,"Via Giacomo Matteotti, San Giuseppe, San Giuseppe - Santa Chiara, Villazzano, Trento, Territorio Val d'Adige, Provincia di Trento, Trentino-Alto Adige/Südtirol, 38122, Italia",TROVATO,nominatim
,,RAGION_X,AGXXX,FR0XX,Piazza Garibaldi 197,Avellino,83100,AV,Campania,,Sud,Nuovi,"Piazza Garibaldi 197, 83100 Avellino, AV, Campania, Italia",40.8869373,14.8195324,"Piazza Garibaldi, Carpine, Aiello del Sabato, Avellino, Campania, 83042, Italia",TROVATO,nominatim
,,RAGION_X,AGXXX,FR0XX,Via Giuseppe Mazzini 87,Cinisello Balsamo,20092,MI,Lombardia,,Nord,Nuovi,"Via Giuseppe Mazzini 87, 20092 Cinisello Balsamo, MI, Lombardia, Italia",45.5542116,9.2112656,"Via Giuseppe Mazzini, Cinisello, Cinisello Balsamo, Zona Omogenea Milano Nord, Milano, Lombardia, 20092, Italia",TROVATO,nominatim
,,RAGION_X,AGXXX,FR0XX,Via Dante Alighieri 73,Prato,59100,PO,Toscana,,Centro,Nuovi,"Via Dante Alighieri 73, 59100 Prato, PO, Toscana, Italia",43.9253818,11.0380312,"Via Dante Alighieri, Bagnolo, Montemurlo, Prato, Toscana, 59013, Italia",TROVATO,nominatim
,,RAGION_X,AGXXX,FR0XX,Corso Vittorio Emanuele 155,Como,22100,CO,Lombardia,,Nord,Nuovi,"Corso Vittorio Emanuele 155, 22100 Como, CO, Lombardia, Italia",45.8115623,9.0830353,"Como, Lombardia, 22100, Italia",TROVATO_COMUNE,nominatim
,,RAGION_X,AGXXX,FR0XX,Via Milano 142,Cremona,26100,CR,Lombardia,,Nord,Nuovi,"Via Milano 142, 26100 Cremona, CR, Lombardia, Italia",45.1497943,9.9603532,"Via Milano, Cavatigozzi, Cremona, Lombardia, 26100, Italia",TROVATO,nominatim
,,RAGION_X,AGXXX,FR0XX,Via XX Settembre 35,Avellino,83100,AV,Campania,,Sud,Nuovi,"Via XX Settembre 35, 83100 Avellino, AV, Campania, Italia",41.008157,14.9913706,"Via Venti Settembre, Sant'Angelo all'Esca, Avellino, Campania, Italia",TROVATO,nominatim
,,RAGION_X,AGXXX,FR0XX,Via Alessandro Manzoni 189,Campobasso,86100,CB,Molise,,Sud,Nuovi,"Via Alessandro Manzoni 189, 86100 Campobasso, CB, Molise, Italia",41.7103129,14.9891572,"Via Alessandro Manzoni, Santa Croce di Magliano, Campobasso, Molise, 86047, Italia",TROVATO,nominatim
,,RAGION_X,AGXXX,FR0XX,Via Venezia 157,Marsala,91025,TP,Sicilia,,Sud,Nuovi,"Via Venezia 157, 91025 Marsala, TP, Sicilia, Italia",37.7979221,12.4342091,"Marsala, Trapani, Sicilia, 91025, Italia",TROVATO_COMUNE,nominatim
,,RAGION_X,AGXXX,FR0XX,Via Giacomo Matteotti 136,Benevento,82100,BN,Campania,,Sud,Nuovi,"Via Giacomo Matteotti 136, 82100 Benevento, BN, Campania, Italia",41.1470299,14.7041545,"Via Giacomo Matteotti, Castelpoto, Benevento, Campania, 82038, Italia",TROVATO,nominatim
,,RAGION_X,AGXXX,FR0XX,Via Alessandro Manzoni 30,Vibo Valentia,89900,VV,Calabria,,Sud,Nuovi,"Via Alessandro Manzoni 30, 89900 Vibo Valentia, VV, Calabria, Italia",38.6755206,16.0946083,"Via Alessandro Manzoni, Vibo Valentia, Calabria, 89853, Italia",TROVATO,nominatim
,,RAGION_X,AGXXX,FR0XX,Via Venezia 148,Nuoro,08100,NU,Sardegna,,Sud,Nuovi,"Via Venezia 148, 08100 Nuoro, NU, Sardegna, Italia",40.2820713,9.401868,"Via Venezia, Ulìana/Oliena, Nuoro, Sardigna/Sardegna, 08025, Italia",TROVATO,nominatim
,,RAGION_X,AGXXX,FR0XX,Corso Vittorio Emanuele 89,Lecco,23900,LC,Lombardia,,Nord,Nuovi,"Corso Vittorio Emanuele 89, 23900 Lecco, LC, Lombardia, Italia",45.8553764,9.389605,"Lecco, Lombardia, 23900, Italia",TROVATO_COMUNE,nominatim
,,RAGION_X,AGXXX,FR0XX,Corso Vittorio Emanuele 203,Roma,00184,RM,Lazio,,Centro,Nuovi,"Corso Vittorio Emanuele 203, 00184 Roma, RM, Lazio, Italia",41.8973881,12.4710844,"Welcome to Rome, 203, Corso Vittorio Emanuele Secondo, Parione, Municipio Roma I, Roma, Roma Capitale, Lazio, 00186, Italia",TROVATO,nominatim
,,RAGION_X,AGXXX,FR0XX,Via Giuseppe Mazzini 44,Viterbo,01100,VT,Lazio,,Centro,Nuovi,"Via Giuseppe Mazzini 44, 01100 Viterbo, VT, Lazio, Italia",42.4169196,12.1093089,"Via Giuseppe Mazzini, La Quercia, Viterbo, Lazio, 01100, Italia",TROVATO,nominatim
,,RAGION_X,AGXXX,FR0XX,Via Trieste 202,Mestre,30171,VE,Veneto,,Nord,Nuovi,"Via Trieste 202, 30171 Mestre, VE, Veneto, Italia",45.4798338,12.1953093,"Via Trieste, Giotto Sud, Chirignago-Zelarino, Chirignago, Venezia, Veneto, 30175, Italia",TROVATO,nominatim
,,RAGION_X,AGXXX,FR0XX,Via della Repubblica 129,L'Aquila,67100,AQ,Abruzzo,,Sud,Nuovi,"Via della Repubblica 129, 67100 L'Aquila, AQ, Abruzzo, Italia",42.5237423,13.2972073,"Via della Repubblica, Mopolino, Capitignano, L'Aquila, Abruzzo, 67014, Italia",TROVATO,nominatim
,,RAGION_X,AGXXX,FR0XX,Via Milano 12,Foggia,71121,FG,Puglia,,Sud,Nuovi,"Via Milano 12, 71121 Foggia, FG, Puglia, Italia",41.3276768,15.7026944,"Via Milano, Orta Nova, Foggia, Puglia, 71045, Italia",TROVATO,nominatim
,,RAGION_X,AGXXX,FR0XX,Via Leonardo da Vinci 50,Campobasso,86100,CB,Molise,,Sud,Nuovi,"Via Leonardo da Vinci 50, 86100 Campobasso, CB, Molise, Italia",41.5415093,14.6654557,"Via Leonardo da Vinci, San Giacomo, Ferrazzano, Campobasso, Molise, 86010, Italia",TROVATO,nominatim
,,RAGION_X,AGXXX,FR0XX,Via Leonardo da Vinci 162,Trieste,34121,TS,Friuli Venezia Giulia,,Nord,Nuovi,"Via Leonardo da Vinci 162, 34121 Trieste, TS, Friuli Venezia Giulia, Italia",45.6496485,13.7772781,"Trieste, Friuli-Venezia Giulia, 34121-34151, Italia",TROVATO_COMUNE,nominatim
,,RAGION_X,AGXXX,FR0XX,Via Vittorio Emanuele II 98,Novara,28100,NO,Piemonte,,Nord,Nuovi,"Via Vittorio Emanuele II 98, 28100 Novara, NO, Piemonte, Italia",45.6899349,8.4232503,"Farmacia Sartore, 98, Via Vittorio Emanuele Secondo, Santa Caterina, Maggiora, Novara, Piemonte, 28014, Italia",TROVATO,nominatim
,,RAGION_X,AGXXX,FR0XX,Piazza Cavour 24,Carbonia,09013,SU,Sardegna,,Sud,Nuovi,"Piazza Cavour 24, 09013 Carbonia, SU, Sardegna, Italia",39.165332,8.527834,"Carbonia, Sulcis Iglesiente, Sardigna/Sardegna, 09013, Italia",TROVATO_COMUNE,nominatim
,,RAGION_X,AGXXX,FR0XX,Corso Italia 85,Cosenza,87100,CS,Calabria,,Sud,Nuovi,"Corso Italia 85, 87100 Cosenza, CS, Calabria, Italia",39.3511015,16.2287082,"Strada Statale 107 Silana Crotonese, Quattromiglia, Rende, Cosenza, Calabria, 87036, Italia",TROVATO,nominatim
,,RAGION_X,AGXXX,FR0XX,Via Leonardo da Vinci 55,Sondrio,23100,SO,Lombardia,,Nord,Nuovi,"Via Leonardo da Vinci 55, 23100 Sondrio, SO, Lombardia, Italia",46.1611962,9.7545847,"Via Leonardo da Vinci, Polaggia, Berbenno di Valtellina, Comunità montana della Valtellina di Sondrio, Sondrio, Lombardia, 23010, Italia",TROVATO,nominatim
,,RAGION_X,AGXXX,FR0XX,Via Guglielmo Marconi 53,Afragola,80021,,Campania,,Sud,Nuovi,"Via Guglielmo Marconi 53, 80021 Afragola, , Campania, Italia",40.926012,14.310831,"Afragola, Napoli, Campania, 80021, Italia",TROVATO_COMUNE,nominatim
,,RAGION_X,AGXXX,FR0XX,Via Guglielmo Marconi 48,Treviso,31100,TV,Veneto,,Nord,Nuovi,"Via Guglielmo Marconi 48, 31100 Treviso, TV, Veneto, Italia",45.6746381,12.2538628,"48, Via Guglielmo Marconi, Santa Maria del Rovere, Treviso, Veneto, 31100, Italia",TROVATO,nominatim
,,RAGION_X,AGXXX,FR0XX,Via Leonardo da Vinci 90,Siracusa,96100,SR,Sicilia,,Sud,Nuovi,"Via Leonardo da Vinci 90, 96100 Siracusa, SR, Sicilia, Italia",37.0897777,15.1576932,"Via Leonardo da Vinci, Taverna, Floridia, Siracusa, Sicilia, 96014, Italia",TROVATO,nominatim
,,RAGION_X,AGXXX,FR0XX,Piazza Cavour 206,Aversa,81031,CE,Campania,,Sud,Nuovi,"Piazza Cavour 206, 81031 Aversa, CE, Campania, Italia",40.973212,14.204928,"Aversa, Caserta, Campania, 81031, Italia",TROVATO_COMUNE,nominatim
,,RAGION_X,AGXXX,FR0XX,Via Firenze 10,Bologna,40121,BO,Emilia-Romagna,,Nord,Nuovi,"Via Firenze 10, 40121 Bologna, BO, Emilia-Romagna, Italia",44.4706041,11.3862078,"10, Via Firenze, Cavedone, Savena, Bologna, Emilia-Romagna, 40139, Italia",TROVATO,nominatim
,,RAGION_X,AGXXX,FR0XX,Via Giuseppe Mazzini 95,Imola,40026,BO,Emilia-Romagna,,Nord,Nuovi,"Via Giuseppe Mazzini 95, 40026 Imola, BO, Emilia-Romagna, Italia",44.3522989,11.7133772,"Via Giuseppe Mazzini, Centro, Imola, Nuovo Circondario Imolese, Bologna, Emilia-Romagna, 40026, Italia",TROVATO,nominatim
,,RAGION_X,AGXXX,FR0XX,Corso Vittorio Emanuele 188,Marano di Napoli,80016,,Campania,,Sud,Nuovi,"Corso Vittorio Emanuele 188, 80016 Marano di Napoli, , Campania, Italia",40.8959732,14.1870983,"Corso Vittorio Emanuele, Marano di Napoli, Napoli, Campania, 80016, Italia",TROVATO,nominatim
,,RAGION_X,AGXXX,FR0XX,Via Roma 3,Cremona,26100,CR,Lombardia,,Nord,Nuovi,"Via Roma 3, 26100 Cremona, CR, Lombardia, Italia",45.3543076,9.8366925,"3, Via Roma, Cumignano sul Naviglio, Cremona, Lombardia, 26020, Italia",TROVATO,nominatim
,,RAGION_X,AGXXX,FR0XX,Via Bologna 157,Anzio,00042,RM,Lazio,,Centro,Nuovi,"Via Bologna 157, 00042 Anzio, RM, Lazio, Italia",41.5029462,12.6234572,"Via Bologna, Lavinio Stazione, Anzio, Roma Capitale, Lazio, 00042, Italia",TROVATO,nominatim
,,RAGION_X,AGXXX,FR0XX,Corso Italia 180,Asti,14100,AT,Piemonte,,Nord,Nuovi,"Corso Italia 180, 14100 Asti, AT, Piemonte, Italia",44.900542,8.2068876,"Asti, Piemonte, 14100, Italia",TROVATO_COMUNE,nominatim
,,RAGION_X,AGXXX,FR0XX,Via Antonio Gramsci 48,Cosenza,87100,CS,Calabria,,Sud,Nuovi,"Via Antonio Gramsci 48, 87100 Cosenza, CS, Calabria, Italia",39.3057112,16.2514485,"Via Antonio Gramsci, Popilia, Cosenza, Calabria, 87100, Italia",TROVATO,nominatim
,,RAGION_X,AGXXX,FR0XX,Via della Repubblica 105,Avellino,83100,AV,Campania,,Sud,Nuovi,"Via della Repubblica 105, 83100 Avellino, AV, Campania, Italia",41.0094273,14.9587856,"Via della Repubblica, Taurasi, Avellino, Campania, 83038, Italia",TROVATO,nominatim
,,RAGION_X,AGXXX,FR0XX,Via Trieste 3,Matera,75100,MT,Basilicata,,Sud,Nuovi,"Via Trieste 3, 75100 Matera, MT, Basilicata, Italia",40.677976,16.5904162,"Via Trieste, Villa Longo, Grotta Pignata, Matera, Basilicata, 75100, Italia",TROVATO,nominatim
,,RAGION_X,AGXXX,FR0XX,Via Aldo Moro 204,Palermo,90133,PA,Sicilia,,Sud,Nuovi,"Via Aldo Moro 204, 90133 Palermo, PA, Sicilia, Italia",38.048025,13.3890889,"Via Aldo Moro, Belmonte Mezzagno, Palermo, Sicilia, 90031, Italia",TROVATO,nominatim
,,RAGION_X,AGXXX,FR0XX,Via Trento 165,Avellino,83100,AV,Campania,,Sud,Nuovi,"Via Trento 165, 83100 Avellino, AV, Campania, Italia",41.0203033,15.1070026,"Via Trento, Sturno, Terre dell’Ufita, Avellino, Campania, 83055, Italia",TROVATO,nominatim
,,RAGION_X,AGXXX,FR0XX,Via Dante Alighieri 207,Moncalieri,10024,TO,Piemonte,,Nord,Nuovi,"Via Dante Alighieri 207, 10024 Moncalieri, TO, Piemonte, Italia",45.0004614,7.6847543,"Moncalieri, Torino, Piemonte, 10024, Italia",TROVATO_COMUNE,nominatim
,,RAGION_X,AGXXX,FR0XX,Via San Francesco 15,Cagliari,09121,CA,Sardegna,,Sud,Nuovi,"Via San Francesco 15, 09121 Cagliari, CA, Sardegna, Italia",39.2430962,9.1910216,"15, Via San Francesco, Sant'Antonio, Quartu Sant'Aleni/Quartu Sant'Elena, Casteddu/Cagliari, Sardigna/Sardegna, 09045, Italia",TROVATO,nominatim
,,RAGION_X,AGXXX,FR0XX,Via Alessandro Manzoni 129,Perugia,06121,PG,Umbria,,Centro,Nuovi,"Via Alessandro Manzoni 129, 06121 Perugia, PG, Umbria, Italia",43.0900047,12.4325059,"Via Alessandro Manzoni, Ponte San Giovanni, Perugia, Umbria, 06087, Italia",TROVATO,nominatim
,,RAGION_X,AGXXX,FR0XX,Via della Repubblica 17,Treviso,31100,TV,Veneto,,Nord,Nuovi,"Via della Repubblica 17, 31100 Treviso, TV, Veneto, Italia",45.660778,12.2852027,"Via della Repubblica, Case Zorzi, Lanzago, Silea, Treviso, Veneto, 31057, Italia",TROVATO,nominatim
,,RAGION_X,AGXXX,FR0XX,Corso Italia 64,Trapani,91100,TP,Sicilia,,Sud,Nuovi,"Corso Italia 64, 91100 Trapani, TP, Sicilia, Italia",38.0150376,12.5127094,"Corso Italia, Il Palazzo, Trapani, Sicilia, 91100, Italia",TROVATO,nominatim
,,RAGION_X,AGXXX,FR0XX,Corso Vittorio Emanuele 153,Vibo Valentia,89900,VV,Calabria,,Sud,Nuovi,"Corso Vittorio Emanuele 153, 89900 Vibo Valentia, VV, Calabria, Italia",38.6739418,16.1006647,"Corso Vittorio Emanuele III, Carmine, Vibo Valentia, Calabria, 89900, Italia",TROVATO,nominatim
,,RAGION_X,AGXXX,FR0XX,Via Guglielmo Marconi 5,Acireale,95024,CT,Sicilia,,Sud,Nuovi,"Via Guglielmo Marconi 5, 95024 Acireale, CT, Sicilia, Italia",37.6127773,15.1658804,"Acireale, Catania, Sicilia, 95024, Italia",TROVATO_COMUNE,nominatim
,,RAGION_X,AGXXX,FR0XX,Via Nazionale 35,Velletri,00049,RM,Lazio,,Centro,Nuovi,"Via Nazionale 35, 00049 Velletri, RM, Lazio, Italia",41.6867015,12.7770433,"Velletri, Roma Capitale, Lazio, 00049, Italia",TROVATO_COMUNE,nominatim
,,RAGION_X,AGXXX,FR0XX,Piazza Garibaldi 206,Rapallo,16035,GE,Liguria,,Nord,Nuovi,"Piazza Garibaldi 206, 16035 Rapallo, GE, Liguria, Italia",44.3488242,9.2331302,"Piazza Giuseppe Garibaldi, Borzoli, San Michele di Pagana, Rapallo, Genova, Liguria, 16035, Italia",TROVATO,nominatim
,,RAGION_X,AGXXX,FR0XX,Via San Francesco 131,Nuoro,08100,NU,Sardegna,,Sud,Nuovi,"Via San Francesco 131, 08100 Nuoro, NU, Sardegna, Italia",40.3180605,9.3333693,"Via San Francesco, Seuna, Nùgoro/Nuoro, Nuoro, Sardigna/Sardegna, 08100, Italia",TROVATO,nominatim
,,RAGION_X,AGXXX,FR0XX,Corso Italia 32,Legnano,20025,MI,Lombardia,,Nord,Nuovi,"Corso Italia 32, 20025 Legnano, MI, Lombardia, Italia",45.5963761,8.9157164,"Centro Diagnostico Italiano, 32, Corso Italia, San Domenico, Oltresempione, Legnano, Milano, Lombardia, 20025, Italia",TROVATO,nominatim
,,RAGION_X,AGXXX,FR0XX,Via della Repubblica 144,Massa,54100,MS,Toscana,,Centro,Nuovi,"Via della Repubblica 144, 54100 Massa, MS, Toscana, Italia",44.1769622,9.9241884,"Via Della Repubblica, Albiano Magra, Bettola, Caprigliola, Aulla, Unione di comuni Montana Lunigiana, Massa-Carrara, Toscana, 54011, Italia",TROVATO,nominatim
,,RAGION_X,AGXXX,FR0XX,Via Alessandro Manzoni 111,Manfredonia,71043,FG,Puglia,,Sud,Nuovi,"Via Alessandro Manzoni 111, 71043 Manfredonia, FG, Puglia, Italia",41.6254728,15.9095926,"Manfredonia, Foggia, Puglia, 71043, Italia",TROVATO_COMUNE,nominatim
,,RAGION_X,AGXXX,FR0XX,Via Milano 156,Asti,14100,AT,Piemonte,,Nord,Nuovi,"Via Milano 156, 14100 Asti, AT, Piemonte, Italia",44.8240376,8.2408743,"Via Milano, Vallumida, Montegrosso d'Asti, Asti, Piemonte, 14048, Italia",TROVATO,nominatim
,,RAGION_X,AGXXX,FR0XX,Via San Francesco 186,Marano di Napoli,80016,,Campania,,Sud,Nuovi,"Via San Francesco 186, 80016 Marano di Napoli, , Campania, Italia",40.89761,14.190528,"Marano di Napoli, Napoli, Campania, 80016, Italia",TROVATO_COMUNE,nominatim
,,RAGION_X,AGXXX,FR0XX,Via Giuseppe Garibaldi 103,Varese,21100,VA,Lombardia,,Nord,Nuovi,"Via Giuseppe Garibaldi 103, 21100 Varese, VA, Lombardia, Italia",45.8214992,8.833036,"Via Giuseppe Garibaldi, Biumo Inferiore, Varese, Lombardia, 21200, Italia",TROVATO,nominatim
,,RAGION_X,AGXXX,FR0XX,Via Bologna 23,Bressanone,39042,BZ,Trentino-Alto Adige,,Nord,Nuovi,"Via Bologna 23, 39042 Bressanone, BZ, Trentino-Alto Adige, Italia",46.716413,11.657792,"Brixen - Bressanone, Eisacktal - Valle Isarco, Bolzano - Bozen, Trentino-Alto Adige/Südtirol, 39042, Italia",TROVATO_COMUNE,nominatim
,,RAGION_X,AGXXX,FR0XX,Via San Francesco 172,Bressanone,39042,BZ,Trentino-Alto Adige,,Nord,Nuovi,"Via San Francesco 172, 39042 Bressanone, BZ, Trentino-Alto Adige, Italia",46.716413,11.657792,"Brixen - Bressanone, Eisacktal - Valle Isarco, Bolzano - Bozen, Trentino-Alto Adige/Südtirol, 39042, Italia",TROVATO_COMUNE,nominatim
,,RAGION_X,AGXXX,FR0XX,Via Camillo Cavour 69,Asti,14100,AT,Piemonte,,Nord,Nuovi,"Via Camillo Cavour 69, 14100 Asti, AT, Piemonte, Italia",44.8967816,8.2063572,"Via Camillo Cavour, Rione San Paolo, Asti, Piemonte, 14100, Italia",TROVATO,nominatim
,,RAGION_X,AGXXX,FR0XX,Via Giuseppe Verdi 84,Cerignola,71042,FG,Puglia,,Sud,Nuovi,"Via Giuseppe Verdi 84, 71042 Cerignola, FG, Puglia, Italia",41.2661494,15.8979896,"Via Giuseppe Verdi, Cerignola, Foggia, Puglia, 71042, Italia",TROVATO,nominatim
,,RAGION_X,AGXXX,FR0XX,Via Aldo Moro 48,Cosenza,87100,CS,Calabria,,Sud,Nuovi,"Via Aldo Moro 48, 87100 Cosenza, CS, Calabria, Italia",39.3082067,16.2490332,"Via Aldo Moro, Città 2000, Cosenza, Calabria, 87100, Italia",TROVATO,nominatim
,,RAGION_X,AGXXX,FR0XX,Via Goffredo Mameli 144,Caserta,81100,CE,Campania,,Sud,Nuovi,"Via Goffredo Mameli 144, 81100 Caserta, CE, Campania, Italia",41.0567937,14.3322068,"Via Goffredo Mameli, San Nicola la Strada, San Nicola La Strada, Caserta, Campania, 81020, Italia",TROVATO,nominatim
,,RAGION_X,AGXXX,FR0XX,Via Camillo Cavour 9,Sanremo,18038,IM,Liguria,,Nord,Nuovi,"Via Camillo Cavour 9, 18038 Sanremo, IM, Liguria, Italia",43.8362985,7.7772658,"Sanremo, Provincia di Imperia, Liguria, 18034, Italia",TROVATO_COMUNE,nominatim
,,RAGION_X,AGXXX,FR0XX,Via Giuseppe Mazzini 116,Pistoia,51100,PT,Toscana,,Centro,Nuovi,"Via Giuseppe Mazzini 116, 51100 Pistoia, PT, Toscana, Italia",43.9327887,10.9051784,"Via Giuseppe Mazzini, Pontelungo, Pistoia, Toscana, 51100, Italia",TROVATO,nominatim
,,RAGION_X,AGXXX,FR0XX,Via Venezia 137,Avezzano,67051,AQ,Abruzzo,,Sud,Nuovi,"Via Venezia 137, 67051 Avezzano, AQ, Abruzzo, Italia",42.0587367,13.4756343,"Via Venezia, San Pelino, Avezzano, L'Aquila, Abruzzo, 67051, Italia",TROVATO,nominatim
,,RAGION_X,AGXXX,FR0XX,Via Nazionale 90,Varese,21100,VA,Lombardia,,Nord,Nuovi,"Via Nazionale 90, 21100 Varese, VA, Lombardia, Italia",45.817549,8.8263532,"Varese, Lombardia, Italia",TROVATO_COMUNE,nominatim
,,RAGION_X,AGXXX,FR0XX,Piazza Garibaldi 123,Teramo,64100,TE,Abruzzo,,Sud,Nuovi,"Piazza Garibaldi 123, 64100 Teramo, TE, Abruzzo, Italia",42.8560797,13.8201676,"Piazza Garibaldi, Centro storico, San Venanzo I, Controguerra, Unione dei Comuni della Val Vibrata, Teramo, Abruzzo, 64010, Italia",TROVATO,nominatim
,,RAGION_X,AGXXX,FR0XX,Via Alessandro Manzoni 106,Lecce,73100,LE,Puglia,,Sud,Nuovi,"Via Alessandro Manzoni 106, 73100 Lecce, LE, Puglia, Italia",40.3606541,18.1743532,"Via Alessandro Manzoni, Lecce, Puglia, 73100, Italia",TROVATO,nominatim
,,RAGION_X,AGXXX,FR0XX,Via XX Settembre 163,Barletta,76121,BT,Puglia,,Sud,Nuovi,"Via XX Settembre 163, 76121 Barletta, BT, Puglia, Italia",41.3177526,16.2757862,"Via Venti Settembre, Centro, Barletta, Barletta-Andria-Trani, Puglia, 76121, Italia",TROVATO,nominatim
,,RAGION_X,AGXXX,FR0XX,Via Aldo Moro 133,Fano,61032,PU,Marche,,Centro,Nuovi,"Via Aldo Moro 133, 61032 Fano, PU, Marche, Italia",43.8388023,13.0016486,"Via Aldo Moro, Fanfani, Trave, Centinarola, Fano, Pesaro e Urbino, Marche, 61032, Italia",TROVATO,nominatim
,,RAGION_X,AGXXX,FR0XX,Via Leonardo da Vinci 94,Oristano,09170,OR,Sardegna,,Sud,Nuovi,"Via Leonardo da Vinci 94, 09170 Oristano, OR, Sardegna, Italia",39.9076749,8.601671,"Via Leonardo da Vinci, Palazzi Saia, Sibì/Silì, Aristanis/Oristano, Sardigna/Sardegna, 09170, Italia",TROVATO,nominatim
,,RAGION_X,AGXXX,FR0XX,Via Firenze 196,Firenze,50121,FI,Toscana,,Centro,Nuovi,"Via Firenze 196, 50121 Firenze, FI, Toscana, Italia",43.8437097,11.2002306,"Via Firenze, Borgo Tantola, Querceto, Sesto Fiorentino, Firenze, Toscana, 50019, Italia",TROVATO,nominatim
,,RAGION_X,AGXXX,FR0XX,Via Goffredo Mameli 106,Chioggia,30015,VE,Veneto,,Nord,Nuovi,"Via Goffredo Mameli 106, 30015 Chioggia, VE, Veneto, Italia",45.2179083,12.2270656,"Chioggia, Venezia, Veneto, 30015, Italia",TROVATO_COMUNE,nominatim
,,RAGION_X,AGXXX,FR0XX,Corso Italia 93,Conegliano,31015,TV,Veneto,,Nord,Nuovi,"Corso Italia 93, 31015 Conegliano, TV, Veneto, Italia",45.9037297,12.2653108,"Conegliano, Treviso, Veneto, 31015, Italia",TROVATO_COMUNE,nominatim
,,RAGION_X,AGXXX,FR0XX,Via Alessandro Manzoni 130,Verbania,28921,VB,Piemonte,,Nord,Nuovi,"Via Alessandro Manzoni 130, 28921 Verbania, VB, Piemonte, Italia",45.9221656,8.5519058,"Via Alessandro Manzoni, Pallanza, Verbania, Verbano-Cusio-Ossola, Piemonte, 28922, Italia",TROVATO,nominatim
,,RAGION_X,AGXXX,FR0XX,Via Antonio Gramsci 186,Rivoli,10098,TO,Piemonte,,Nord,Nuovi,"Via Antonio Gramsci 186, 10098 Rivoli, TO, Piemonte, Italia",45.0697151,7.5176764,"Rivoli, Torino, Piemonte, 10098, Italia",TROVATO_COMUNE,nominatim
,,RAGION_X,AGXXX,FR0XX,Via Giacomo Matteotti 34,Bisceglie,76011,BT,Puglia,,Sud,Nuovi,"Via Giacomo Matteotti 34, 76011 Bisceglie, BT, Puglia, Italia",41.2405305,16.5000296,"Via Giacomo Matteotti, Bisceglie, Barletta-Andria-Trani, Puglia, 76011, Italia",TROVATO,nominatim
,,RAGION_X,AGXXX,FR0XX,Via XX Settembre 70,Udine,33100,UD,Friuli Venezia Giulia,,Nord,Nuovi,"Via XX Settembre 70, 33100 Udine, UD, Friuli Venezia Giulia, Italia",46.1055939,13.213563,"Via Venti Settembre, Feletto Umberto / Felet, Colugna / Culugne, Tavagnacco, Udine / Udin / Videm, Friuli-Venezia Giulia, 33010, Italia",TROVATO,nominatim
,,RAGION_X,AGXXX,FR0XX,Via Torino 94,Senigallia,60019,AN,Marche,,Centro,Nuovi,"Via Torino 94, 60019 Senigallia, AN, Marche, Italia",43.7036897,13.2210792,"Via Torino, Portone, Borgo Molino, Senigallia, Ancona, Marche, 60019, Italia",TROVATO,nominatim
,,RAGION_X,AGXXX,FR0XX,Via Giuseppe Mazzini 39,Grosseto,58100,GR,Toscana,,Centro,Nuovi,"Via Giuseppe Mazzini 39, 58100 Grosseto, GR, Toscana, Italia",42.9259091,10.7572368,"39, Via Giuseppe Mazzini, Chiesa, Follonica, Grosseto, Toscana, 58022, Italia",TROVATO,nominatim
,,RAGION_X,AGXXX,FR0XX,Piazza Cavour 147,Chieti,66100,CH,Abruzzo,,Sud,Nuovi,"Piazza Cavour 147, 66100 Chieti, CH, Abruzzo, Italia",42.3446529,14.1659738,"Chieti, Abruzzo, 66100, Italia",TROVATO_COMUNE,nominatim
,,RAGION_X,AGXXX,FR0XX,Via Guglielmo Marconi 157,Brescia,25121,BS,Lombardia,,Nord,Nuovi,"Via Guglielmo Marconi 157, 25121 Brescia, BS, Lombardia, Italia",45.550143,10.2229401,"Via Guglielmo Marconi, Borgo Trento, Zona Nord, Brescia, Lombardia, 25128, Italia",TROVATO,nominatim
,,RAGION_X,AGXXX,FR0XX,Via Roma 43,Sassari,07100,SS,Sardegna,,Sud,Nuovi,"Via Roma 43, 07100 Sassari, SS, Sardegna, Italia",40.7239012,8.5651525,"43, Via Roma, Cappuccini, Tàttari/Sassari, Sardigna/Sardegna, 07100, Italia",TROVATO,nominatim
,,RAGION_X,AGXXX,FR0XX,Piazza Cavour 215,Pordenone,33170,PN,Friuli Venezia Giulia,,Nord,Nuovi,"Piazza Cavour 215, 33170 Pordenone, PN, Friuli Venezia Giulia, Italia",45.9586403,12.6584612,"Piazza Cavour, San Giorgio, Borgo Meduna / Borc de Midune, Pordenone / Pordenon, Friuli-Venezia Giulia, 33170, Italia",TROVATO,nominatim
,,RAGION_X,AGXXX,FR0XX,Via Venezia 67,Battipaglia,84091,SA,Campania,,Sud,Nuovi,"Via Venezia 67, 84091 Battipaglia, SA, Campania, Italia",40.613641,14.9753522,"Via Venezia, Serroni, Rione Serroni, Battipaglia, Salerno, Campania, 84091, Italia",TROVATO,nominatim
,,RAGION_X,AGXXX,FR0XX,Via Trento 30,Cerignola,71042,FG,Puglia,,Sud,Nuovi,"Via Trento 30, 71042 Cerignola, FG, Puglia, Italia",41.2641052,15.9067733,"Via Trento, Cerignola, Foggia, Puglia, 71042, Italia",TROVATO,nominatim
,,RAGION_X,AGXXX,FR0XX,Via Aldo Moro 137,Vicenza,36100,VI,Veneto,,Nord,Nuovi,"Via Aldo Moro 137, 36100 Vicenza, VI, Veneto, Italia",45.5376441,11.5879877,"Via Aldo Moro, La Stanga, Campedello, Vicenza, Veneto, 36100, Italia",TROVATO,nominatim
,,RAGION_X,AGXXX,FR0XX,Via Trento 155,Viterbo,01100,VT,Lazio,,Centro,Nuovi,"Via Trento 155, 01100 Viterbo, VT, Lazio, Italia",42.5358104,12.0286108,"Via Trento, Le Mosse, Le Coste, Montefiascone, Viterbo, Lazio, 01027, Italia",TROVATO,nominatim
,,RAGION_X,AGXXX,FR0XX,Via Antonio Gramsci 7,Torino,10121,TO,Piemonte,,Nord,Nuovi,"Via Antonio Gramsci 7, 10121 Torino, TO, Piemonte, Italia",45.0649282,7.6801328,"7, Via Antonio Gramsci, Centro, Circoscrizione 1, Torino, Piemonte, 10121, Italia",TROVATO,nominatim
,,RAGION_X,AGXXX,FR0XX,Via Cesare Battisti 199,Guidonia Montecelio,00012,RM,Lazio,,Centro,Nuovi,"Via Cesare Battisti 199, 00012 Guidonia Montecelio, RM, Lazio, Italia",41.9652888,12.7583924,"Via Cesare Battisti, Le Sprete, Villanova, Guidonia Montecelio, Roma Capitale, Lazio, 00010, Italia",TROVATO,nominatim
,,RAGION_X,AGXXX,FR0XX,Via Nazionale 91,Asti,14100,AT,Piemonte,,Nord,Nuovi,"Via Nazionale 91, 14100 Asti, AT, Piemonte, Italia",44.9012027,8.1121797,"Via Nazionale, Bramairate, Asti, Piemonte, 14011, Italia",TROVATO,nominatim
,,RAGION_X,AGXXX,FR0XX,Piazza Cavour 172,Treviglio,24047,BG,Lombardia,,Nord,Nuovi,"Piazza Cavour 172, 24047 Treviglio, BG, Lombardia, Italia",45.5339851,9.5972901,"Treviglio, Bergamo, Lombardia, 24047, Italia",TROVATO_COMUNE,nominatim
,,RAGION_X,AGXXX,FR0XX,Via Giuseppe Verdi 133,Sesto Fiorentino,50019,FI,Toscana,,Centro,Nuovi,"Via Giuseppe Verdi 133, 50019 Sesto Fiorentino, FI, Toscana, Italia",43.8320344,11.2002654,"133, Via Giuseppe Verdi, Zambra, Sesto Fiorentino, Firenze, Toscana, 50019, Italia",TROVATO,nominatim
,,RAGION_X,AGXXX,FR0XX,Via Firenze 99,Gorizia,34170,GO,Friuli Venezia Giulia,,Nord,Nuovi,"Via Firenze 99, 34170 Gorizia, GO, Friuli Venezia Giulia, Italia",45.7985693,13.5356326,"Via Firenze, Monfalcone, Gorizia / Gurize / Gorica, Friuli-Venezia Giulia, 34074, Italia",TROVATO,nominatim
,,RAGION_X,AGXXX,FR0XX,Piazza Cavour 148,Alessandria,15121,AL,Piemonte,,Nord,Nuovi,"Piazza Cavour 148, 15121 Alessandria, AL, Piemonte, Italia",45.0615201,8.5960756,"Piazza Cavour, Strada Madonna della Neve, Pomaro Monferrato, Alessandria, Piemonte, 15040, Italia",TROVATO,nominatim
,,RAGION_X,AGXXX,FR0XX,Via Giuseppe Mazzini 150,Chiavari,16043,GE,Liguria,,Nord,Nuovi,"Via Giuseppe Mazzini 150, 16043 Chiavari, GE, Liguria, Italia",44.3175701,9.3244561,"Chiavari, Genova, Liguria, 16043, Italia",TROVATO_COMUNE,nominatim
,,RAGION_X,AGXXX,FR0XX,Via Firenze 85,Matera,75100,MT,Basilicata,,Sud,Nuovi,"Via Firenze 85, 75100 Matera, MT, Basilicata, Italia",40.556077,16.6672465,"Via Firenze, Rione Marco Polo, Montescaglioso, Matera, Basilicata, 75024, Italia",TROVATO,nominatim
,,RAGION_X,AGXXX,FR0XX,Via Dante Alighieri 14,Perugia,06121,PG,Umbria,,Centro,Nuovi,"Via Dante Alighieri 14, 06121 Perugia, PG, Umbria, Italia",43.1180397,12.375852,"Via Dante Alighieri, Rimbocchi, Ponte d'Oddi, Sant'Erminio, Ponte Rio, Perugia, Umbria, 06122, Italia",TROVATO,nominatim
,,RAGION_X,AGXXX,FR0XX,Via Milano 142,Vercelli,13100,VC,Piemonte,,Nord,Nuovi,"Via Milano 142, 13100 Vercelli, VC, Piemonte, Italia",45.3484995,8.2534133,"Via Milano, San Germano Vercellese, Vercelli, Piemonte, 13047, Italia",TROVATO,nominatim
,,RAGION_X,AGXXX,FR0XX,Via Guglielmo Marconi 90,Marsala,91025,TP,Sicilia,,Sud,Nuovi,"Via Guglielmo Marconi 90, 91025 Marsala, TP, Sicilia, Italia",37.7979221,12.4342091,"Marsala, Trapani, Sicilia, 91025, Italia",TROVATO_COMUNE,nominatim
,,RAGION_X,AGXXX,FR0XX,Via Guglielmo Marconi 26,Modena,41121,MO,Emilia-Romagna,,Nord,Nuovi,"Via Guglielmo Marconi 26, 41121 Modena, MO, Emilia-Romagna, Italia",44.6422453,10.9085302,"26, Via Guglielmo Marconi, San Faustino, San Faustino-Madonnina-Quattroville, Modena, Emilia-Romagna, 41124, Italia",TROVATO,nominatim
,,RAGION_X,AGXXX,FR0XX,Via Camillo Cavour 198,Arezzo,52100,AR,Toscana,,Centro,Nuovi,"Via Camillo Cavour 198, 52100 Arezzo, AR, Toscana, Italia",43.4991274,11.6643861,"Via Camillo Benso Conte di Cavour, Montalto, Pergine Valdarno, Laterina Pergine Valdarno, Arezzo, Toscana, 52020, Italia",TROVATO,nominatim
,,RAGION_X,AGXXX,FR0XX,Corso Italia 130,Cesena,47521,FC,Emilia-Romagna,,Nord,Nuovi,"Corso Italia 130, 47521 Cesena, FC, Emilia-Romagna, Italia",44.136352,12.2422442,"Cesena, Unione dei comuni Valle del Savio, Forlì-Cesena, Emilia-Romagna, 47521-47522, Italia",TROVATO_COMUNE,nominatim
,,RAGION_X,AGXXX,FR0XX,Via Giuseppe Verdi 181,Siracusa,96100,SR,Sicilia,,Sud,Nuovi,"Via Giuseppe Verdi 181, 96100 Siracusa, SR, Sicilia, Italia",37.0789781,15.1598489,"Via Giuseppe Verdi, Floridia, Siracusa, Sicilia, 96014, Italia",TROVATO,nominatim
,,RAGION_X,AGXXX,FR0XX,Via Bologna 187,Cagliari,09121,CA,Sardegna,,Sud,Nuovi,"Via Bologna 187, 09121 Cagliari, CA, Sardegna, Italia",39.2084707,9.1270333,"Via Bologna, Bonaria, Casteddu/Cagliari, Sardigna/Sardegna, 09125, Italia",TROVATO,nominatim
,,RAGION_X,AGXXX,FR0XX,Via Leonardo da Vinci 119,Tivoli,00019,RM,Lazio,,Centro,Nuovi,"Via Leonardo da Vinci 119, 00019 Tivoli, RM, Lazio, Italia",41.960922,12.798884,"Tivoli, Roma Capitale, Lazio, Italia",TROVATO_COMUNE,nominatim
,,RAGION_X,AGXXX,FR0XX,Corso Vittorio Emanuele 7,Carpi,41012,MO,Emilia-Romagna,,Nord,Nuovi,"Corso Vittorio Emanuele 7, 41012 Carpi, MO, Emilia-Romagna, Italia",44.7835699,10.8854523,"Carpi, Unione delle Terre d'Argine, Modena, Emilia-Romagna, Italia",TROVATO_COMUNE,nominatim
,,RAGION_X,AGXXX,FR0XX,Via Giacomo Matteotti 19,Latina,04100,LT,Lazio,,Centro,Nuovi,"Via Giacomo Matteotti 19, 04100 Latina, LT, Lazio, Italia",41.5490135,12.9833418,"Via Giacomo Matteotti, Monticchio, Sermoneta, Latina, Lazio, 04013, Italia",TROVATO,nominatim
,,RAGION_X,AGXXX,FR0XX,Via Trento 7,Varese,21100,VA,Lombardia,,Nord,Nuovi,"Via Trento 7, 21100 Varese, VA, Lombardia, Italia",45.8400614,8.8319247,"Via Trento, San Paolo, Olona, Induno Olona, Comunità Montana del Piambello, Varese, Lombardia, 21056, Italia",TROVATO,nominatim
,,RAGION_X,AGXXX,FR0XX,Via Goffredo Mameli 173,Milano,20121,MI,Lombardia,,Nord,Nuovi,"Via Goffredo Mameli 173, 20121 Milano, MI, Lombardia, Italia",45.4664793,9.2130466,"Via Goffredo Mameli, XXII Marzo, Municipio 4, Milano, Rodano, Milano, Lombardia, 20129, Italia",TROVATO,nominatim
,,RAGION_X,AGXXX,FR0XX,Via Leonardo da Vinci 11,Pistoia,51100,PT,Toscana,,Centro,Nuovi,"Via Leonardo da Vinci 11, 51100 Pistoia, PT, Toscana, Italia",43.8710048,10.7894393,"11, Via Leonardo da Vinci, Porrione, Via Nova, Pieve a Nievole, Pistoia, Toscana, 51018, Italia",TROVATO,nominatim
,,RAGION_X,AGXXX,FR0XX,Via Torino 7,Sesto San Giovanni,20099,MI,Lombardia,,Nord,Nuovi,"Via Torino 7, 20099 Sesto San Giovanni, MI, Lombardia, Italia",45.5289086,9.2335878,"Via Torino, Isola del Bosco, Sesto San Giovanni, Zona Omogenea Milano Nord, Milano, Lombardia, 20099, Italia",TROVATO,nominatim
,,RAGION_X,AGXXX,FR0XX,Via Dante Alighieri 155,Ascoli Piceno,63100,AP,Marche,,Centro,Nuovi,"Via Dante Alighieri 155, 63100 Ascoli Piceno, AP, Marche, Italia",42.8534361,13.5792524,"Via Dante Alighieri, Sant'Emidio, Ascoli Piceno, Marche, 63100, Italia",TROVATO,nominatim
,,RAGION_X,AGXXX,FR0XX,Via Roma 218,Legnano,20025,MI,Lombardia,,Nord,Nuovi,"Via Roma 218, 20025 Legnano, MI, Lombardia, Italia",45.5977956,8.9124355,"Via Roma, Santi Martiri, San Domenico, Oltresempione, Legnano, Milano, Lombardia, 20025, Italia",TROVATO,nominatim
,,RAGION_X,AGXXX,FR0XX,Via Giuseppe Verdi 42,Bolzano,39100,BZ,Trentino-Alto Adige,,Nord,Nuovi,"Via Giuseppe Verdi 42, 39100 Bolzano, BZ, Trentino-Alto Adige, Italia",46.6784945,11.1588058,"42, Giuseppe-Verdi-Straße - Via Giuseppe Verdi, Musiker-Viertel - Rione Musicisti, Meran - Merano, Burggrafenamt - Burgraviato, Bolzano - Bozen, Trentino-Alto Adige/Südtirol, 39012, Italia",TROVATO,nominatim
,,RAGION_X,AGXXX,FR0XX,Via Alessandro Manzoni 30,Mestre,30171,VE,Veneto,,Nord,Nuovi,"Via Alessandro Manzoni 30, 30171 Mestre, VE, Veneto, Italia",45.5041192,12.251184,"Via Alessandro Manzoni, Carpenedo, Mestre-Carpenedo, Mestre, Venezia, Veneto, 30170, Italia",TROVATO,nominatim
,,RAGION_X,AGXXX,FR0XX,Via XX Settembre 154,Firenze,50121,FI,Toscana,,Centro,Nuovi,"Via XX Settembre 154, 50121 Firenze, FI, Toscana, Italia",43.7863032,11.2623116,"Via Venti Settembre, Quartiere 5, Firenze, Toscana, 50199, Italia",TROVATO,nominatim
,,RAGION_X,AGXXX,FR0XX,Corso Vittorio Emanuele 144,Torino,10121,TO,Piemonte,,Nord,Nuovi,"Corso Vittorio Emanuele 144, 10121 Torino, TO, Piemonte, Italia",45.0370263,7.8736363,"Corso Vittorio Emanuele, Andezeno, Torino, Piemonte, 10020, Italia",TROVATO,nominatim
,,RAGION_X,AGXXX,FR0XX,Via Venezia 199,Castellammare di Stabia,80053,,Campania,,Sud,Nuovi,"Via Venezia 199, 80053 Castellammare di Stabia, , Campania, Italia",40.7212451,14.4780056,"Via Venezia, Pioppaino, Castellammare di Stabia, Napoli, Campania, 80053, Italia",TROVATO,nominatim
,,RAGION_X,AGXXX,FR0XX,Via Roma 35,Vasto,66054,CH,Abruzzo,,Sud,Nuovi,"Via Roma 35, 66054 Vasto, CH, Abruzzo, Italia",42.1143455,14.7136439,"Via Roma, Trave, Centro storico, Vasto, Chieti, Abruzzo, 66054, Italia",TROVATO,nominatim
,,RAGION_X,AGXXX,FR0XX,Via Giuseppe Mazzini 149,Pordenone,33170,PN,Friuli Venezia Giulia,,Nord,Nuovi,"Via Giuseppe Mazzini 149, 33170 Pordenone, PN, Friuli Venezia Giulia, Italia",45.9571833,12.6556525,"Via Giuseppe Mazzini, San Giorgio, San Gregorio, Rorai Grande / Rorai Grant, Pordenone / Pordenon, Friuli-Venezia Giulia, 33170, Italia",TROVATO,nominatim
,,RAGION_X,AGXXX,FR0XX,Via Antonio Gramsci 82,Busto Arsizio,21052,VA,Lombardia,,Nord,Nuovi,"Via Antonio Gramsci 82, 21052 Busto Arsizio, VA, Lombardia, Italia",45.6146791,8.8576609,"Via Antonio Gramsci, San Giovanni, Busto Arsizio, Varese, Lombardia, 21052, Italia",TROVATO,nominatim
,,RAGION_X,AGXXX,FR0XX,Via Venezia 165,Rieti,02100,RI,Lazio,,Centro,Nuovi,"Via Venezia 165, 02100 Rieti, RI, Lazio, Italia",42.4025479,12.8605297,"Rieti, Lazio, 02100, Italia",TROVATO_COMUNE,nominatim
,,RAGION_X,AGXXX,FR0XX,Via Firenze 61,Sacile,33077,PN,Friuli Venezia Giulia,,Nord,Nuovi,"Via Firenze 61, 33077 Sacile, PN, Friuli Venezia Giulia, Italia",45.9548046,12.5034415,"Sacile, Pordenone / Pordenon, Friuli-Venezia Giulia, 33077, Italia",TROVATO_COMUNE,nominatim
,,RAGION_X,AGXXX,FR0XX,Via Antonio Gramsci 149,Pistoia,51100,PT,Toscana,,Centro,Nuovi,"Via Antonio Gramsci 149, 51100 Pistoia, PT, Toscana, Italia",43.8726384,10.7653949,"149, Via Antonio Gramsci, Biscolla, Traversagna, Massa e Cozzile, Pistoia, Toscana, 51010, Italia",TROVATO,nominatim
,,RAGION_X,AGXXX,FR0XX,Via XX Settembre 129,Quartu Sant'Elena,09045,CA,Sardegna,,Sud,Nuovi,"Via XX Settembre 129, 09045 Quartu Sant'Elena, CA, Sardegna, Italia",39.2387019,9.1841931,"Via Venti Settembre, Cepola, Quartu Sant'Aleni/Quartu Sant'Elena, Casteddu/Cagliari, Sardigna/Sardegna, 09045, Italia",TROVATO,nominatim
,,RAGION_X,AGXXX,FR0XX,Via Trieste 23,Gela,93012,CL,Sicilia,,Sud,Nuovi,"Via Trieste 23, 93012 Gela, CL, Sicilia, Italia",37.0670819,14.2470728,"Via Trieste, Quartiere Carnine, Gela, Caltanissetta, Sicilia, 93012, Italia",TROVATO,nominatim
,,RAGION_X,AGXXX,FR0XX,Via Roma 124,Pordenone,33170,PN,Friuli Venezia Giulia,,Nord,Nuovi,"Via Roma 124, 33170 Pordenone, PN, Friuli Venezia Giulia, Italia",45.8969071,12.6030549,"124, Via Roma, Prata di Pordenone / Prate, Prata di Pordenone, Pordenone / Pordenon, Friuli-Venezia Giulia, 33080, Italia",TROVATO,nominatim
,,RAGION_X,AGXXX,FR0XX,Via Giuseppe Garibaldi 160,Lodi,26900,LO,Lombardia,,Nord,Nuovi,"Via Giuseppe Garibaldi 160, 26900 Lodi, LO, Lombardia, Italia",45.3124819,9.5018811,"Via Giuseppe Garibaldi, Selvagreca, Revellino, Lodi, Lombardia, 26900, Italia",TROVATO,nominatim
,,RAGION_X,AGXXX,FR0XX,Corso Italia 214,Pisa,56121,PI,Toscana,,Centro,Nuovi,"Corso Italia 214, 56121 Pisa, PI, Toscana, Italia",43.7130569,10.4001653,"Corso Italia, Sant'Antonio, Magistratura di Sant'Antonio, San Martino, Pisa, Toscana, 56126, Italia",TROVATO,nominatim
,,RAGION_X,AGXXX,FR0XX,Via San Francesco 13,Macerata,62100,MC,Marche,,Centro,Nuovi,"Via San Francesco 13, 62100 Macerata, MC, Marche, Italia",43.281719,13.6382215,"13, Via San Francesco, Cave, Montecosaro Scalo, Montecosaro, Macerata, Marche, 62010, Italia",TROVATO,nominatim
,,RAGION_X,AGXXX,FR0XX,Via Firenze 57,Pozzuoli,80078,,Campania,,Sud,Nuovi,"Via Firenze 57, 80078 Pozzuoli, , Campania, Italia",40.822643,14.1219109,"Pozzuoli, Napoli, Campania, 80078, Italia",TROVATO_COMUNE,nominatim
,,RAGION_X,AGXXX,FR0XX,Via Firenze 164,La Spezia,19121,SP,Liguria,,Nord,Nuovi,"Via Firenze 164, 19121 La Spezia, SP, Liguria, Italia",44.1101997,9.8132731,"Via Firenze, Umberto I, Sarbia, La Spezia, Liguria, 19122, Italia",TROVATO,nominatim
,,RAGION_X,AGXXX,FR0XX,Via Trento 64,Bagheria,90011,PA,Sicilia,,Sud,Nuovi,"Via Trento 64, 90011 Bagheria, PA, Sicilia, Italia",38.0749034,13.5055215,"Via Trento, Lannari - Villarosa, Scalidda, Bagheria, Palermo, Sicilia, 90011, Italia",TROVATO,nominatim
,,RAGION_X,AGXXX,FR0XX,Via San Francesco 187,Lecco,23900,LC,Lombardia,,Nord,Nuovi,"Via San Francesco 187, 23900 Lecco, LC, Lombardia, Italia",45.7575253,9.4237044,"Via San Francesco, Aizurro, Airuno, Lecco, Lombardia, 23881, Italia",TROVATO,nominatim
,,RAGION_X,AGXXX,FR0XX,Corso Vittorio Emanuele 104,Monza,20900,MB,Lombardia,,Nord,Nuovi,"Corso Vittorio Emanuele 104, 20900 Monza, MB, Lombardia, Italia",45.5839532,9.2795782,"Tabaccheria del Corso, 36, Via Vittorio Emanuele Secondo, Centro, Monza, Monza e della Brianza, Lombardia, 20900, Italia",TROVATO_FALLBACK,nominatim
,,RAGION_X,AGXXX,FR0XX,Via Giuseppe Mazzini 156,Collegno,10093,TO,Piemonte,,Nord,Nuovi,"Via Giuseppe Mazzini 156, 10093 Collegno, TO, Piemonte, Italia",45.0796663,7.5737344,"Via Giuseppe Mazzini, Leumann, Collegno, Torino, Piemonte, 10093, Italia",TROVATO,nominatim
,,RAGION_X,AGXXX,FR0XX,Via Leonardo da Vinci 163,Forlì,47121,FC,Emilia-Romagna,,Nord,Nuovi,"Via Leonardo da Vinci 163, 47121 Forlì, FC, Emilia-Romagna, Italia",44.221303,12.0564459,"Via Leonardo da Vinci, Grandi Italiani, Quartiere Musicisti Grandi Italiani, Forlì, Unione di Comuni della Romagna Forlivese, Forlì-Cesena, Emilia-Romagna, 47100, Italia",TROVATO,nominatim
,,RAGION_X,AGXXX,FR0XX,Via Giuseppe Mazzini 119,Caserta,81100,CE,Campania,,Sud,Nuovi,"Via Giuseppe Mazzini 119, 81100 Caserta, CE, Campania, Italia",41.0733648,14.3313113,"Via Giuseppe Mazzini, Caserta, Aldifreda, Caserta, Campania, 81100, Italia",TROVATO,nominatim
,,RAGION_X,AGXXX,FR0XX,Via Nazionale 78,Olbia,07026,SS,Sardegna,,Sud,Nuovi,"Via Nazionale 78, 07026 Olbia, SS, Sardegna, Italia",40.7219767,8.5669667,"Via Olbia, Cappuccini, Tàttari/Sassari, Sardigna/Sardegna, 07100, Italia",TROVATO_COMUNE,nominatim
,,RAGION_X,AGXXX,FR0XX,Via Roma 105,Monopoli,70043,BA,Puglia,,Sud,Nuovi,"Via Roma 105, 70043 Monopoli, BA, Puglia, Italia",40.9492504,17.2984881,"Via Roma, Monopoli, Bari, Puglia, 70034, Italia",TROVATO,nominatim
,,RAGION_X,AGXXX,FR0XX,Via Leonardo da Vinci 84,Salerno,84121,SA,Campania,,Sud,Nuovi,"Via Leonardo da Vinci 84, 84121 Salerno, SA, Campania, Italia",40.7794372,14.8299898,"Via Leonardo Da Vinci, Capo Calvanico, Calvanico, Salerno, Campania, 84080, Italia",TROVATO,nominatim
,,RAGION_X,AGXXX,FR0XX,Piazza Garibaldi 54,Mantova,46100,MN,Lombardia,,Nord,Nuovi,"Piazza Garibaldi 54, 46100 Mantova, MN, Lombardia, Italia",44.9911679,10.7448515,"Piazza Garibaldi, Suzzara, Mantova, Lombardia, 46029, Italia",TROVATO,nominatim
,,RAGION_X,AGXXX,FR0XX,Via Torino 73,Grosseto,58100,GR,Toscana,,Centro,Nuovi,"Via Torino 73, 58100 Grosseto, GR, Toscana, Italia",42.7581892,10.9017256,"Via Torino, Castiglione della Pescaia, Grosseto, Toscana, 58043, Italia",TROVATO,nominatim
,,RAGION_X,AGXXX,FR0XX,Via Guglielmo Marconi 47,Cinisello Balsamo,20092,MI,Lombardia,,Nord,Nuovi,"Via Guglielmo Marconi 47, 20092 Cinisello Balsamo, MI, Lombardia, Italia",45.552617,9.2070828,"Via Guglielmo Marconi, Bellaria, Cinisello Balsamo, Zona Omogenea Milano Nord, Milano, Lombardia, 20092, Italia",TROVATO,nominatim
,,RAGION_X,AGXXX,FR0XX,Via Giuseppe Mazzini 136,Lucca,55100,LU,Toscana,,Centro,Nuovi,"Via Giuseppe Mazzini 136, 55100 Lucca, LU, Toscana, Italia",43.8381939,10.5087687,"Via Giuseppe Mazzini, San Concordio, Lucca, Toscana, 55100, Italia",TROVATO,nominatim
,,RAGION_X,AGXXX,FR0XX,Via Torino 187,Alba,12051,CN,Piemonte,,Nord,Nuovi,"Via Torino 187, 12051 Alba, CN, Piemonte, Italia",44.7545329,8.0025802,"Via Torino, Socco, Vezza d'Alba, Cuneo, Piemonte, 12043, Italia",TROVATO,nominatim
,,RAGION_X,AGXXX,FR0XX,Via XX Settembre 58,Frosinone,03100,FR,Lazio,,Centro,Nuovi,"Via XX Settembre 58, 03100 Frosinone, FR, Lazio, Italia",41.6393508,13.3526924,"Via Venti Settembre, Frosinone, Lazio, 03100, Italia",TROVATO,nominatim
,,RAGION_X,AGXXX,FR0XX,Via San Francesco 11,Fermo,63900,FM,Marche,,Centro,Nuovi,"Via San Francesco 11, 63900 Fermo, FM, Marche, Italia",43.1874244,13.7857318,"Via San Francesco d'Assisi, Porto San Giorgio, Fermo, Marche, 63822, Italia",TROVATO,nominatim
,,RAGION_X,AGXXX,FR0XX,Via XX Settembre 203,Fermo,63900,FM,Marche,,Centro,Nuovi,"Via XX Settembre 203, 63900 Fermo, FM, Marche, Italia",43.1832599,13.7957968,"Via XX Settembre, Porto San Giorgio, Fermo, Marche, 63822, Italia",TROVATO,nominatim
,,RAGION_X,AGXXX,FR0XX,Via Giacomo Matteotti 88,Tivoli,00019,RM,Lazio,,Centro,Nuovi,"Via Giacomo Matteotti 88, 00019 Tivoli, RM, Lazio, Italia",41.960922,12.798884,"Tivoli, Roma Capitale, Lazio, Italia",TROVATO_COMUNE,nominatim
,,RAGION_X,AGXXX,FR0XX,Via Milano 119,Cosenza,87100,CS,Calabria,,Sud,Nuovi,"Via Milano 119, 87100 Cosenza, CS, Calabria, Italia",39.324824,16.2431449,"Via Milano, Roges, Rende, Cosenza, Calabria, 87036, Italia",TROVATO,nominatim
,,RAGION_X,AGXXX,FR0XX,Via XX Settembre 20,Lucca,55100,LU,Toscana,,Centro,Nuovi,"Via XX Settembre 20, 55100 Lucca, LU, Toscana, Italia",44.1116386,10.4128213,"20, Via Venti Settembre, Carbonaia, Castelnuovo di Garfagnana, Unione Comuni Garfagnana, Lucca, Toscana, 55032, Italia",TROVATO,nominatim
,,RAGION_X,AGXXX,FR0XX,Via Trento 94,Mantova,46100,MN,Lombardia,,Nord,Nuovi,"Via Trento 94, 46100 Mantova, MN, Lombardia, Italia",45.1634386,10.7907395,"Via Trento, Fiera-Catena, Mantova, Lombardia, 46100, Italia",TROVATO,nominatim
,,RAGION_X,AGXXX,FR0XX,Via Giuseppe Mazzini 6,Livorno,57121,LI,Toscana,,Centro,Nuovi,"Via Giuseppe Mazzini 6, 57121 Livorno, LI, Toscana, Italia",43.0962625,10.5439716,"6, Via Giuseppe Mazzini, San Vincenzo, Livorno, Toscana, 57027, Italia",TROVATO,nominatim
,,RAGION_X,AGXXX,FR0XX,Via Cesare Battisti 1,Conegliano,31015,TV,Veneto,,Nord,Nuovi,"Via Cesare Battisti 1, 31015 Conegliano, TV, Veneto, Italia",45.8800964,12.2960048,"Via Cesare Battisti, Campolongo, Parè, Conegliano, Treviso, Veneto, 31015, Italia",TROVATO,nominatim
,,RAGION_X,AGXXX,FR0XX,Via Milano 164,Fermo,63900,FM,Marche,,Centro,Nuovi,"Via Milano 164, 63900 Fermo, FM, Marche, Italia",43.1873396,13.7912685,"Via Milano, Porto San Giorgio, Fermo, Marche, 63822, Italia",TROVATO,nominatim
,,RAGION_X,AGXXX,FR0XX,Via della Repubblica 199,Rovigo,45100,RO,Veneto,,Nord,Nuovi,"Via della Repubblica 199, 45100 Rovigo, RO, Veneto, Italia",45.0194329,11.8154391,"Via della Repubblica, Ca' Zanforlin, Pontecchio Polesine, Rovigo, Veneto, 45030, Italia",TROVATO,nominatim
,,RAGION_X,AGXXX,FR0XX,Via Giacomo Matteotti 192,Chiavari,16043,GE,Liguria,,Nord,Nuovi,"Via Giacomo Matteotti 192, 16043 Chiavari, GE, Liguria, Italia",44.3175701,9.3244561,"Chiavari, Genova, Liguria, 16043, Italia",TROVATO_COMUNE,nominatim
,,RAGION_X,AGXXX,FR0XX,Via Aldo Moro 159,Taranto,74121,TA,Puglia,,Sud,Nuovi,"Via Aldo Moro 159, 74121 Taranto, TA, Puglia, Italia",40.4724384,17.2397188,"Via Aldo Moro, Taranto, Puglia, 74100, Italia",TROVATO,nominatim
,,RAGION_X,AGXXX,FR0XX,Via Milano 187,Rimini,47921,RN,Emilia-Romagna,,Nord,Nuovi,"Via Milano 187, 47921 Rimini, RN, Emilia-Romagna, Italia",44.1488124,12.4570782,"Via Milano, Bellaria, Bellaria-Igea Marina, Rimini, Emilia-Romagna, 47814, Italia",TROVATO,nominatim
,,RAGION_X,AGXXX,FR0XX,Via Firenze 1,Ragusa,97100,RG,Sicilia,,Sud,Nuovi,"Via Firenze 1, 97100 Ragusa, RG, Sicilia, Italia",36.7837508,14.5335395,"Via Firenze, Marina di Ragusa, Ragusa, Sicilia, 97100, Italia",TROVATO,nominatim
,,RAGION_X,AGXXX,FR0XX,Via Alessandro Manzoni 127,Caltanissetta,93100,CL,Sicilia,,Sud,Nuovi,"Via Alessandro Manzoni 127, 93100 Caltanissetta, CL, Sicilia, Italia",37.0716153,14.2315028,"Pronto Pack, 127, Via Alessandro Manzoni, Caposoprano, Macchitella, Gela, Caltanissetta, Sicilia, 93012, Italia",TROVATO,nominatim
,,RAGION_X,AGXXX,FR0XX,Via Torino 214,Imperia,18100,IM,Liguria,,Nord,Nuovi,"Via Torino 214, 18100 Imperia, IM, Liguria, Italia",43.9329651,8.0175931,"Via Torino, Pontedassio, Provincia di Imperia, Liguria, 88027, Italia",TROVATO,nominatim
,,RAGION_X,AGXXX,FR0XX,Piazza Garibaldi 121,Napoli,80121,,Campania,,Sud,Nuovi,"Piazza Garibaldi 121, 80121 Napoli, , Campania, Italia",40.8516055,14.2677518,"Piazza Giuseppe Garibaldi, Porta Capuana, Vicaria, Municipalità 4, Napoli, Campania, 80139, Italia",TROVATO,nominatim
,,RAGION_X,AGXXX,FR0XX,Via Aldo Moro 142,Lecce,73100,LE,Puglia,,Sud,Nuovi,"Via Aldo Moro 142, 73100 Lecce, LE, Puglia, Italia",40.3140184,18.1968487,"Via Aldo Moro, Castromediano, Cavallino, Lecce, Puglia, 73023, Italia",TROVATO,nominatim
,,RAGION_X,AGXXX,FR0XX,Corso Vittorio Emanuele 103,Velletri,00049,RM,Lazio,,Centro,Nuovi,"Corso Vittorio Emanuele 103, 00049 Velletri, RM, Lazio, Italia",41.6840989,12.7761052,"Corso della Repubblica, Velletri, Roma Capitale, Lazio, 00049, Italia",TROVATO,nominatim
,,RAGION_X,AGXXX,FR0XX,Via Goffredo Mameli 211,Catania,95121,CT,Sicilia,,Sud,Nuovi,"Via Goffredo Mameli 211, 95121 Catania, CT, Sicilia, Italia",37.5093759,15.0695718,"Via Goffredo Mameli, Centro storico, Catania, Sicilia, 95124, Italia",TROVATO,nominatim
,,RAGION_X,AGXXX,FR0XX,Via Giuseppe Garibaldi 106,L'Aquila,67100,AQ,Abruzzo,,Sud,Nuovi,"Via Giuseppe Garibaldi 106, 67100 L'Aquila, AQ, Abruzzo, Italia",42.4489614,13.2826966,"Via Giuseppe Garibaldi, Tarignano, Barete, L'Aquila, Abruzzo, 67017, Italia",TROVATO,nominatim
,,RAGION_X,AGXXX,FR0XX,Via XX Settembre 179,Vigevano,27029,PV,Lombardia,,Nord,Nuovi,"Via XX Settembre 179, 27029 Vigevano, PV, Lombardia, Italia",45.3164234,8.8586039,"Via Venti Settembre, Vigevano, Pavia, Lombardia, 27029, Italia",TROVATO,nominatim
,,RAGION_X,AGXXX,FR0XX,Via Giacomo Matteotti 62,Ancona,60121,AN,Marche,,Centro,Nuovi,"Via Giacomo Matteotti 62, 60121 Ancona, AN, Marche, Italia",43.618593,13.5161851,"Vanilla cafè, 62, Via Giacomo Matteotti, Cardeto, Ancona, Marche, 60121, Italia",TROVATO,nominatim
,,RAGION_X,AGXXX,FR0XX,Via Antonio Gramsci 157,Campobasso,86100,CB,Molise,,Sud,Nuovi,"Via Antonio Gramsci 157, 86100 Campobasso, CB, Molise, Italia",41.569549,14.6762781,"Via Antonio Gramsci, Cep, Campobasso, Molise, 86100, Italia",TROVATO,nominatim
,,RAGION_X,AGXXX,FR0XX,Via Aldo Moro 62,Casoria,80026,,Campania,,Sud,Nuovi,"Via Aldo Moro 62, 80026 Casoria, , Campania, Italia",40.9044605,14.2823941,"Via Aldo Moro, Dietro Via Vecchia, Casoria, Napoli, Campania, 80022, Italia",TROVATO,nominatim
,,RAGION_X,AGXXX,FR0XX,Via Firenze 69,Pavia,27100,PV,Lombardia,,Nord,Nuovi,"Via Firenze 69, 27100 Pavia, PV, Lombardia, Italia",45.1916907,9.1826281,"Via Firenze, Vallone, Pavia, Lombardia, 27100, Italia",TROVATO,nominatim
,,RAGION_X,AGXXX,FR0XX,Via Antonio Gramsci 4,Oristano,09170,OR,Sardegna,,Sud,Nuovi,"Via Antonio Gramsci 4, 09170 Oristano, OR, Sardegna, Italia",39.8986912,8.5956686,"4, Via Antonio Gramsci, San Nicola, Aristanis/Oristano, Sardigna/Sardegna, 09170, Italia",TROVATO,nominatim
,,RAGION_X,AGXXX,FR0XX,Via Leonardo da Vinci 19,Bergamo,24121,BG,Lombardia,,Nord,Nuovi,"Via Leonardo da Vinci 19, 24121 Bergamo, BG, Lombardia, Italia",45.7197047,9.6822758,"19, Via Leonardo da Vinci, Ronchi, Monterosso, Bergamo, Lombardia, 24123, Italia",TROVATO,nominatim
,,RAGION_X,AGXXX,FR0XX,Via Firenze 212,Conegliano,31015,TV,Veneto,,Nord,Nuovi,"Via Firenze 212, 31015 Conegliano, TV, Veneto, Italia",45.8993314,12.2949551,"Via Lancieri di Firenze, Monticella, Costa, Conegliano, Treviso, Veneto, 31015, Italia",TROVATO,nominatim
,,RAGION_X,AGXXX,FR0XX,Via Firenze 46,Quartu Sant'Elena,09045,CA,Sardegna,,Sud,Nuovi,"Via Firenze 46, 09045 Quartu Sant'Elena, CA, Sardegna, Italia",39.2452134,9.181817,"46, Via Firenze, Quartu Sant'Aleni/Quartu Sant'Elena, Casteddu/Cagliari, Sardigna/Sardegna, 09045, Italia",TROVATO,nominatim
,,RAGION_X,AGXXX,FR0XX,Via Roma 89,Ancona,60121,AN,Marche,,Centro,Nuovi,"Via Roma 89, 60121 Ancona, AN, Marche, Italia",43.526538,13.4378533,"Via Roma, Offagna, Ancona, Marche, 60020, Italia",TROVATO,nominatim
,,RAGION_X,AGXXX,FR0XX,Corso Vittorio Emanuele 101,Pomezia,00071,RM,Lazio,,Centro,Nuovi,"Corso Vittorio Emanuele 101, 00071 Pomezia, RM, Lazio, Italia",41.667529,12.5047863,"Pomezia, Roma Capitale, Lazio, 00071, Italia",TROVATO_COMUNE,nominatim
,,RAGION_X,AGXXX,FR0XX,Piazza Garibaldi 157,Vibo Valentia,89900,VV,Calabria,,Sud,Nuovi,"Piazza Garibaldi 157, 89900 Vibo Valentia, VV, Calabria, Italia",38.6739601,16.105552,"Piazza Giuseppe Garibaldi, Carmine, Vibo Valentia, Calabria, 89900, Italia",TROVATO,nominatim
,,RAGION_X,AGXXX,FR0XX,Via Milano 32,Trieste,34121,TS,Friuli Venezia Giulia,,Nord,Nuovi,"Via Milano 32, 34121 Trieste, TS, Friuli Venezia Giulia, Italia",45.6543394,13.771924,"Via Milano, Riborgo, Borgo Teresiano, Città Nuova-Barriera Nuova-San Vito-Città Vecchia, Conconello / Ferlugi, Trieste, Friuli-Venezia Giulia, 34132, Italia",TROVATO,nominatim
,,RAGION_X,AGXXX,FR0XX,Via Milano 209,Massa,54100,MS,Toscana,,Centro,Nuovi,"Via Milano 209, 54100 Massa, MS, Toscana, Italia",44.0359323,10.1395519,"Massa, Massa-Carrara, Toscana, Italia",TROVATO_COMUNE,nominatim
,,RAGION_X,AGXXX,FR0XX,Piazza Garibaldi 113,Sanremo,18038,IM,Liguria,,Nord,Nuovi,"Piazza Garibaldi 113, 18038 Sanremo, IM, Liguria, Italia",43.8362985,7.7772658,"Sanremo, Provincia di Imperia, Liguria, 18034, Italia",TROVATO_COMUNE,nominatim
,,RAGION_X,AGXXX,FR0XX,Via Trento 204,Civitavecchia,00053,RM,Lazio,,Centro,Nuovi,"Via Trento 204, 00053 Civitavecchia, RM, Lazio, Italia",42.0903304,11.8062868,"Via Trento, Borgo Odescalchi, Civitavecchia, Roma Capitale, Lazio, 00053, Italia",TROVATO,nominatim
,,RAGION_X,AGXXX,FR0XX,Via Firenze 168,Arezzo,52100,AR,Toscana,,Centro,Nuovi,"Via Firenze 168, 52100 Arezzo, AR, Toscana, Italia",43.4706145,11.8691493,"Via Firenze, Arezzo, Toscana, 52100, Italia",TROVATO,nominatim
,,RAGION_X,AGXXX,FR0XX,Via Giuseppe Mazzini 166,Matera,75100,MT,Basilicata,,Sud,Nuovi,"Via Giuseppe Mazzini 166, 75100 Matera, MT, Basilicata, Italia",40.6675166,16.5913104,"Via Giuseppe Mazzini, Rione Serra Venerdì, Serra Venerdì, Matera, Basilicata, 75100, Italia",TROVATO,nominatim
,,RAGION_X,AGXXX,FR0XX,Via Vittorio Emanuele II 102,Perugia,06121,PG,Umbria,,Centro,Nuovi,"Via Vittorio Emanuele II 102, 06121 Perugia, PG, Umbria, Italia",42.9827966,12.4201863,"Via Vittorio Emanuele II, Deruta, Perugia, Umbria, 06053, Italia",TROVATO,nominatim
,,RAGION_X,AGXXX,FR0XX,Corso Vittorio Emanuele 91,Pescara,65121,PE,Abruzzo,,Sud,Nuovi,"Corso Vittorio Emanuele 91, 65121 Pescara, PE, Abruzzo, Italia",42.5190508,14.0610806,"Corso Vittorio Emanuele, Città Sant'Angelo, Pescara, Abruzzo, 65013, Italia",TROVATO,nominatim
,,RAGION_X,AGXXX,FR0XX,Via Goffredo Mameli 134,Merano,39012,BZ,Trentino-Alto Adige,,Nord,Nuovi,"Via Goffredo Mameli 134, 39012 Merano, BZ, Trentino-Alto Adige, Italia",46.6713536,11.1646348,"Meran - Merano, Burggrafenamt - Burgraviato, Bolzano - Bozen, Trentino-Alto Adige/Südtirol, 39012, Italia",TROVATO_COMUNE,nominatim
,,RAGION_X,AGXXX,FR0XX,Piazza Cavour 45,Avezzano,67051,AQ,Abruzzo,,Sud,Nuovi,"Piazza Cavour 45, 67051 Avezzano, AQ, Abruzzo, Italia",42.0261886,13.4294842,"Piazza Camillo Benso di Cavour, Sant'Andrea, Borgo Via Nuova, Avezzano, L'Aquila, Abruzzo, 67051, Italia",TROVATO,nominatim
,,RAGION_X,AGXXX,FR0XX,Via Roma 164,Campobasso,86100,CB,Molise,,Sud,Nuovi,"Via Roma 164, 86100 Campobasso, CB, Molise, Italia",41.5587348,14.6578276,"Via Roma, Centro Murattiano, Campobasso, Molise, 86100, Italia",TROVATO,nominatim
,,RAGION_X,AGXXX,FR0XX,Via Cesare Battisti 66,La Spezia,19121,SP,Liguria,,Nord,Nuovi,"Via Cesare Battisti 66, 19121 La Spezia, SP, Liguria, Italia",44.073033,9.8381905,"Via Cesare Battisti, Le Grazie, Portovenere, La Spezia, Liguria, 19025, Italia",TROVATO,nominatim
,,RAGION_X,AGXXX,FR0XX,Via XX Settembre 100,Treviglio,24047,BG,Lombardia,,Nord,Nuovi,"Via XX Settembre 100, 24047 Treviglio, BG, Lombardia, Italia",45.5219525,9.5998142,"Via Venti Settembre, Treviglio, Bergamo, Lombardia, 24047, Italia",TROVATO,nominatim
,,RAGION_X,AGXXX,FR0XX,Via XX Settembre 70,Foggia,71121,FG,Puglia,,Sud,Nuovi,"Via XX Settembre 70, 71121 Foggia, FG, Puglia, Italia",41.7126366,15.6382241,"Via XX Settembre, San Marco in Lamis, Foggia, Puglia, 71014, Italia",TROVATO,nominatim
,,RAGION_X,AGXXX,FR0XX,Via Antonio Gramsci 141,Montesilvano,65015,PE,Abruzzo,,Sud,Nuovi,"Via Antonio Gramsci 141, 65015 Montesilvano, PE, Abruzzo, Italia",42.511956,14.1501222,"Via Antonio Gramsci, Colonnetta, Montesilvano, Pescara, Abruzzo, 65016, Italia",TROVATO,nominatim
,,RAGION_X,AGXXX,FR0XX,Via Nazionale 60,Carbonia,09013,SU,Sardegna,,Sud,Nuovi,"Via Nazionale 60, 09013 Carbonia, SU, Sardegna, Italia",39.1701686,8.5022461,"Via Nazionale, Zona P.I.P., Medau Rubiu, Carbonia, Sulcis Iglesiente, Sardigna/Sardegna, 09013, Italia",TROVATO,nominatim
,,RAGION_X,AGXXX,FR0XX,Via Cesare Battisti 98,Vercelli,13100,VC,Piemonte,,Nord,Nuovi,"Via Cesare Battisti 98, 13100 Vercelli, VC, Piemonte, Italia",45.2607047,8.4068055,"Via Cesare Battisti, Asigliano Vercellese, Vercelli, Piemonte, 13032, Italia",TROVATO,nominatim
,,RAGION_X,AGXXX,FR0XX,Via Camillo Cavour 177,Termoli,86039,CB,Molise,,Sud,Nuovi,"Via Camillo Cavour 177, 86039 Termoli, CB, Molise, Italia",41.9983273,14.9939366,"Termoli, Campobasso, Molise, 86039, Italia",TROVATO_COMUNE,nominatim
,,RAGION_X,AGXXX,FR0XX,Via Alessandro Manzoni 49,Parma,43121,PR,Emilia-Romagna,,Nord,Nuovi,"Via Alessandro Manzoni 49, 43121 Parma, PR, Emilia-Romagna, Italia",44.7850584,10.32129,"Via Alessandro Manzoni, Montanara, Parma, Emilia-Romagna, 43125, Italia",TROVATO,nominatim
,,RAGION_X,AGXXX,FR0XX,Via Aldo Moro 57,Ravenna,48121,RA,Emilia-Romagna,,Nord,Nuovi,"Via Aldo Moro 57, 48121 Ravenna, RA, Emilia-Romagna, Italia",44.3114023,12.1848625,"Via Aldo Moro, Santo Stefano, Ravenna, Emilia-Romagna, Italia",TROVATO,nominatim
,,RAGION_X,AGXXX,FR0XX,Via Goffredo Mameli 65,Bitonto,70032,BA,Puglia,,Sud,Nuovi,"Via Goffredo Mameli 65, 70032 Bitonto, BA, Puglia, Italia",41.1098945,16.692538,"Via Goffredo Mameli, Bitonto, Bari, Puglia, 70032, Italia",TROVATO,nominatim
,,RAGION_X,AGXXX,FR0XX,Via Guglielmo Marconi 159,Rovigo,45100,RO,Veneto,,Nord,Nuovi,"Via Guglielmo Marconi 159, 45100 Rovigo, RO, Veneto, Italia",45.0187569,11.8072544,"Via Guglielmo Marconi, Ca' Zanforlin, Pontecchio Polesine, Rovigo, Veneto, 45030, Italia",TROVATO,nominatim
,,RAGION_X,AGXXX,FR0XX,Via Cesare Battisti 168,Enna,94100,EN,Sicilia,,Sud,Nuovi,"Via Cesare Battisti 168, 94100 Enna, EN, Sicilia, Italia",37.4942919,14.3918522,"Via Cesare Battisti, Buglio, Valguarnera Caropepe, Enna, Sicilia, 94019, Italia",TROVATO,nominatim
,,RAGION_X,AGXXX,FR0XX,Via Firenze 96,Prato,59100,PO,Toscana,,Centro,Nuovi,"Via Firenze 96, 59100 Prato, PO, Toscana, Italia",43.8711128,11.1211587,"Via Firenze, I lecci, Prato, Toscana, 59100, Italia",TROVATO,nominatim
,,RAGION_X,AGXXX,FR0XX,Piazza Cavour 96,Quartu Sant'Elena,09045,CA,Sardegna,,Sud,Nuovi,"Piazza Cavour 96, 09045 Quartu Sant'Elena, CA, Sardegna, Italia",39.2399728,9.1880967,"Quartu Sant'Aleni/Quartu Sant'Elena, Casteddu/Cagliari, Sardigna/Sardegna, 09045, Italia",TROVATO_COMUNE,nominatim
,,RAGION_X,AGXXX,FR0XX,Via Camillo Cavour 103,Matera,75100,MT,Basilicata,,Sud,Nuovi,"Via Camillo Cavour 103, 75100 Matera, MT, Basilicata, Italia",40.5551297,16.6658882,"Via Camillo Benso Conte di Cavour, Rione Marco Polo, Montescaglioso, Matera, Basilicata, 75024, Italia",TROVATO,nominatim
,,RAGION_X,AGXXX,FR0XX,Via Vittorio Emanuele II 87,Campobasso,86100,CB,Molise,,Sud,Nuovi,"Via Vittorio Emanuele II 87, 86100 Campobasso, CB, Molise, Italia",41.6725944,14.5455766,"Via Vittorio Emanuele Secondo, FOSSALTO, Fossalto, Campobasso, Molise, 86020, Italia",TROVATO,nominatim
,,RAGION_X,AGXXX,FR0XX,Via della Repubblica 131,Lecco,23900,LC,Lombardia,,Nord,Nuovi,"Via della Repubblica 131, 23900 Lecco, LC, Lombardia, Italia",45.7851902,9.3643073,"Via della Repubblica, Vedizero, Ello, Lecco, Lombardia, 23848, Italia",TROVATO,nominatim
,,RAGION_X,AGXXX,FR0XX,Via Dante Alighieri 69,Taranto,74121,TA,Puglia,,Sud,Nuovi,"Via Dante Alighieri 69, 74121 Taranto, TA, Puglia, Italia",40.463881,17.2591753,"Via Dante Alighieri, Taranto, Puglia, 74121, Italia",TROVATO,nominatim
,,RAGION_X,AGXXX,FR0XX,Via Firenze 201,Barletta,76121,BT,Puglia,,Sud,Nuovi,"Via Firenze 201, 76121 Barletta, BT, Puglia, Italia",41.3174732,16.2750576,"Via Firenze, Centro, Barletta, Barletta-Andria-Trani, Puglia, 76121, Italia",TROVATO,nominatim
,,RAGION_X,AGXXX,FR0XX,Via Guglielmo Marconi 185,Catanzaro,88100,CZ,Calabria,,Sud,Nuovi,"Via Guglielmo Marconi 185, 88100 Catanzaro, CZ, Calabria, Italia",39.0001416,16.6615231,"Via Guglielmo Marconi, Zagarise, Catanzaro, Calabria, 88050, Italia",TROVATO,nominatim
,,RAGION_X,AGXXX,FR0XX,Piazza Garibaldi 108,Ferrara,44121,FE,Emilia-Romagna,,Nord,Nuovi,"Piazza Garibaldi 108, 44121 Ferrara, FE, Emilia-Romagna, Italia",44.8662253,11.6034814,"Piazza Brigate Garibaldi, Barco, Pontelagoscuro, Ferrara, Emilia-Romagna, 44123, Italia",TROVATO,nominatim
,,RAGION_X,AGXXX,FR0XX,Via Trento 45,Civitanova Marche,62012,MC,Marche,,Centro,Nuovi,"Via Trento 45, 62012 Civitanova Marche, MC, Marche, Italia",43.3096554,13.7317192,"Via Trento, Centro, Civitanova Marche, Macerata, Marche, 62012, Italia",TROVATO,nominatim
,,RAGION_X,AGXXX,FR0XX,Via Torino 177,Collegno,10093,TO,Piemonte,,Nord,Nuovi,"Via Torino 177, 10093 Collegno, TO, Piemonte, Italia",45.0737753,7.5876445,"Via Torino, Borgata Paradiso, Collegno, Torino, Piemonte, 10093, Italia",TROVATO,nominatim
,,RAGION_X,AGXXX,FR0XX,Via XX Settembre 185,Padova,35121,PD,Veneto,,Nord,Nuovi,"Via XX Settembre 185, 35121 Padova, PD, Veneto, Italia",45.4031632,11.8739412,"Via Venti Settembre, San Giuseppe, Padova, Veneto, 35100, Italia",TROVATO,nominatim
,,RAGION_X,AGXXX,FR0XX,Corso Vittorio Emanuele 213,Empoli,50053,FI,Toscana,,Centro,Nuovi,"Corso Vittorio Emanuele 213, 50053 Empoli, FI, Toscana, Italia",43.7194884,10.9458556,"Empoli, Unione dei Comuni Circondario dell'Empolese Valdelsa, Firenze, Toscana, 50053, Italia",TROVATO_COMUNE,nominatim
,,RAGION_X,AGXXX,FR0XX,Via Milano 33,Sassari,07100,SS,Sardegna,,Sud,Nuovi,"Via Milano 33, 07100 Sassari, SS, Sardegna, Italia",40.7118178,8.5894057,"33, Via Milano, Corea, Tàttari/Sassari, Sardigna/Sardegna, 07100, Italia",TROVATO,nominatim
,,RAGION_X,AGXXX,FR0XX,Via Giacomo Matteotti 112,Treviglio,24047,BG,Lombardia,,Nord,Nuovi,"Via Giacomo Matteotti 112, 24047 Treviglio, BG, Lombardia, Italia",45.5200361,9.5908571,"Via Giacomo Matteotti, Treviglio, Bergamo, Lombardia, 24047, Italia",TROVATO,nominatim
,,RAGION_X,AGXXX,FR0XX,Via Giuseppe Garibaldi 197,Avellino,83100,AV,Campania,,Sud,Nuovi,"Via Giuseppe Garibaldi 197, 83100 Avellino, AV, Campania, Italia",40.9588931,14.8142642,"Via Giuseppe Garibaldi, Alimata, Montefredane, Avellino, Campania, 83042, Italia",TROVATO,nominatim
,,RAGION_X,AGXXX,FR0XX,Via Guglielmo Marconi 100,Andria,76123,BT,Puglia,,Sud,Nuovi,"Via Guglielmo Marconi 100, 76123 Andria, BT, Puglia, Italia",41.24072,16.5028292,"Via Guglielmo Marconi, Bisceglie, Barletta-Andria-Trani, Puglia, 76011, Italia",TROVATO,nominatim
,,RAGION_X,AGXXX,FR0XX,Via Antonio Gramsci 190,Avezzano,67051,AQ,Abruzzo,,Sud,Nuovi,"Via Antonio Gramsci 190, 67051 Avezzano, AQ, Abruzzo, Italia",42.0324598,13.4272791,"Via Antonio Gramsci, Sant'Andrea, Borgo Via Nuova, Avezzano, L'Aquila, Abruzzo, 67051, Italia",TROVATO,nominatim
,,RAGION_X,AGXXX,FR0XX,Via XX Settembre 144,Velletri,00049,RM,Lazio,,Centro,Nuovi,"Via XX Settembre 144, 00049 Velletri, RM, Lazio, Italia",41.6867015,12.7770433,"Velletri, Roma Capitale, Lazio, 00049, Italia",TROVATO_COMUNE,nominatim
,,RAGION_X,AGXXX,FR0XX,Corso Italia 90,Vibo Valentia,89900,VV,Calabria,,Sud,Nuovi,"Corso Italia 90, 89900 Vibo Valentia, VV, Calabria, Italia",38.7811536,16.2903201,"Corso Italia, Filadelfia, Vibo Valentia, Calabria, 89814, Italia",TROVATO,nominatim
,,RAGION_X,AGXXX,FR0XX,Via Leonardo da Vinci 78,Bassano del Grappa,36061,VI,Veneto,,Nord,Nuovi,"Via Leonardo da Vinci 78, 36061 Bassano del Grappa, VI, Veneto, Italia",45.7617298,11.7316,"Via Leonardo da Vinci, Angarano, Bassano del Grappa, Vicenza, Veneto, 36061, Italia",TROVATO,nominatim
,,RAGION_X,AGXXX,FR0XX,Via Goffredo Mameli 4,Monfalcone,34074,GO,Friuli Venezia Giulia,,Nord,Nuovi,"Via Goffredo Mameli 4, 34074 Monfalcone, GO, Friuli Venezia Giulia, Italia",45.8049454,13.5330592,"Monfalcone, Gorizia / Gurize / Gorica, Friuli-Venezia Giulia, 34074, Italia",TROVATO_COMUNE,nominatim
,,RAGION_X,AGXXX,FR0XX,Via Aldo Moro 13,Fiumicino,00054,RM,Lazio,,Centro,Nuovi,"Via Aldo Moro 13, 00054 Fiumicino, RM, Lazio, Italia",41.7712145,12.2278855,"Fiumicino, Roma Capitale, Lazio, Italia",TROVATO_COMUNE,nominatim
,,RAGION_X,AGXXX,FR0XX,Via Firenze 177,Bassano del Grappa,36061,VI,Veneto,,Nord,Nuovi,"Via Firenze 177, 36061 Bassano del Grappa, VI, Veneto, Italia",45.7557191,11.7506364,"Via Portile, Ca' Baroncello, Borgo Vittorio Veneto, Pilastroni, Bassano del Grappa, Vicenza, Veneto, 36061, Italia",TROVATO,nominatim
,,RAGION_X,AGXXX,FR0XX,Via Nazionale 157,Cagliari,09121,CA,Sardegna,,Sud,Nuovi,"Via Nazionale 157, 09121 Cagliari, CA, Sardegna, Italia",39.2799435,9.2294708,"157, Via Nazionale, Maracalagonis, Casteddu/Cagliari, Sardigna/Sardegna, 09040, Italia",TROVATO,nominatim
,,RAGION_X,AGXXX,FR0XX,Via Giuseppe Mazzini 16,Settimo Torinese,10036,TO,Piemonte,,Nord,Nuovi,"Via Giuseppe Mazzini 16, 10036 Settimo Torinese, TO, Piemonte, Italia",45.1377034,7.7694073,"Via Giuseppe Mazzini, Settimo Torinese, Torino, Piemonte, 10036, Italia",TROVATO,nominatim
,,RAGION_X,AGXXX,FR0XX,Via Torino 114,Siena,53100,SI,Toscana,,Centro,Nuovi,"Via Torino 114, 53100 Siena, SI, Toscana, Italia",43.4073972,11.1245133,"Via Torino, Agrestone, Gracciano dell'Elsa, Selvamaggio, Colle di Val d'Elsa, Siena, Toscana, 53034, Italia",TROVATO,nominatim
,,RAGION_X,AGXXX,FR0XX,Via Trieste 175,Acireale,95024,CT,Sicilia,,Sud,Nuovi,"Via Trieste 175, 95024 Acireale, CT, Sicilia, Italia",37.6499456,15.184411,"Via Trieste, Scillichenti, Acireale, Catania, Sicilia, 95024, Italia",TROVATO,nominatim
,,RAGION_X,AGXXX,FR0XX,Via Guglielmo Marconi 181,L'Aquila,67100,AQ,Abruzzo,,Sud,Nuovi,"Via Guglielmo Marconi 181, 67100 L'Aquila, AQ, Abruzzo, Italia",42.3629353,13.3993136,"Via Guglielmo Marconi, Contrada Sansone, San Giacomo, L'Aquila, Abruzzo, 67100, Italia",TROVATO,nominatim
,,RAGION_X,AGXXX,FR0XX,Via Leonardo da Vinci 160,Conegliano,31015,TV,Veneto,,Nord,Nuovi,"Via Leonardo da Vinci 160, 31015 Conegliano, TV, Veneto, Italia",45.8940209,12.3036873,"Via Leonardo da Vinci, Piazza d'Armi, Monticella, Conegliano, Treviso, Veneto, 31015, Italia",TROVATO,nominatim
,,RAGION_X,AGXXX,FR0XX,Via XX Settembre 173,Schio,36015,VI,Veneto,,Nord,Nuovi,"Via XX Settembre 173, 36015 Schio, VI, Veneto, Italia",45.7135688,11.3530233,"Via Venti Settembre, Magrè, Schio, Vicenza, Veneto, 36015, Italia",TROVATO,nominatim
,,RAGION_X,AGXXX,FR0XX,Via Trento 142,Brindisi,72100,BR,Puglia,,Sud,Nuovi,"Via Trento 142, 72100 Brindisi, BR, Puglia, Italia",40.6339038,17.9283004,"Via Trento, Cappuccini, Brindisi, Puglia, 72100, Italia",TROVATO,nominatim
,,RAGION_X,AGXXX,FR0XX,Corso Vittorio Emanuele 21,Afragola,80021,,Campania,,Sud,Nuovi,"Corso Vittorio Emanuele 21, 80021 Afragola, , Campania, Italia",40.9228347,14.3048473,"Corso Vittorio Emanuele III, Sant'Antonio, Rettifilo, Afragola, Napoli, Campania, 80021, Italia",TROVATO,nominatim
,,RAGION_X,AGXXX,FR0XX,Via Trieste 56,Giugliano in Campania,80014,,Campania,,Sud,Nuovi,"Via Trieste 56, 80014 Giugliano in Campania, , Campania, Italia",40.9283217,14.2011232,"Giugliano in Campania, Napoli, Campania, 80014, Italia",TROVATO_COMUNE,nominatim
,,RAGION_X,AGXXX,FR0XX,Piazza Garibaldi 198,Ancona,60121,AN,Marche,,Centro,Nuovi,"Piazza Garibaldi 198, 60121 Ancona, AN, Marche, Italia",43.55251,13.4620504,"Piazza Garibaldi, Montesicuro, Sappanico, Ancona, Marche, 60131, Italia",TROVATO,nominatim
,,RAGION_X,AGXXX,FR0XX,Via Giuseppe Verdi 112,Cagliari,09121,CA,Sardegna,,Sud,Nuovi,"Via Giuseppe Verdi 112, 09121 Cagliari, CA, Sardegna, Italia",39.302819,9.0942821,"112, Via Giuseppe Verdi, Sestu, Casteddu/Cagliari, Sardigna/Sardegna, 09028, Italia",TROVATO,nominatim
,,RAGION_X,AGXXX,FR0XX,Via Aldo Moro 39,Anzio,00042,RM,Lazio,,Centro,Nuovi,"Via Aldo Moro 39, 00042 Anzio, RM, Lazio, Italia",41.4458713,12.6274167,"Via Aldo Moro, Anzio, Anzio Colonia, Anzio, Roma Capitale, Lazio, 00042, Italia",TROVATO,nominatim
,,RAGION_X,AGXXX,FR0XX,Via Milano 125,Carrara,54033,MS,Toscana,,Centro,Nuovi,"Via Milano 125, 54033 Carrara, MS, Toscana, Italia",44.0796519,10.0977529,"Carrara, Massa-Carrara, Toscana, 54033, Italia",TROVATO_COMUNE,nominatim
,,RAGION_X,AGXXX,FR0XX,Via XX Settembre 196,Novara,28100,NO,Piemonte,,Nord,Nuovi,"Via XX Settembre 196, 28100 Novara, NO, Piemonte, Italia",45.4469224,8.615407,"Via Venti Settembre, Sacro Cuore, Novara, Piemonte, 28100, Italia",TROVATO,nominatim
,,RAGION_X,AGXXX,FR0XX,Via Vittorio Emanuele II 78,Brescia,25121,BS,Lombardia,,Nord,Nuovi,"Via Vittorio Emanuele II 78, 25121 Brescia, BS, Lombardia, Italia",45.5333632,10.2221225,"Via Vittorio Emanuele Secondo, Brescia Antica, Zona Centro, Brescia, Lombardia, 25121, Italia",TROVATO,nominatim
,,RAGION_X,AGXXX,FR0XX,Via Bologna 20,Fermo,63900,FM,Marche,,Centro,Nuovi,"Via Bologna 20, 63900 Fermo, FM, Marche, Italia",43.1924382,13.7889549,"Via Bologna, Porto San Giorgio, Fermo, Marche, 63822, Italia",TROVATO,nominatim
,,RAGION_X,AGXXX,FR0XX,Via Aldo Moro 153,Barletta,76121,BT,Puglia,,Sud,Nuovi,"Via Aldo Moro 153, 76121 Barletta, BT, Puglia, Italia",41.235235,16.2978235,"Via Aldo Moro, San Valentino, Andria, Barletta-Andria-Trani, Puglia, 76123, Italia",TROVATO,nominatim
,,RAGION_X,AGXXX,FR0XX,Via Giuseppe Verdi 149,Viterbo,01100,VT,Lazio,,Centro,Nuovi,"Via Giuseppe Verdi 149, 01100 Viterbo, VT, Lazio, Italia",42.559275,12.1280108,"Via Giuseppe Verdi, Cava, Celleno, Viterbo, Lazio, 01026, Italia",TROVATO,nominatim
,,RAGION_X,AGXXX,FR0XX,Via Guglielmo Marconi 113,Empoli,50053,FI,Toscana,,Centro,Nuovi,"Via Guglielmo Marconi 113, 50053 Empoli, FI, Toscana, Italia",43.7132619,10.939213,"Via Guglielmo Marconi, Vacchereccia, Pozzale, Empoli, Unione dei Comuni Circondario dell'Empolese Valdelsa, Firenze, Toscana, 50053, Italia",TROVATO,nominatim
,,RAGION_X,AGXXX,FR0XX,Via della Repubblica 216,Guidonia Montecelio,00012,RM,Lazio,,Centro,Nuovi,"Via della Repubblica 216, 00012 Guidonia Montecelio, RM, Lazio, Italia",41.9842734,12.6953191,"Guidonia Montecelio, Roma Capitale, Lazio, Italia",TROVATO_COMUNE,nominatim
,,RAGION_X,AGXXX,FR0XX,Via Giuseppe Verdi 205,Trieste,34121,TS,Friuli Venezia Giulia,,Nord,Nuovi,"Via Giuseppe Verdi 205, 34121 Trieste, TS, Friuli Venezia Giulia, Italia",45.6496485,13.7772781,"Trieste, Friuli-Venezia Giulia, 34121-34151, Italia",TROVATO_COMUNE,nominatim
,,RAGION_X,AGXXX,FR0XX,Via Giacomo Matteotti 213,Livorno,57121,LI,Toscana,,Centro,Nuovi,"Via Giacomo Matteotti 213, 57121 Livorno, LI, Toscana, Italia",43.5873387,10.4723193,"Via Giacomo Matteotti, Tanna Alta, Collesalvetti, Livorno, Toscana, 57019, Italia",TROVATO,nominatim
,,RAGION_X,AGXXX,FR0XX,Via Antonio Gramsci 163,Alghero,07041,SS,Sardegna,,Sud,Nuovi,"Via Antonio Gramsci 163, 07041 Alghero, SS, Sardegna, Italia",40.5529068,8.3176085,"Via Antonio Gramsci, Mercede, l'Alguer/Alghero, Tàttari/Sassari, Sardigna/Sardegna, 07041, Italia",TROVATO,nominatim
,,RAGION_X,AGXXX,FR0XX,Via Roma 12,Giugliano in Campania,80014,,Campania,,Sud,Nuovi,"Via Roma 12, 80014 Giugliano in Campania, , Campania, Italia",40.9276197,14.2031785,"Via Roma, Chalet, Giugliano in Campania, Napoli, Campania, 80017, Italia",TROVATO,nominatim
,,RAGION_X,AGXXX,FR0XX,Piazza Cavour 91,Pisa,56121,PI,Toscana,,Centro,Nuovi,"Piazza Cavour 91, 56121 Pisa, PI, Toscana, Italia",43.663762,10.6352007,"Piazza Cavour, Bellaria, Le Cantine, Romito, Pontedera, Pisa, Toscana, 56025, Italia",TROVATO,nominatim
,,RAGION_X,AGXXX,FR0XX,Via Giuseppe Mazzini 99,Savona,17100,SV,Liguria,,Nord,Nuovi,"Via Giuseppe Mazzini 99, 17100 Savona, SV, Liguria, Italia",44.2279017,8.4190041,"Via Giuseppe Mazzini, Spotorno, Savona, Liguria, 17028, Italia",TROVATO,nominatim
,,RAGION_X,AGXXX,FR0XX,Piazza Garibaldi 43,Marsala,91025,TP,Sicilia,,Sud,Nuovi,"Piazza Garibaldi 43, 91025 Marsala, TP, Sicilia, Italia",37.7979221,12.4342091,"Marsala, Trapani, Sicilia, 91025, Italia",TROVATO_COMUNE,nominatim
,,RAGION_X,AGXXX,FR0XX,Via Giuseppe Mazzini 117,Cagliari,09121,CA,Sardegna,,Sud,Nuovi,"Via Giuseppe Mazzini 117, 09121 Cagliari, CA, Sardegna, Italia",39.2158851,9.11582,"Via Giuseppe Mazzini, Lapola/Marina, Casteddu/Cagliari, Sardigna/Sardegna, 09124, Italia",TROVATO,nominatim
,,RAGION_X,AGXXX,FR0XX,Via Vittorio Emanuele II 166,Mestre,30171,VE,Veneto,,Nord,Nuovi,"Via Vittorio Emanuele II 166, 30171 Mestre, VE, Veneto, Italia",45.4943063,12.2418053,"Mestre, Venezia, Veneto, 30170, Italia",TROVATO_COMUNE,nominatim
,,RAGION_X,AGXXX,FR0XX,Via Alessandro Manzoni 64,Fiumicino,00054,RM,Lazio,,Centro,Nuovi,"Via Alessandro Manzoni 64, 00054 Fiumicino, RM, Lazio, Italia",41.7712145,12.2278855,"Fiumicino, Roma Capitale, Lazio, Italia",TROVATO_COMUNE,nominatim
,,RAGION_X,AGXXX,FR0XX,Via XX Settembre 167,Avezzano,67051,AQ,Abruzzo,,Sud,Nuovi,"Via XX Settembre 167, 67051 Avezzano, AQ, Abruzzo, Italia",42.0379326,13.4359161,"Via Venti Settembre, Il Cupello, San Pelino, Avezzano, L'Aquila, Abruzzo, 67051, Italia",TROVATO,nominatim
,,RAGION_X,AGXXX,FR0XX,Via San Francesco 10,Avezzano,67051,AQ,Abruzzo,,Sud,Nuovi,"Via San Francesco 10, 67051 Avezzano, AQ, Abruzzo, Italia",42.0085021,13.4215019,"Via San Francesco, Avezzano, L'Aquila, Abruzzo, 67051, Italia",TROVATO,nominatim
,,RAGION_X,AGXXX,FR0XX,Corso Vittorio Emanuele 181,Udine,33100,UD,Friuli Venezia Giulia,,Nord,Nuovi,"Corso Vittorio Emanuele 181, 33100 Udine, UD, Friuli Venezia Giulia, Italia",46.0634632,13.2358377,"Udine / Udin, Udine / Udin / Videm, Friuli-Venezia Giulia, 33100, Italia",TROVATO_COMUNE,nominatim
,,RAGION_X,AGXXX,FR0XX,Via Milano 7,Roma,00184,RM,Lazio,,Centro,Nuovi,"Via Milano 7, 00184 Roma, RM, Lazio, Italia",41.8992453,12.4898294,"Via Milano, Monti, Municipio Roma I, Roma, Roma Capitale, Lazio, 00184, Italia",TROVATO,nominatim
,,RAGION_X,AGXXX,FR0XX,Via Trento 88,Treviso,31100,TV,Veneto,,Nord,Nuovi,"Via Trento 88, 31100 Treviso, TV, Veneto, Italia",45.7092147,12.2144776,"Via Trento, Zanella, Ponzano, Ponzano Veneto, Treviso, Veneto, 31050, Italia",TROVATO,nominatim
,,RAGION_X,AGXXX,FR0XX,Via Trieste 213,Bressanone,39042,BZ,Trentino-Alto Adige,,Nord,Nuovi,"Via Trieste 213, 39042 Bressanone, BZ, Trentino-Alto Adige, Italia",46.716413,11.657792,"Brixen - Bressanone, Eisacktal - Valle Isarco, Bolzano - Bozen, Trentino-Alto Adige/Südtirol, 39042, Italia",TROVATO_COMUNE,nominatim
,,RAGION_X,AGXXX,FR0XX,Via Alessandro Manzoni 27,Novara,28100,NO,Piemonte,,Nord,Nuovi,"Via Alessandro Manzoni 27, 28100 Novara, NO, Piemonte, Italia",45.7459316,8.4371602,"27, Via Alessandro Manzoni, Auzate, Gozzano, Novara, Piemonte, 28024, Italia",TROVATO,nominatim
,,RAGION_X,AGXXX,FR0XX,Via Trieste 23,Civitanova Marche,62012,MC,Marche,,Centro,Nuovi,"Via Trieste 23, 62012 Civitanova Marche, MC, Marche, Italia",43.305679,13.7281711,"Via Trieste, Centro, Civitanova Marche, Macerata, Marche, 62012, Italia",TROVATO,nominatim
,,RAGION_X,AGXXX,FR0XX,Via Aldo Moro 106,Carbonia,09013,SU,Sardegna,,Sud,Nuovi,"Via Aldo Moro 106, 09013 Carbonia, SU, Sardegna, Italia",39.2419446,8.4645321,"Via Aldo Moro, Colonia Bellisai, Bacu Abis, Carbonia, Sulcis Iglesiente, Sardigna/Sardegna, 09013, Italia",TROVATO,nominatim
,,RAGION_X,AGXXX,FR0XX,Via Bologna 152,Pozzuoli,80078,,Campania,,Sud,Nuovi,"Via Bologna 152, 80078 Pozzuoli, , Campania, Italia",40.822643,14.1219109,"Pozzuoli, Napoli, Campania, 80078, Italia",TROVATO_COMUNE,nominatim
,,RAGION_X,AGXXX,FR0XX,Via Camillo Cavour 72,Varese,21100,VA,Lombardia,,Nord,Nuovi,"Via Camillo Cavour 72, 21100 Varese, VA, Lombardia, Italia",45.7139849,8.9036184,"Via Camillo Cavour, Barnasc, Ceppine, Tradate, Varese, Lombardia, 21049, Italia",TROVATO,nominatim
,,RAGION_X,AGXXX,FR0XX,Via San Francesco 199,Lucca,55100,LU,Toscana,,Centro,Nuovi,"Via San Francesco 199, 55100 Lucca, LU, Toscana, Italia",43.8769053,10.3346203,"Via San Francesco, Pieve a Elici, Bozzano, Massarosa, Unione dei comuni della Versilia, Lucca, Toscana, 55054, Italia",TROVATO,nominatim
,,RAGION_X,AGXXX,FR0XX,Via della Repubblica 24,Novara,28100,NO,Piemonte,,Nord,Nuovi,"Via della Repubblica 24, 28100 Novara, NO, Piemonte, Italia",45.4793488,8.6960778,"Via della Repubblica, Porta San Pietro, Galliate, Novara, Piemonte, 28066, Italia",TROVATO,nominatim
,,RAGION_X,AGXXX,FR0XX,Via Roma 218,L'Aquila,67100,AQ,Abruzzo,,Sud,Nuovi,"Via Roma 218, 67100 L'Aquila, AQ, Abruzzo, Italia",42.3535253,13.3938764,"Via Roma, Quarto di San Pietro, Torretta, L'Aquila, Abruzzo, 67100, Italia",TROVATO,nominatim
,,RAGION_X,AGXXX,FR0XX,Via Firenze 6,Benevento,82100,BN,Campania,,Sud,Nuovi,"Via Firenze 6, 82100 Benevento, BN, Campania, Italia",41.0606998,14.5539912,"Pizza E Contorni, 6, Via Firenze, San Michele, Airola, Benevento, Campania, 82011, Italia",TROVATO,nominatim
,,RAGION_X,AGXXX,FR0XX,Via XX Settembre 36,Rende,87036,CS,Calabria,,Sud,Nuovi,"Via XX Settembre 36, 87036 Rende, CS, Calabria, Italia",39.3339634,16.1837359,"Via Venti Settembre, Rende, Cosenza, Calabria, 87036, Italia",TROVATO,nominatim
,,RAGION_X,AGXXX,FR0XX,Piazza Garibaldi 40,Carrara,54033,MS,Toscana,,Centro,Nuovi,"Piazza Garibaldi 40, 54033 Carrara, MS, Toscana, Italia",44.0784952,10.0965332,"Piazza Giuseppe Garibaldi, Fossola, Sorgnano, Carrara, Massa-Carrara, Toscana, 54033, Italia",TROVATO,nominatim
,,RAGION_X,AGXXX,FR0XX,Via Bologna 142,Cosenza,87100,CS,Calabria,,Sud,Nuovi,"Via Bologna 142, 87100 Cosenza, CS, Calabria, Italia",39.1293469,16.077386,"Via Bologna, Amantea Paese, Amantea, Cosenza, Calabria, 87032, Italia",TROVATO,nominatim
,,RAGION_X,AGXXX,FR0XX,Via Trieste 187,Velletri,00049,RM,Lazio,,Centro,Nuovi,"Via Trieste 187, 00049 Velletri, RM, Lazio, Italia",41.6867015,12.7770433,"Velletri, Roma Capitale, Lazio, 00049, Italia",TROVATO_COMUNE,nominatim
,,RAGION_X,AGXXX,FR0XX,Via Vittorio Emanuele II 91,Marano di Napoli,80016,,Campania,,Sud,Nuovi,"Via Vittorio Emanuele II 91, 80016 Marano di Napoli, , Campania, Italia",40.89761,14.190528,"Marano di Napoli, Napoli, Campania, 80016, Italia",TROVATO_COMUNE,nominatim
,,RAGION_X,AGXXX,FR0XX,Via Cesare Battisti 166,Matera,75100,MT,Basilicata,,Sud,Nuovi,"Via Cesare Battisti 166, 75100 Matera, MT, Basilicata, Italia",40.5572565,16.6633561,"Via Cesare Battisti, Rione Abbazia, Montescaglioso, Matera, Basilicata, 75024, Italia",TROVATO,nominatim
,,RAGION_X,AGXXX,FR0XX,Via Alessandro Manzoni 132,Bisceglie,76011,BT,Puglia,,Sud,Nuovi,"Via Alessandro Manzoni 132, 76011 Bisceglie, BT, Puglia, Italia",41.2407788,16.5019124,"Bisceglie, Barletta-Andria-Trani, Puglia, 76011, Italia",TROVATO_COMUNE,nominatim
,,RAGION_X,AGXXX,FR0XX,Via Leonardo da Vinci 37,Lamezia Terme,88046,CZ,Calabria,,Sud,Nuovi,"Via Leonardo da Vinci 37, 88046 Lamezia Terme, CZ, Calabria, Italia",38.9681563,16.3169145,"Via Leonardo da Vinci, Magolà, Lamezia Terme, Catanzaro, Calabria, 88046, Italia",TROVATO,nominatim
,,RAGION_X,AGXXX,FR0XX,Via Giuseppe Garibaldi 25,Enna,94100,EN,Sicilia,,Sud,Nuovi,"Via Giuseppe Garibaldi 25, 94100 Enna, EN, Sicilia, Italia",37.5855666,14.1765316,"Via Giuseppe Garibaldi, Villarosa, Enna, Sicilia, 94028, Italia",TROVATO,nominatim
,,RAGION_X,AGXXX,FR0XX,Via Roma 46,Merano,39012,BZ,Trentino-Alto Adige,,Nord,Nuovi,"Via Roma 46, 39012 Merano, BZ, Trentino-Alto Adige, Italia",46.6671107,11.1619714,"46, Romstraße - Via Roma, Untermais 1 - Maia Bassa 1, Untermais - Maia Bassa, Meran - Merano, Burggrafenamt - Burgraviato, Bolzano - Bozen, Trentino-Alto Adige/Südtirol, 39012, Italia",TROVATO,nominatim
,,RAGION_X,AGXXX,FR0XX,Via Trento 207,Rovereto,38068,TN,Trentino-Alto Adige,,Nord,Nuovi,"Via Trento 207, 38068 Rovereto, TN, Trentino-Alto Adige, Italia",45.8949744,11.0344411,"Via del Brennero - Strada Statale 12 del Brennero, San Giorgio, Rovereto, Comunità della Vallagarina, Provincia di Trento, Trentino-Alto Adige/Südtirol, 38068, Italia",TROVATO,nominatim
,,RAGION_X,AGXXX,FR0XX,Via Nazionale 170,Pozzuoli,80078,,Campania,,Sud,Nuovi,"Via Nazionale 170, 80078 Pozzuoli, , Campania, Italia",40.822643,14.1219109,"Pozzuoli, Napoli, Campania, 80078, Italia",TROVATO_COMUNE,nominatim
,,RAGION_X,AGXXX,FR0XX,Via Firenze 89,Reggio Calabria,89121,RC,Calabria,,Sud,Nuovi,"Via Firenze 89, 89121 Reggio Calabria, RC, Calabria, Italia",38.1065595,15.6472329,"Via Firenze, Reggio di Calabria, Reggio Calabria, Calabria, 89128, Italia",TROVATO,nominatim
,,RAGION_X,AGXXX,FR0XX,Via Nazionale 178,Lamezia Terme,88046,CZ,Calabria,,Sud,Nuovi,"Via Nazionale 178, 88046 Lamezia Terme, CZ, Calabria, Italia",38.9645069,16.3021451,"Lamezia Terme, Catanzaro, Calabria, 88046, Italia",TROVATO_COMUNE,nominatim
,,RAGION_X,AGXXX,FR0XX,Via Nazionale 124,Catanzaro,88100,CZ,Calabria,,Sud,Nuovi,"Via Nazionale 124, 88100 Catanzaro, CZ, Calabria, Italia",38.8202094,16.6093428,"Via Nazionale, Catanzaro Lido, Catanzaro, Calabria, 88100, Italia",TROVATO,nominatim
,,RAGION_X,AGXXX,FR0XX,Via della Repubblica 9,Modena,41121,MO,Emilia-Romagna,,Nord,Nuovi,"Via della Repubblica 9, 41121 Modena, MO, Emilia-Romagna, Italia",44.5508456,10.9397318,"9, Via della Repubblica, Pio Soli, Cavidole, Castelnuovo Rangone, Unione di comuni Terre di Castelli, Modena, Emilia-Romagna, 41051, Italia",TROVATO,nominatim
,,RAGION_X,AGXXX,FR0XX,Corso Vittorio Emanuele 55,Cuneo,12100,CN,Piemonte,,Nord,Nuovi,"Corso Vittorio Emanuele 55, 12100 Cuneo, CN, Piemonte, Italia",44.3805955,7.5407843,"Corso Vittorio Emanuele Secondo, Cuneo Nuova, Borgo San Giuseppe, Cuneo, Piemonte, 12100, Italia",TROVATO,nominatim
,,RAGION_X,AGXXX,FR0XX,Via Roma 196,Schio,36015,VI,Veneto,,Nord,Nuovi,"Via Roma 196, 36015 Schio, VI, Veneto, Italia",45.7075693,11.3550068,"Riva Magrè - Via Roma, Viale Roma, Magrè, Schio, Vicenza, Veneto, 36015, Italia",TROVATO_FALLBACK,nominatim
,,RAGION_X,AGXXX,FR0XX,Via Giuseppe Garibaldi 64,Milano,20121,MI,Lombardia,,Nord,Nuovi,"Via Giuseppe Garibaldi 64, 20121 Milano, MI, Lombardia, Italia",45.5574833,9.3419054,"64, Via Giuseppe Garibaldi, Zona Industriale Carugate, Carugate, Rodano, Milano, Lombardia, 20061, Italia",TROVATO,nominatim
,,RAGION_X,AGXXX,FR0XX,Via Alessandro Manzoni 84,Ragusa,97100,RG,Sicilia,,Sud,Nuovi,"Via Alessandro Manzoni 84, 97100 Ragusa, RG, Sicilia, Italia",36.7948977,14.7074843,"Via Alessandro Manzoni, Balata, Scicli, Ragusa, Sicilia, 97018, Italia",TROVATO,nominatim
,,RAGION_X,AGXXX,FR0XX,Via della Repubblica 219,Salerno,84121,SA,Campania,,Sud,Nuovi,"Via della Repubblica 219, 84121 Salerno, SA, Campania, Italia",40.6995738,14.7095416,"Via della Repubblica, Rione Sala, Casa Davide, Cava de' Tirreni, Salerno, Campania, 84013, Italia",TROVATO,nominatim
,,RAGION_X,AGXXX,FR0XX,Via Torino 153,Rovigo,45100,RO,Veneto,,Nord,Nuovi,"Via Torino 153, 45100 Rovigo, RO, Veneto, Italia",45.0481115,11.8724837,"Via Torino, Palà, Ceregnano, Rovigo, Veneto, 45010, Italia",TROVATO,nominatim
,,RAGION_X,AGXXX,FR0XX,Via Giuseppe Verdi 162,Sesto San Giovanni,20099,MI,Lombardia,,Nord,Nuovi,"Via Giuseppe Verdi 162, 20099 Sesto San Giovanni, MI, Lombardia, Italia",45.532889,9.2387934,"Via Giuseppe Verdi, Isola del Bosco, Sesto San Giovanni, Zona Omogenea Milano Nord, Milano, Lombardia, 20099, Italia",TROVATO,nominatim
,,RAGION_X,AGXXX,FR0XX,Via Giacomo Matteotti 171,La Spezia,19121,SP,Liguria,,Nord,Nuovi,"Via Giacomo Matteotti 171, 19121 La Spezia, SP, Liguria, Italia",44.1366465,9.7726773,"Via Giacomo Matteotti, Pozzo, San Benedetto, Riccò del Golfo di Spezia, La Spezia, Liguria, 19020, Italia",TROVATO,nominatim
,,RAGION_X,AGXXX,FR0XX,Piazza Garibaldi 124,Savona,17100,SV,Liguria,,Nord,Nuovi,"Piazza Garibaldi 124, 17100 Savona, SV, Liguria, Italia",44.2060095,8.4154156,"Piazza Giuseppe Garibaldi, Voze, Noli, Savona, Liguria, 17026, Italia",TROVATO,nominatim
,,RAGION_X,AGXXX,FR0XX,Via Aldo Moro 107,Città di Castello,06012,PG,Umbria,,Centro,Nuovi,"Via Aldo Moro 107, 06012 Città di Castello, PG, Umbria, Italia",43.4673928,12.2550979,"Via Aldo Moro, San Rocco, Città di Castello, Perugia, Umbria, 06012, Italia",TROVATO,nominatim
,,RAGION_X,AGXXX,FR0XX,Piazza Garibaldi 18,Senigallia,60019,AN,Marche,,Centro,Nuovi,"Piazza Garibaldi 18, 60019 Senigallia, AN, Marche, Italia",43.7139244,13.2150323,"Piazza Giuseppe Garibaldi, Portone, Borgo Molino, Senigallia, Ancona, Marche, 60019, Italia",TROVATO,nominatim
,,RAGION_X,AGXXX,FR0XX,Via Leonardo da Vinci 90,Lucca,55100,LU,Toscana,,Centro,Nuovi,"Via Leonardo da Vinci 90, 55100 Lucca, LU, Toscana, Italia",43.8729303,10.2437574,"90, Via Leonardo da Vinci, Fontanini, Viareggio, Unione dei comuni della Versilia, Lucca, Toscana, 55049, Italia",TROVATO,nominatim
,,RAGION_X,AGXXX,FR0XX,Via Antonio Gramsci 95,Ragusa,97100,RG,Sicilia,,Sud,Nuovi,"Via Antonio Gramsci 95, 97100 Ragusa, RG, Sicilia, Italia",37.0307559,14.6992256,"Via Antonio Gramsci, Villaggio Gulfi, Chiaramonte Gulfi, Ragusa, Sicilia, 97012, Italia",TROVATO,nominatim
,,RAGION_X,AGXXX,FR0XX,Via Cesare Battisti 170,Faenza,48018,RA,Emilia-Romagna,,Nord,Nuovi,"Via Cesare Battisti 170, 48018 Faenza, RA, Emilia-Romagna, Italia",44.2855555,11.8832055,"Faenza, Unione della Romagna Faentina, Ravenna, Emilia-Romagna, 48018, Italia",TROVATO_COMUNE,nominatim
,,RAGION_X,AGXXX,FR0XX,Via Trieste 181,Crotone,88900,KR,Calabria,,Sud,Nuovi,"Via Trieste 181, 88900 Crotone, KR, Calabria, Italia",38.9605449,17.0933419,"Via Trieste, Isola di Capo Rizzuto, Crotone, Calabria, 88841, Italia",TROVATO,nominatim
,,RAGION_X,AGXXX,FR0XX,Via Giacomo Matteotti 75,Olbia,07026,SS,Sardegna,,Sud,Nuovi,"Via Giacomo Matteotti 75, 07026 Olbia, SS, Sardegna, Italia",40.7219767,8.5669667,"Via Olbia, Cappuccini, Tàttari/Sassari, Sardigna/Sardegna, 07100, Italia",TROVATO_COMUNE,nominatim
,,RAGION_X,AGXXX,FR0XX,Via Giuseppe Garibaldi 5,Lecce,73100,LE,Puglia,,Sud,Nuovi,"Via Giuseppe Garibaldi 5, 73100 Lecce, LE, Puglia, Italia",40.3560942,18.175837,"5, Via Giuseppe Garibaldi, Lecce, Puglia, 73100, Italia",TROVATO,nominatim
,,RAGION_X,AGXXX,FR0XX,Via San Francesco 31,Padova,35121,PD,Veneto,,Nord,Nuovi,"Via San Francesco 31, 35121 Padova, PD, Veneto, Italia",45.4054779,11.8801648,"Via San Francesco, Madonna Pellegrina, Padova, Veneto, 35100, Italia",TROVATO,nominatim
,,RAGION_X,AGXXX,FR0XX,Via Goffredo Mameli 150,Biella,13900,BI,Piemonte,,Nord,Nuovi,"Via Goffredo Mameli 150, 13900 Biella, BI, Piemonte, Italia",45.5750615,8.0713232,"Via Goffredo Mameli, Arico, Chiavazza, Biella, Piemonte, 13900, Italia",TROVATO,nominatim
,,RAGION_X,AGXXX,FR0XX,Via Giuseppe Verdi 88,Gela,93012,CL,Sicilia,,Sud,Nuovi,"Via Giuseppe Verdi 88, 93012 Gela, CL, Sicilia, Italia",37.0652175,14.2486469,"Via Giuseppe Verdi, Quartiere Santa Maria Gesù, Gela, Caltanissetta, Sicilia, 93012, Italia",TROVATO,nominatim
,,RAGION_X,AGXXX,FR0XX,Via Antonio Gramsci 189,Pavia,27100,PV,Lombardia,,Nord,Nuovi,"Via Antonio Gramsci 189, 27100 Pavia, PV, Lombardia, Italia",45.1915269,9.1884634,"Via Antonio Gramsci, Vallone Nuovo, Pavia, Lombardia, 27100, Italia",TROVATO,nominatim
,,RAGION_X,AGXXX,FR0XX,Via Alessandro Manzoni 37,Tivoli,00019,RM,Lazio,,Centro,Nuovi,"Via Alessandro Manzoni 37, 00019 Tivoli, RM, Lazio, Italia",41.9550546,12.7127572,"Via Alessandro Manzoni, Borgonovo, Tivoli Terme, Tivoli, Roma Capitale, Lazio, 00011, Italia",TROVATO,nominatim
,,RAGION_X,AGXXX,FR0XX,Via della Repubblica 202,Reggio Emilia,42121,RE,Emilia-Romagna,,Nord,Nuovi,"Via della Repubblica 202, 42121 Reggio Emilia, RE, Emilia-Romagna, Italia",44.6625928,10.590018,"Via della Repubblica, Il Casale, Rivalta, Reggio Emilia, Reggio nell'Emilia, Emilia-Romagna, 42123, Italia",TROVATO,nominatim
,,RAGION_X,AGXXX,FR0XX,Via Torino 97,Massa,54100,MS,Toscana,,Centro,Nuovi,"Via Torino 97, 54100 Massa, MS, Toscana, Italia",44.0359323,10.1395519,"Massa, Massa-Carrara, Toscana, Italia",TROVATO_COMUNE,nominatim
,,RAGION_X,AGXXX,FR0XX,Via Venezia 84,Livorno,57121,LI,Toscana,,Centro,Nuovi,"Via Venezia 84, 57121 Livorno, LI, Toscana, Italia",43.4822028,10.4449517,"Via Venezia, Poggiopiano, Gabbro, Rosignano Marittimo, Livorno, Toscana, Italia",TROVATO,nominatim
,,RAGION_X,AGXXX,FR0XX,Via Antonio Gramsci 37,Rapallo,16035,GE,Liguria,,Nord,Nuovi,"Via Antonio Gramsci 37, 16035 Rapallo, GE, Liguria, Italia",44.3477999,9.2285251,"Via Antonio Gramsci, Cerisola, San Michele di Pagana, Rapallo, Genova, Liguria, 16035, Italia",TROVATO,nominatim
,,RAGION_X,AGXXX,FR0XX,Via Giuseppe Mazzini 140,Mestre,30171,VE,Veneto,,Nord,Nuovi,"Via Giuseppe Mazzini 140, 30171 Mestre, VE, Veneto, Italia",45.4921841,12.2377034,"Via Giuseppe Mazzini, Carpenedo, Mestre-Carpenedo, Mestre, Venezia, Veneto, 30170, Italia",TROVATO,nominatim
,,RAGION_X,AGXXX,FR0XX,Via XX Settembre 195,Cinisello Balsamo,20092,MI,Lombardia,,Nord,Nuovi,"Via XX Settembre 195, 20092 Cinisello Balsamo, MI, Lombardia, Italia",45.5496144,9.2280395,"Via Venti Settembre, Cornaggia, Crocetta, Cinisello Balsamo, Zona Omogenea Milano Nord, Milano, Lombardia, 20092, Italia",TROVATO,nominatim
,,RAGION_X,AGXXX,FR0XX,Via Camillo Cavour 184,Montesilvano,65015,PE,Abruzzo,,Sud,Nuovi,"Via Camillo Cavour 184, 65015 Montesilvano, PE, Abruzzo, Italia",42.5136032,14.1516203,"Montesilvano, Pescara, Abruzzo, Italia",TROVATO_COMUNE,nominatim
,,RAGION_X,AGXXX,FR0XX,Via Venezia 151,Reggio Calabria,89121,RC,Calabria,,Sud,Nuovi,"Via Venezia 151, 89121 Reggio Calabria, RC, Calabria, Italia",38.1071248,15.64823,"Via Venezia, Reggio di Calabria, Reggio Calabria, Calabria, 89128, Italia",TROVATO,nominatim
,,RAGION_X,AGXXX,FR0XX,Via Roma 62,Moncalieri,10024,TO,Piemonte,,Nord,Nuovi,"Via Roma 62, 10024 Moncalieri, TO, Piemonte, Italia",45.0004614,7.6847543,"Moncalieri, Torino, Piemonte, 10024, Italia",TROVATO_COMUNE,nominatim
,,RAGION_X,AGXXX,FR0XX,Via Giuseppe Garibaldi 66,Firenze,50121,FI,Toscana,,Centro,Nuovi,"Via Giuseppe Garibaldi 66, 50121 Firenze, FI, Toscana, Italia",43.8327883,11.1959957,"66, Via Giuseppe Garibaldi, Zambra, Sesto Fiorentino, Firenze, Toscana, 50019, Italia",TROVATO,nominatim
,,RAGION_X,AGXXX,FR0XX,Via Vittorio Emanuele II 57,Biella,13900,BI,Piemonte,,Nord,Nuovi,"Via Vittorio Emanuele II 57, 13900 Biella, BI, Piemonte, Italia",45.6070393,8.1285722,"Via Vittorio Emanuele II, Castagnolio, Bioglio, Biella, Piemonte, 13841, Italia",TROVATO,nominatim
,,RAGION_X,AGXXX,FR0XX,Via Trieste 33,Vicenza,36100,VI,Veneto,,Nord,Nuovi,"Via Trieste 33, 36100 Vicenza, VI, Veneto, Italia",45.5196931,11.4840189,"Via Trieste, Ca' Brusà, Altavilla Vicentina, Vicenza, Veneto, 36077, Italia",TROVATO,nominatim
,,RAGION_X,AGXXX,FR0XX,Via Bologna 183,Collegno,10093,TO,Piemonte,,Nord,Nuovi,"Via Bologna 183, 10093 Collegno, TO, Piemonte, Italia",45.074161,7.5683079,"Via Bologna, Leumann, Collegno, Torino, Piemonte, 10093, Italia",TROVATO,nominatim
,,RAGION_X,AGXXX,FR0XX,Via Cesare Battisti 200,Trento,38122,TN,Trentino-Alto Adige,,Nord,Nuovi,"Via Cesare Battisti 200, 38122 Trento, TN, Trentino-Alto Adige, Italia",46.0886931,11.1820263,"Via Cesare Battisti, Orzano, Civezzano, Comunità Alta Valsugana e Bersntol, Provincia di Trento, Trentino-Alto Adige/Südtirol, 38057, Italia",TROVATO,nominatim
,,RAGION_X,AGXXX,FR0XX,Via Milano 195,Bisceglie,76011,BT,Puglia,,Sud,Nuovi,"Via Milano 195, 76011 Bisceglie, BT, Puglia, Italia",41.2375573,16.5003236,"Via Carlo de Trizio, Bisceglie, Barletta-Andria-Trani, Puglia, 76011, Italia",TROVATO,nominatim
,,RAGION_X,AGXXX,FR0XX,Via San Francesco 67,Gallarate,21013,VA,Lombardia,,Nord,Nuovi,"Via San Francesco 67, 21013 Gallarate, VA, Lombardia, Italia",45.6615402,8.7919574,"Via San Francesco, Centro storico, Centro, Gallarate, Varese, Lombardia, 21013, Italia",TROVATO,nominatim
,,RAGION_X,AGXXX,FR0XX,Via Giuseppe Garibaldi 81,Cuneo,12100,CN,Piemonte,,Nord,Nuovi,"Via Giuseppe Garibaldi 81, 12100 Cuneo, CN, Piemonte, Italia",44.3313802,7.4888405,"Via Giuseppe Garibaldi, Borgo San Dalmazzo, Cuneo, Piemonte, 12011, Italia",TROVATO,nominatim
,,RAGION_X,AGXXX,FR0XX,Via Antonio Gramsci 92,Macerata,62100,MC,Marche,,Centro,Nuovi,"Via Antonio Gramsci 92, 62100 Macerata, MC, Marche, Italia",43.3001096,13.4519441,"Via Antonio Gramsci, Centro storico, Macerata, Marche, 62100, Italia",TROVATO,nominatim
,,RAGION_X,AGXXX,FR0XX,Via Alessandro Manzoni 50,Viareggio,55049,LU,Toscana,,Centro,Nuovi,"Via Alessandro Manzoni 50, 55049 Viareggio, LU, Toscana, Italia",43.8305275,10.2785904,"Via Alessandro Manzoni, Torre del Lago Puccini, Viareggio, Unione dei comuni della Versilia, Lucca, Toscana, 55049, Italia",TROVATO,nominatim
,,RAGION_X,AGXXX,FR0XX,Via Camillo Cavour 134,Pozzuoli,80078,,Campania,,Sud,Nuovi,"Via Camillo Cavour 134, 80078 Pozzuoli, , Campania, Italia",40.8221647,14.1199813,"Via Camillo Benso Cavour, Pozzuoli, Rione Ortodonico, Pozzuoli, Napoli, Campania, 80078, Italia",TROVATO,nominatim
,,RAGION_X,AGXXX,FR0XX,Via Giacomo Matteotti 28,Lecco,23900,LC,Lombardia,,Nord,Nuovi,"Via Giacomo Matteotti 28, 23900 Lecco, LC, Lombardia, Italia",45.8165815,9.3816786,"Via Giacomo Matteotti, Roncaccio, Taccolino, Bartesate, Galbiate, Lecco, Lombardia, 23851, Italia",TROVATO,nominatim
,,RAGION_X,AGXXX,FR0XX,Via Trento 190,Ferrara,44121,FE,Emilia-Romagna,,Nord,Nuovi,"Via Trento 190, 44121 Ferrara, FE, Emilia-Romagna, Italia",44.8305739,12.1091978,"Via Trento, Codigoro, Unione Delta del Po, Ferrara, Emilia-Romagna, 44021, Italia",TROVATO,nominatim
,,RAGION_X,AGXXX,FR0XX,Via Nazionale 85,Massa,54100,MS,Toscana,,Centro,Nuovi,"Via Nazionale 85, 54100 Massa, MS, Toscana, Italia",44.1803848,10.0446655,"Via Nazionale, San Terenzo Monti, Ceserano, Fivizzano, Unione di comuni Montana Lunigiana, Massa-Carrara, Toscana, Italia",TROVATO,nominatim
,,RAGION_X,AGXXX,FR0XX,Via Trieste 81,Bagheria,90011,PA,Sicilia,,Sud,Nuovi,"Via Trieste 81, 90011 Bagheria, PA, Sicilia, Italia",38.1065008,13.5006193,"Via Trieste, Aspra, Bagheria, Palermo, Sicilia, 90011, Italia",TROVATO,nominatim
,,RAGION_X,AGXXX,FR0XX,Via Trieste 186,Pordenone,33170,PN,Friuli Venezia Giulia,,Nord,Nuovi,"Via Trieste 186, 33170 Pordenone, PN, Friuli Venezia Giulia, Italia",45.9775453,12.6942378,"Via Trieste, Sclavons, Cordenons, Pordenone / Pordenon, Friuli-Venezia Giulia, 33084, Italia",TROVATO,nominatim
,,RAGION_X,AGXXX,FR0XX,Via Giuseppe Garibaldi 147,Rivoli,10098,TO,Piemonte,,Nord,Nuovi,"Via Giuseppe Garibaldi 147, 10098 Rivoli, TO, Piemonte, Italia",45.0697151,7.5176764,"Rivoli, Torino, Piemonte, 10098, Italia",TROVATO_COMUNE,nominatim
,,RAGION_X,AGXXX,FR0XX,Via Milano 12,Sesto San Giovanni,20099,MI,Lombardia,,Nord,Nuovi,"Via Milano 12, 20099 Sesto San Giovanni, MI, Lombardia, Italia",45.526538,9.2457259,"Via Milano, Cassina de' Gatti, Sesto San Giovanni, Zona Omogenea Milano Nord, Milano, Lombardia, 20099, Italia",TROVATO,nominatim
,,RAGION_X,AGXXX,FR0XX,Via Vittorio Emanuele II 79,Enna,94100,EN,Sicilia,,Sud,Nuovi,"Via Vittorio Emanuele II 79, 94100 Enna, EN, Sicilia, Italia",37.5690298,14.2724682,"Via Vittorio Emanuele, Monte, Enna Bassa, Enna, Sicilia, 94100, Italia",TROVATO,nominatim
,,RAGION_X,AGXXX,FR0XX,Via Dante Alighieri 202,Carrara,54033,MS,Toscana,,Centro,Nuovi,"Via Dante Alighieri 202, 54033 Carrara, MS, Toscana, Italia",44.0381566,10.04909,"Via Dante Alighieri, Marina di Carrara, Carrara, Massa-Carrara, Toscana, 54033, Italia",TROVATO,nominatim
,,RAGION_X,AGXXX,FR0XX,Via Giacomo Matteotti 185,Marsala,91025,TP,Sicilia,,Sud,Nuovi,"Via Giacomo Matteotti 185, 91025 Marsala, TP, Sicilia, Italia",37.7979221,12.4342091,"Marsala, Trapani, Sicilia, 91025, Italia",TROVATO_COMUNE,nominatim
,,RAGION_X,AGXXX,FR0XX,Via Cesare Battisti 98,Chiavari,16043,GE,Liguria,,Nord,Nuovi,"Via Cesare Battisti 98, 16043 Chiavari, GE, Liguria, Italia",44.3147133,9.3337976,"Via Cesare Battisti, Sampierdicanne, Chiavari, Genova, Liguria, 16043, Italia",TROVATO,nominatim
,,RAGION_X,AGXXX,FR0XX,Via Aldo Moro 42,Empoli,50053,FI,Toscana,,Centro,Nuovi,"Via Aldo Moro 42, 50053 Empoli, FI, Toscana, Italia",43.7096865,10.9395442,"Via Aldo Moro, Vacchereccia, Pozzale, Empoli, Unione dei Comuni Circondario dell'Empolese Valdelsa, Firenze, Toscana, 50053, Italia",TROVATO,nominatim
,,RAGION_X,AGXXX,FR0XX,Via Giuseppe Mazzini 47,Avellino,83100,AV,Campania,,Sud,Nuovi,"Via Giuseppe Mazzini 47, 83100 Avellino, AV, Campania, Italia",40.9101782,14.7925294,"Via Giuseppe Mazzini, Mazzini, Bellizzi Irpino, Avellino, Campania, 83100, Italia",TROVATO,nominatim
,,RAGION_X,AGXXX,FR0XX,Via Cesare Battisti 15,Siena,53100,SI,Toscana,,Centro,Nuovi,"Via Cesare Battisti 15, 53100 Siena, SI, Toscana, Italia",43.4232667,11.126428,"15, Via Cesare Battisti, La Badia, Selvamaggio, Colle di Val d'Elsa, Siena, Toscana, 53034, Italia",TROVATO,nominatim
,,RAGION_X,AGXXX,FR0XX,Via Goffredo Mameli 212,Napoli,80121,,Campania,,Sud,Nuovi,"Via Goffredo Mameli 212, 80121 Napoli, , Campania, Italia",40.9106305,14.3023826,"Via Goffredo Mameli, Cantariello, Dietro Via Vecchia, Casoria, Napoli, Campania, 80026, Italia",TROVATO,nominatim
,,RAGION_X,AGXXX,FR0XX,Via Alessandro Manzoni 169,Ravenna,48121,RA,Emilia-Romagna,,Nord,Nuovi,"Via Alessandro Manzoni 169, 48121 Ravenna, RA, Emilia-Romagna, Italia",44.3586831,12.0783402,"Via Alessandro Manzoni, San Pancrazio, Russi, Ravenna, Emilia-Romagna, 48026, Italia",TROVATO,nominatim
,,RAGION_X,AGXXX,FR0XX,Via Goffredo Mameli 139,Alghero,07041,SS,Sardegna,,Sud,Nuovi,"Via Goffredo Mameli 139, 07041 Alghero, SS, Sardegna, Italia",40.5520921,8.3293922,"Via Goffredo Mameli, La Cunetta, l'Alguer/Alghero, Tàttari/Sassari, Sardigna/Sardegna, 07041, Italia",TROVATO,nominatim
,,RAGION_X,AGXXX,FR0XX,Via Dante Alighieri 97,Imola,40026,BO,Emilia-Romagna,,Nord,Nuovi,"Via Dante Alighieri 97, 40026 Imola, BO, Emilia-Romagna, Italia",44.3535145,11.7141233,"Imola, Nuovo Circondario Imolese, Bologna, Emilia-Romagna, 40026, Italia",TROVATO_COMUNE,nominatim
,,RAGION_X,AGXXX,FR0XX,Via Cesare Battisti 70,Treviglio,24047,BG,Lombardia,,Nord,Nuovi,"Via Cesare Battisti 70, 24047 Treviglio, BG, Lombardia, Italia",45.5339851,9.5972901,"Treviglio, Bergamo, Lombardia, 24047, Italia",TROVATO_COMUNE,nominatim
,,RAGION_X,AGXXX,FR0XX,Via Venezia 104,Milano,20121,MI,Lombardia,,Nord,Nuovi,"Via Venezia 104, 20121 Milano, MI, Lombardia, Italia",45.528936,9.2265947,"Via Venezia, Rondò, Vittoria, Sesto San Giovanni, Zona Omogenea Milano Nord, Milano, Lombardia, 20099, Italia",TROVATO,nominatim
,,RAGION_X,AGXXX,FR0XX,Piazza Cavour 24,Aprilia,04011,LT,Lazio,,Centro,Nuovi,"Piazza Cavour 24, 04011 Aprilia, LT, Lazio, Italia",41.5942016,12.6485765,"Aprilia, Latina, Lazio, 04011, Italia",TROVATO_COMUNE,nominatim
,,RAGION_X,AGXXX,FR0XX,Via Trento 32,Roma,00184,RM,Lazio,,Centro,Nuovi,"Via Trento 32, 00184 Roma, RM, Lazio, Italia",41.800819,12.5971289,"Via Trento, Ciampino, Roma Capitale, Lazio, 00043, Italia",TROVATO,nominatim
,,RAGION_X,AGXXX,FR0XX,Via Aldo Moro 116,Rimini,47921,RN,Emilia-Romagna,,Nord,Nuovi,"Via Aldo Moro 116, 47921 Rimini, RN, Emilia-Romagna, Italia",44.0526519,12.5531059,"Via Aldo Moro, IV P.E.E.P. Marecchiese, Grotta Rossa, Rimini, Emilia-Romagna, 47923, Italia",TROVATO,nominatim
,,RAGION_X,AGXXX,FR0XX,Via Vittorio Emanuele II 178,Ragusa,97100,RG,Sicilia,,Sud,Nuovi,"Via Vittorio Emanuele II 178, 97100 Ragusa, RG, Sicilia, Italia",37.0462031,14.795072,"Via Vittorio Emanuele, Giarratana, Ragusa, Sicilia, 97010, Italia",TROVATO,nominatim
,,RAGION_X,AGXXX,FR0XX,Via Vittorio Emanuele II 177,Belluno,32100,BL,Veneto,,Nord,Nuovi,"Via Vittorio Emanuele II 177, 32100 Belluno, BL, Veneto, Italia",46.0630261,12.0821268,"Via Vittorio Emanuele Secondo, Valenzai, Mel, Borgo Valbelluna, Belluno, Veneto, 32026, Italia",TROVATO,nominatim
,,RAGION_X,AGXXX,FR0XX,Via Camillo Cavour 208,Gorizia,34170,GO,Friuli Venezia Giulia,,Nord,Nuovi,"Via Camillo Cavour 208, 34170 Gorizia, GO, Friuli Venezia Giulia, Italia",45.9366519,13.5215578,"Via Camillo Benso conte di Cavour, Capriva del Friuli / Caprive, Capriva del Friuli, Gorizia / Gurize / Gorica, Friuli-Venezia Giulia, 34070, Italia",TROVATO,nominatim
,,RAGION_X,AGXXX,FR0XX,Via Antonio Gramsci 190,Giugliano in Campania,80014,,Campania,,Sud,Nuovi,"Via Antonio Gramsci 190, 80014 Giugliano in Campania, , Campania, Italia",40.949466,14.2145105,"Via Antonio Gramsci, Sant'Antimo, Napoli, Campania, 81031, Italia",TROVATO,nominatim
,,RAGION_X,AGXXX,FR0XX,Via Torino 88,Imola,40026,BO,Emilia-Romagna,,Nord,Nuovi,"Via Torino 88, 40026 Imola, BO, Emilia-Romagna, Italia",44.3535145,11.7141233,"Imola, Nuovo Circondario Imolese, Bologna, Emilia-Romagna, 40026, Italia",TROVATO_COMUNE,nominatim
,,RAGION_X,AGXXX,FR0XX,Corso Vittorio Emanuele 153,Napoli,80121,,Campania,,Sud,Nuovi,"Corso Vittorio Emanuele 153, 80121 Napoli, , Campania, Italia",40.8397033,14.2371819,"Corso Vittorio Emanuele, Chiaia, Municipalità 1, Napoli, Campania, 80121, Italia",TROVATO,nominatim
,,RAGION_X,AGXXX,FR0XX,Via Alessandro Manzoni 8,Trieste,34121,TS,Friuli Venezia Giulia,,Nord,Nuovi,"Via Alessandro Manzoni 8, 34121 Trieste, TS, Friuli Venezia Giulia, Italia",45.6465298,13.7833344,"8, Via Alessandro Manzoni, Perugino, Barriera Vecchia, Barriera Vecchia-San Giacomo, Trieste, Friuli-Venezia Giulia, 34138, Italia",TROVATO,nominatim
,,RAGION_X,AGXXX,FR0XX,Piazza Cavour 165,Varese,21100,VA,Lombardia,,Nord,Nuovi,"Piazza Cavour 165, 21100 Varese, VA, Lombardia, Italia",45.8376074,8.78079,"Piazza Cavour, Casciago, Varese, Lombardia, 21025, Italia",TROVATO,nominatim
,,RAGION_X,AGXXX,FR0XX,Via Antonio Gramsci 157,Bressanone,39042,BZ,Trentino-Alto Adige,,Nord,Nuovi,"Via Antonio Gramsci 157, 39042 Bressanone, BZ, Trentino-Alto Adige, Italia",46.716413,11.657792,"Brixen - Bressanone, Eisacktal - Valle Isarco, Bolzano - Bozen, Trentino-Alto Adige/Südtirol, 39042, Italia",TROVATO_COMUNE,nominatim
,,RAGION_X,AGXXX,FR0XX,Via Camillo Cavour 118,Bergamo,24121,BG,Lombardia,,Nord,Nuovi,"Via Camillo Cavour 118, 24121 Bergamo, BG, Lombardia, Italia",45.607266,9.6282335,"Via Camillo Cavour, Verdello, Bergamo, Lombardia, 24049, Italia",TROVATO,nominatim
,,RAGION_X,AGXXX,FR0XX,Via Torino 36,L'Aquila,67100,AQ,Abruzzo,,Sud,Nuovi,"Via Torino 36, 67100 L'Aquila, AQ, Abruzzo, Italia",42.4050216,13.2266168,"Via Torino, Menzano, L'Aquila, Abruzzo, 67019, Italia",TROVATO,nominatim
,,RAGION_X,AGXXX,FR0XX,Via Goffredo Mameli 140,Chieti,66100,CH,Abruzzo,,Sud,Nuovi,"Via Goffredo Mameli 140, 66100 Chieti, CH, Abruzzo, Italia",42.223112,14.403957,"Via Goffredo Mameli, Iconicella, Lanciano, Chieti, Abruzzo, 66034, Italia",TROVATO,nominatim
,,RAGION_X,AGXXX,FR0XX,Via Nazionale 40,Vittoria,97019,RG,Sicilia,,Sud,Nuovi,"Via Nazionale 40, 97019 Vittoria, RG, Sicilia, Italia",36.9514957,14.5304867,"Vittoria, Ragusa, Sicilia, 97019, Italia",TROVATO_COMUNE,nominatim
,,RAGION_X,AGXXX,FR0XX,Via Trento 113,Bassano del Grappa,36061,VI,Veneto,,Nord,Nuovi,"Via Trento 113, 36061 Bassano del Grappa, VI, Veneto, Italia",45.7726007,11.7206547,"Bassano del Grappa, Vicenza, Veneto, 36061, Italia",TROVATO_COMUNE,nominatim
,,RAGION_X,AGXXX,FR0XX,Via Cesare Battisti 89,Alghero,07041,SS,Sardegna,,Sud,Nuovi,"Via Cesare Battisti 89, 07041 Alghero, SS, Sardegna, Italia",40.5587291,8.3153206,"l'Alguer/Alghero, Tàttari/Sassari, Sardigna/Sardegna, Italia",TROVATO_COMUNE,nominatim
,,RAGION_X,AGXXX,FR0XX,Corso Vittorio Emanuele 182,Trieste,34121,TS,Friuli Venezia Giulia,,Nord,Nuovi,"Corso Vittorio Emanuele 182, 34121 Trieste, TS, Friuli Venezia Giulia, Italia",45.6501277,13.7719281,"Corso Italia, Rena Vecchia, Borgo Teresiano, Città Nuova-Barriera Nuova-San Vito-Città Vecchia, Trieste, Friuli-Venezia Giulia, 34121, Italia",TROVATO,nominatim
,,RAGION_X,AGXXX,FR0XX,Via Alessandro Manzoni 85,Afragola,80021,,Campania,,Sud,Nuovi,"Via Alessandro Manzoni 85, 80021 Afragola, , Campania, Italia",40.9199545,14.3149561,"Via Alessandro Manzoni, Sant'Antonio, Via Vecchia, Afragola, Napoli, Campania, 80021, Italia",TROVATO,nominatim
,,RAGION_X,AGXXX,FR0XX,Via della Repubblica 126,Marano di Napoli,80016,,Campania,,Sud,Nuovi,"Via della Repubblica 126, 80016 Marano di Napoli, , Campania, Italia",40.89761,14.190528,"Marano di Napoli, Napoli, Campania, 80016, Italia",TROVATO_COMUNE,nominatim
,,RAGION_X,AGXXX,FR0XX,Via Milano 96,Genova,16121,GE,Liguria,,Nord,Nuovi,"Via Milano 96, 16121 Genova, GE, Liguria, Italia",44.412886,8.9099052,"Via Milano, Dinegro, San Teodoro, Centro Ovest, Genova, Liguria, 16149, Italia",TROVATO,nominatim
,,RAGION_X,AGXXX,FR0XX,Via Goffredo Mameli 217,Vibo Valentia,89900,VV,Calabria,,Sud,Nuovi,"Via Goffredo Mameli 217, 89900 Vibo Valentia, VV, Calabria, Italia",38.6748544,16.0985276,"Vibo Valentia, Calabria, 89900, Italia",TROVATO_COMUNE,nominatim
,,RAGION_X,AGXXX,FR0XX,Corso Vittorio Emanuele 173,Chiavari,16043,GE,Liguria,,Nord,Nuovi,"Corso Vittorio Emanuele 173, 16043 Chiavari, GE, Liguria, Italia",44.3175701,9.3244561,"Chiavari, Genova, Liguria, 16043, Italia",TROVATO_COMUNE,nominatim
,,RAGION_X,AGXXX,FR0XX,Via Roma 72,Crotone,88900,KR,Calabria,,Sud,Nuovi,"Via Roma 72, 88900 Crotone, KR, Calabria, Italia",39.0777557,17.1267129,"Via Roma, Parco Samà, Poggio Reale, Crotone, Calabria, 88900, Italia",TROVATO,nominatim
,,RAGION_X,AGXXX,FR0XX,Piazza Cavour 195,Arezzo,52100,AR,Toscana,,Centro,Nuovi,"Piazza Cavour 195, 52100 Arezzo, AR, Toscana, Italia",43.252528,11.8184035,"Piazza Cavour, Foiano della Chiana, Arezzo, Toscana, 52045, Italia",TROVATO,nominatim
,,RAGION_X,AGXXX,FR0XX,Via Aldo Moro 52,Salerno,84121,SA,Campania,,Sud,Nuovi,"Via Aldo Moro 52, 84121 Salerno, SA, Campania, Italia",40.7213482,14.7799908,"Via Aldo Moro, Cologna, Coperchia, Pellezzano, Salerno, Campania, 84135, Italia",TROVATO,nominatim
,,RAGION_X,AGXXX,FR0XX,Corso Vittorio Emanuele 79,Moncalieri,10024,TO,Piemonte,,Nord,Nuovi,"Corso Vittorio Emanuele 79, 10024 Moncalieri, TO, Piemonte, Italia",45.0004614,7.6847543,"Moncalieri, Torino, Piemonte, 10024, Italia",TROVATO_COMUNE,nominatim
,,RAGION_X,AGXXX,FR0XX,Via Torino 75,Siracusa,96100,SR,Sicilia,,Sud,Nuovi,"Via Torino 75, 96100 Siracusa, SR, Sicilia, Italia",37.0776276,15.1584201,"75, Via Torino, Floridia, Siracusa, Sicilia, 96014, Italia",TROVATO,nominatim
,,RAGION_X,AGXXX,FR0XX,Via Antonio Gramsci 157,Pescara,65121,PE,Abruzzo,,Sud,Nuovi,"Via Antonio Gramsci 157, 65121 Pescara, PE, Abruzzo, Italia",42.4717015,14.2126884,"Via Antonio Gramsci, Porta Nuova, Pescara, Abruzzo, 65122, Italia",TROVATO,nominatim
,,RAGION_X,AGXXX,FR0XX,Via Roma 144,Cosenza,87100,CS,Calabria,,Sud,Nuovi,"Via Roma 144, 87100 Cosenza, CS, Calabria, Italia",39.2996706,16.249863,"Via Riccardo Misasi, Popilia, Cosenza, Calabria, 87100, Italia",TROVATO,nominatim
,,RAGION_X,AGXXX,FR0XX,Via Camillo Cavour 199,Reggio Emilia,42121,RE,Emilia-Romagna,,Nord,Nuovi,"Via Camillo Cavour 199, 42121 Reggio Emilia, RE, Emilia-Romagna, Italia",44.7658658,10.6770572,"Via Camillo Benso di Cavour, Bagnolo in Piano, Terra di Mezzo, Reggio nell'Emilia, Emilia-Romagna, 42011, Italia",TROVATO,nominatim
,,RAGION_X,AGXXX,FR0XX,Via Roma 121,Acireale,95024,CT,Sicilia,,Sud,Nuovi,"Via Roma 121, 95024 Acireale, CT, Sicilia, Italia",37.6150565,15.1669331,"Via Roma, Santa Maria la Scala, Acireale, Catania, Sicilia, 95024, Italia",TROVATO,nominatim
,,RAGION_X,AGXXX,FR0XX,Corso Italia 45,Ferrara,44121,FE,Emilia-Romagna,,Nord,Nuovi,"Corso Italia 45, 44121 Ferrara, FE, Emilia-Romagna, Italia",44.8312428,11.4697569,"45, Corso Italia, Madonna Boschi, Vigarano Mainarda, Unione Alto Ferrarese, Ferrara, Emilia-Romagna, 44049, Italia",TROVATO,nominatim
,,RAGION_X,AGXXX,FR0XX,Corso Vittorio Emanuele 141,Caltanissetta,93100,CL,Sicilia,,Sud,Nuovi,"Corso Vittorio Emanuele 141, 93100 Caltanissetta, CL, Sicilia, Italia",37.064433,14.2550858,"141, Corso Vittorio Emanuele, Granai Ducali, Gela, Caltanissetta, Sicilia, 93012, Italia",TROVATO,nominatim
,,RAGION_X,AGXXX,FR0XX,Via Trento 199,L'Aquila,67100,AQ,Abruzzo,,Sud,Nuovi,"Via Trento 199, 67100 L'Aquila, AQ, Abruzzo, Italia",42.3293734,13.4774112,"Via Trento, MAP di Onna, Onna, L'Aquila, Abruzzo, 67040, Italia",TROVATO,nominatim
,,RAGION_X,AGXXX,FR0XX,Via Camillo Cavour 173,Quartu Sant'Elena,09045,CA,Sardegna,,Sud,Nuovi,"Via Camillo Cavour 173, 09045 Quartu Sant'Elena, CA, Sardegna, Italia",39.2414598,9.1836983,"Via Camillo Benso Conte di Cavour, Cepola, Quartu Sant'Aleni/Quartu Sant'Elena, Casteddu/Cagliari, Sardigna/Sardegna, 09045, Italia",TROVATO,nominatim
,,RAGION_X,AGXXX,FR0XX,Corso Vittorio Emanuele 78,Frosinone,03100,FR,Lazio,,Centro,Nuovi,"Corso Vittorio Emanuele 78, 03100 Frosinone, FR, Lazio, Italia",41.7256341,13.3424408,"Valent Vink, 78, Corso Vittorio Emanuele, Centro storico, Maddalena, Alatri, Frosinone, Lazio, 03011, Italia",TROVATO,nominatim
,,RAGION_X,AGXXX,FR0XX,Via Trento 81,Lodi,26900,LO,Lombardia,,Nord,Nuovi,"Via Trento 81, 26900 Lodi, LO, Lombardia, Italia",45.2083523,9.4551985,"Via Trento, Porchirola, Graffignana, Lodi, Lombardia, 26813, Italia",TROVATO,nominatim
,,RAGION_X,AGXXX,FR0XX,Via Giuseppe Mazzini 31,Gela,93012,CL,Sicilia,,Sud,Nuovi,"Via Giuseppe Mazzini 31, 93012 Gela, CL, Sicilia, Italia",37.0664363,14.2502445,"Gela, Caltanissetta, Sicilia, 93012, Italia",TROVATO_COMUNE,nominatim
,,RAGION_X,AGXXX,FR0XX,Via Guglielmo Marconi 32,Bassano del Grappa,36061,VI,Veneto,,Nord,Nuovi,"Via Guglielmo Marconi 32, 36061 Bassano del Grappa, VI, Veneto, Italia",45.7512021,11.6975426,"Via Guglielmo Marconi, Rondò Brenta, Marchesane, Bassano del Grappa, Vicenza, Veneto, 36061, Italia",TROVATO,nominatim
,,RAGION_X,AGXXX,FR0XX,Via Aldo Moro 191,Gallarate,21013,VA,Lombardia,,Nord,Nuovi,"Via Aldo Moro 191, 21013 Gallarate, VA, Lombardia, Italia",45.6598951,8.7932013,"Gallarate, Varese, Lombardia, 21013, Italia",TROVATO_COMUNE,nominatim
,,RAGION_X,AGXXX,FR0XX,Via Guglielmo Marconi 65,Vercelli,13100,VC,Piemonte,,Nord,Nuovi,"Via Guglielmo Marconi 65, 13100 Vercelli, VC, Piemonte, Italia",45.3600801,8.4659641,"Via Guglielmo Marconi, Borgo Vercelli, Vercelli, Piemonte, 13100, Italia",TROVATO,nominatim
,,RAGION_X,AGXXX,FR0XX,Via Giuseppe Mazzini 192,Marsala,91025,TP,Sicilia,,Sud,Nuovi,"Via Giuseppe Mazzini 192, 91025 Marsala, TP, Sicilia, Italia",37.7946847,12.4381187,"Via Giuseppe Mazzini, Marsala, Trapani, Sicilia, 91025, Italia",TROVATO,nominatim
,,RAGION_X,AGXXX,FR0XX,Via Antonio Gramsci 142,Roma,00184,RM,Lazio,,Centro,Nuovi,"Via Antonio Gramsci 142, 00184 Roma, RM, Lazio, Italia",41.9181124,12.4810292,"Via Antonio Gramsci, Pinciano, Municipio Roma II, Roma, Roma Capitale, Lazio, 00197, Italia",TROVATO,nominatim
,,RAGION_X,AGXXX,FR0XX,Via Goffredo Mameli 205,Macerata,62100,MC,Marche,,Centro,Nuovi,"Via Goffredo Mameli 205, 62100 Macerata, MC, Marche, Italia",43.2967113,13.4474693,"Via Goffredo Mameli, Tre Vie, Tribunale, Macerata, Marche, 62100, Italia",TROVATO,nominatim
,,RAGION_X,AGXXX,FR0XX,Via Guglielmo Marconi 130,Siena,53100,SI,Toscana,,Centro,Nuovi,"Via Guglielmo Marconi 130, 53100 Siena, SI, Toscana, Italia",43.4039116,11.2100068,"Via Guglielmo Marconi, Castellina Scalo, Monteriggioni, Siena, Toscana, Italia",TROVATO,nominatim
,,RAGION_X,AGXXX,FR0XX,Via Roma 14,Velletri,00049,RM,Lazio,,Centro,Nuovi,"Via Roma 14, 00049 Velletri, RM, Lazio, Italia",41.7152788,12.8194515,"Via Roma, Colle Angeloni, Valle Mazzone, Lariano, Roma Capitale, Lazio, 00076, Italia",TROVATO,nominatim
,,RAGION_X,AGXXX,FR0XX,Corso Vittorio Emanuele 168,Modena,41121,MO,Emilia-Romagna,,Nord,Nuovi,"Corso Vittorio Emanuele 168, 41121 Modena, MO, Emilia-Romagna, Italia",44.6508355,10.9308988,"Corso Vittorio Emanuele Secondo, Quartiere Albareto, Cittadella, Centro storico, Modena, Emilia-Romagna, 41121, Italia",TROVATO,nominatim
,,RAGION_X,AGXXX,FR0XX,Via XX Settembre 170,Belluno,32100,BL,Veneto,,Nord,Nuovi,"Via XX Settembre 170, 32100 Belluno, BL, Veneto, Italia",46.2743203,12.309162,"Via Venti Settembre, Codissago, Longarone, Belluno, Veneto, 32013, Italia",TROVATO,nominatim
,,RAGION_X,AGXXX,FR0XX,Via Venezia 38,Forlì,47121,FC,Emilia-Romagna,,Nord,Nuovi,"Via Venezia 38, 47121 Forlì, FC, Emilia-Romagna, Italia",44.1522419,12.2410991,"Via Venezia, Quartiere Cervese Sud, Torre del Moro, Cesena, Unione dei comuni Valle del Savio, Forlì-Cesena, Emilia-Romagna, 47522, Italia",TROVATO,nominatim
,,RAGION_X,AGXXX,FR0XX,Via Giacomo Matteotti 35,Manfredonia,71043,FG,Puglia,,Sud,Nuovi,"Via Giacomo Matteotti 35, 71043 Manfredonia, FG, Puglia, Italia",41.6347076,15.9231468,"Via Giacomo Matteotti, Manfredonia, Foggia, Puglia, 71043, Italia",TROVATO,nominatim
,,RAGION_X,AGXXX,FR0XX,Via Cesare Battisti 14,Rende,87036,CS,Calabria,,Sud,Nuovi,"Via Cesare Battisti 14, 87036 Rende, CS, Calabria, Italia",39.3319934,16.1843828,"Rende, Cosenza, Calabria, 87036, Italia",TROVATO_COMUNE,nominatim
,,RAGION_X,AGXXX,FR0XX,Via Camillo Cavour 45,Schio,36015,VI,Veneto,,Nord,Nuovi,"Via Camillo Cavour 45, 36015 Schio, VI, Veneto, Italia",45.7137368,11.3599741,"Via Camillo Cavour, Magrè, Schio, Vicenza, Veneto, 36015, Italia",TROVATO,nominatim
,,RAGION_X,AGXXX,FR0XX,Via Bologna 218,Alghero,07041,SS,Sardegna,,Sud,Nuovi,"Via Bologna 218, 07041 Alghero, SS, Sardegna, Italia",40.5955221,8.2929371,"Via Bologna, Maria Pia, Fertilia, l'Alguer/Alghero, Tàttari/Sassari, Sardigna/Sardegna, 07041, Italia",TROVATO,nominatim
,,RAGION_X,AGXXX,FR0XX,Corso Vittorio Emanuele 214,Brescia,25121,BS,Lombardia,,Nord,Nuovi,"Corso Vittorio Emanuele 214, 25121 Brescia, BS, Lombardia, Italia",45.5398022,10.2200214,"Brescia, Lombardia, 25121-25136, Italia",TROVATO_COMUNE,nominatim
,,RAGION_X,AGXXX,FR0XX,Via Aldo Moro 37,Pozzuoli,80078,,Campania,,Sud,Nuovi,"Via Aldo Moro 37, 80078 Pozzuoli, , Campania, Italia",40.822643,14.1219109,"Pozzuoli, Napoli, Campania, 80078, Italia",TROVATO_COMUNE,nominatim
,,RAGION_X,AGXXX,FR0XX,Via Cesare Battisti 208,Pesaro,61121,PU,Marche,,Centro,Nuovi,"Via Cesare Battisti 208, 61121 Pesaro, PU, Marche, Italia",43.8441837,13.0213823,"Via Cesare Battisti, Piattelletti, Sassonia, Fano, Pesaro e Urbino, Marche, 61032, Italia",TROVATO,nominatim
,,RAGION_X,AGXXX,FR0XX,Via Firenze 73,Como,22100,CO,Lombardia,,Nord,Nuovi,"Via Firenze 73, 22100 Como, CO, Lombardia, Italia",45.7751913,9.044492,"Via Firenze, Civello, Villa Guardia, Como, Lombardia, 22079, Italia",TROVATO,nominatim
,,RAGION_X,AGXXX,FR0XX,Via Giuseppe Mazzini 113,Brescia,25121,BS,Lombardia,,Nord,Nuovi,"Via Giuseppe Mazzini 113, 25121 Brescia, BS, Lombardia, Italia",45.536848,10.2221125,"Via Giuseppe Mazzini, Brescia Antica, Zona Centro, Brescia, Lombardia, 25121, Italia",TROVATO,nominatim
,,RAGION_X,AGXXX,FR0XX,Via Giuseppe Verdi 74,Avellino,83100,AV,Campania,,Sud,Nuovi,"Via Giuseppe Verdi 74, 83100 Avellino, AV, Campania, Italia",40.9147599,14.7881858,"Via Giuseppe Verdi, Santa Maria delle Grazie, Avellino, Campania, 83100, Italia",TROVATO,nominatim
,,RAGION_X,AGXXX,FR0XX,Via Trieste 71,Fermo,63900,FM,Marche,,Centro,Nuovi,"Via Trieste 71, 63900 Fermo, FM, Marche, Italia",43.1895069,13.7939326,"Via Trieste, Porto San Giorgio, Fermo, Marche, 63822, Italia",TROVATO,nominatim
,,RAGION_X,AGXXX,FR0XX,Piazza Cavour 166,Senigallia,60019,AN,Marche,,Centro,Nuovi,"Piazza Cavour 166, 60019 Senigallia, AN, Marche, Italia",43.6773749,13.2105712,"Senigallia, Ancona, Marche, 60019, Italia",TROVATO_COMUNE,nominatim
,,RAGION_X,AGXXX,FR0XX,Via Dante Alighieri 52,Pesaro,61121,PU,Marche,,Centro,Nuovi,"Via Dante Alighieri 52, 61121 Pesaro, PU, Marche, Italia",43.8270006,12.8029674,"Via Dante Alighieri, Trebbio, Sant'Angelo in Lizzola, Vallefoglia, Pesaro e Urbino, Marche, 61025, Italia",TROVATO,nominatim
,,RAGION_X,AGXXX,FR0XX,Via XX Settembre 192,Monza,20900,MB,Lombardia,,Nord,Nuovi,"Via XX Settembre 192, 20900 Monza, MB, Lombardia, Italia",45.5766093,9.2690119,"Via Venti Settembre, Molinetto, San Carlo, Monza, Monza e della Brianza, Lombardia, 20900, Italia",TROVATO,nominatim
,,RAGION_X,AGXXX,FR0XX,Via XX Settembre 96,Carbonia,09013,SU,Sardegna,,Sud,Nuovi,"Via XX Settembre 96, 09013 Carbonia, SU, Sardegna, Italia",39.165332,8.527834,"Carbonia, Sulcis Iglesiente, Sardigna/Sardegna, 09013, Italia",TROVATO_COMUNE,nominatim
,,RAGION_X,AGXXX,FR0XX,Via Alessandro Manzoni 141,Forlì,47121,FC,Emilia-Romagna,,Nord,Nuovi,"Via Alessandro Manzoni 141, 47121 Forlì, FC, Emilia-Romagna, Italia",44.1420482,12.0973403,"Via Alessandro Manzoni, Fratta Terme, Bertinoro, Unione di Comuni della Romagna Forlivese, Forlì-Cesena, Emilia-Romagna, 47032, Italia",TROVATO,nominatim
,,RAGION_X,AGXXX,FR0XX,Via Leonardo da Vinci 99,Gela,93012,CL,Sicilia,,Sud,Nuovi,"Via Leonardo da Vinci 99, 93012 Gela, CL, Sicilia, Italia",37.0761282,14.2521754,"Via Leonardo da Vinci, Settefarine, Gela, Caltanissetta, Sicilia, 93012, Italia",TROVATO,nominatim
,,RAGION_X,AGXXX,FR0XX,Via Guglielmo Marconi 22,Carbonia,09013,SU,Sardegna,,Sud,Nuovi,"Via Guglielmo Marconi 22, 09013 Carbonia, SU, Sardegna, Italia",39.1675131,8.5198169,"Via Guglielmo Marconi, Serbariu, Carbonia, Sulcis Iglesiente, Sardigna/Sardegna, 09013, Italia",TROVATO,nominatim
,,RAGION_X,AGXXX,FR0XX,Piazza Cavour 106,Pozzuoli,80078,,Campania,,Sud,Nuovi,"Piazza Cavour 106, 80078 Pozzuoli, , Campania, Italia",40.822643,14.1219109,"Pozzuoli, Napoli, Campania, 80078, Italia",TROVATO_COMUNE,nominatim
,,RAGION_X,AGXXX,FR0XX,Via Venezia 64,Bitonto,70032,BA,Puglia,,Sud,Nuovi,"Via Venezia 64, 70032 Bitonto, BA, Puglia, Italia",41.0497743,16.5728773,"Bitonto, Bari, Puglia, 70032, Italia",TROVATO_COMUNE,nominatim
,,RAGION_X,AGXXX,FR0XX,Via Bologna 200,Senigallia,60019,AN,Marche,,Centro,Nuovi,"Via Bologna 200, 60019 Senigallia, AN, Marche, Italia",43.7125677,13.2242849,"Via Bologna, Portone, Senigallia, Ancona, Marche, 60019, Italia",TROVATO,nominatim
,,RAGION_X,AGXXX,FR0XX,Via Vittorio Emanuele II 152,Viterbo,01100,VT,Lazio,,Centro,Nuovi,"Via Vittorio Emanuele II 152, 01100 Viterbo, VT, Lazio, Italia",42.2513043,12.0657915,"Via Vittorio Emanuele II, Bandita, Barbarano Romano, Viterbo, Lazio, Italia",TROVATO,nominatim
,,RAGION_X,AGXXX,FR0XX,Via Giuseppe Garibaldi 70,Teramo,64100,TE,Abruzzo,,Sud,Nuovi,"Via Giuseppe Garibaldi 70, 64100 Teramo, TE, Abruzzo, Italia",42.8002858,13.7629774,"Via Giuseppe Garibaldi, Garrufo, Sant'Omero, Unione dei Comuni della Val Vibrata, Teramo, Abruzzo, 64027, Italia",TROVATO,nominatim
,,RAGION_X,AGXXX,FR0XX,Via XX Settembre 105,Casoria,80026,,Campania,,Sud,Nuovi,"Via XX Settembre 105, 80026 Casoria, , Campania, Italia",40.9045572,14.2901223,"Casoria, Napoli, Campania, 80026, Italia",TROVATO_COMUNE,nominatim
,,RAGION_X,AGXXX,FR0XX,Via Vittorio Emanuele II 161,Alessandria,15121,AL,Piemonte,,Nord,Nuovi,"Via Vittorio Emanuele II 161, 15121 Alessandria, AL, Piemonte, Italia",44.8620226,8.4865038,"Via Vittorio Emanuele Secondo, Oviglio, Alessandria, Piemonte, 15026, Italia",TROVATO,nominatim
,,RAGION_X,AGXXX,FR0XX,Via Roma 172,Pisa,56121,PI,Toscana,,Centro,Nuovi,"Via Roma 172, 56121 Pisa, PI, Toscana, Italia",43.7163589,10.3947106,"Via Roma, Santa Maria, San Martino, Pisa, Toscana, 56126, Italia",TROVATO,nominatim
,,RAGION_X,AGXXX,FR0XX,Via San Francesco 43,Empoli,50053,FI,Toscana,,Centro,Nuovi,"Via San Francesco 43, 50053 Empoli, FI, Toscana, Italia",43.7199331,10.9464111,"Via San Francesco, Serravalle, Empoli, Unione dei Comuni Circondario dell'Empolese Valdelsa, Firenze, Toscana, 50053, Italia",TROVATO,nominatim
,,RAGION_X,AGXXX,FR0XX,Via Vittorio Emanuele II 120,Bassano del Grappa,36061,VI,Veneto,,Nord,Nuovi,"Via Vittorio Emanuele II 120, 36061 Bassano del Grappa, VI, Veneto, Italia",45.7726007,11.7206547,"Bassano del Grappa, Vicenza, Veneto, 36061, Italia",TROVATO_COMUNE,nominatim
,,RAGION_X,AGXXX,FR0XX,Via Antonio Gramsci 37,Monfalcone,34074,GO,Friuli Venezia Giulia,,Nord,Nuovi,"Via Antonio Gramsci 37, 34074 Monfalcone, GO, Friuli Venezia Giulia, Italia",45.7997623,13.5228976,"Via Antonio Gramsci, Crosara, Monfalcone, Gorizia / Gurize / Gorica, Friuli-Venezia Giulia, 34074, Italia",TROVATO,nominatim
,,RAGION_X,AGXXX,FR0XX,Via della Repubblica 48,Città di Castello,06012,PG,Umbria,,Centro,Nuovi,"Via della Repubblica 48, 06012 Città di Castello, PG, Umbria, Italia",43.4407638,12.2509193,"Via Repubblica della val d'Ossola, Zoccolanti, Città di Castello, Perugia, Umbria, 06012, Italia",TROVATO,nominatim
,,RAGION_X,AGXXX,FR0XX,Via Giuseppe Verdi 153,Reggio Emilia,42121,RE,Emilia-Romagna,,Nord,Nuovi,"Via Giuseppe Verdi 153, 42121 Reggio Emilia, RE, Emilia-Romagna, Italia",44.6987311,10.6187938,"Via Giuseppe Verdi, Santo Stefano esterna, Reggio Emilia, Reggio nell'Emilia, Emilia-Romagna, 42121, Italia",TROVATO,nominatim
,,RAGION_X,AGXXX,FR0XX,Via Firenze 130,Città di Castello,06012,PG,Umbria,,Centro,Nuovi,"Via Firenze 130, 06012 Città di Castello, PG, Umbria, Italia",43.4574214,12.2403118,"Città di Castello, Perugia, Umbria, Italia",TROVATO_COMUNE,nominatim
,,RAGION_X,AGXXX,FR0XX,Via Giuseppe Verdi 71,Parma,43121,PR,Emilia-Romagna,,Nord,Nuovi,"Via Giuseppe Verdi 71, 43121 Parma, PR, Emilia-Romagna, Italia",44.8071807,10.3280414,"Via Giuseppe Verdi, Parma Centro, Parma, Emilia-Romagna, 43121, Italia",TROVATO,nominatim
,,RAGION_X,AGXXX,FR0XX,Via Guglielmo Marconi 13,Aosta,11100,AO,Valle D'Aosta,,Nord,Nuovi,"Via Guglielmo Marconi 13, 11100 Aosta, AO, Valle D'Aosta, Italia",45.7373075,7.3204025,"Aosta / Aoste, Valle d'Aosta / Vallée d'Aoste, 11100, Italia",TROVATO_COMUNE,nominatim
,,RAGION_X,AGXXX,FR0XX,Via Aldo Moro 63,Rivoli,10098,TO,Piemonte,,Nord,Nuovi,"Via Aldo Moro 63, 10098 Rivoli, TO, Piemonte, Italia",45.0697151,7.5176764,"Rivoli, Torino, Piemonte, 10098, Italia",TROVATO_COMUNE,nominatim
,,RAGION_X,AGXXX,FR0XX,Via Trieste 92,Castellammare di Stabia,80053,,Campania,,Sud,Nuovi,"Via Trieste 92, 80053 Castellammare di Stabia, , Campania, Italia",40.6943046,14.4804813,"Castellammare di Stabia, Napoli, Campania, 80053, Italia",TROVATO_COMUNE,nominatim
,,RAGION_X,AGXXX,FR0XX,Via Giacomo Matteotti 83,Isernia,86170,IS,Molise,,Sud,Nuovi,"Via Giacomo Matteotti 83, 86170 Isernia, IS, Molise, Italia",41.5929753,14.2305175,"Via Giacomo Matteotti, Isernia centro, San Lazzaro, Isernia, Molise, 86170, Italia",TROVATO,nominatim
,,RAGION_X,AGXXX,FR0XX,Via Camillo Cavour 61,Messina,98121,ME,Sicilia,,Sud,Nuovi,"Via Camillo Cavour 61, 98121 Messina, ME, Sicilia, Italia",38.1930082,15.4351019,"Via Camillo Benso di Cavour, Scarcelli, Saponara, Messina, Sicilia, 98047, Italia",TROVATO,nominatim
,,RAGION_X,AGXXX,FR0XX,Via Milano 156,Rovigo,45100,RO,Veneto,,Nord,Nuovi,"Via Milano 156, 45100 Rovigo, RO, Veneto, Italia",45.1295362,11.8713541,"Via Milano, San Martino di Venezze, Rovigo, Veneto, 45030, Italia",TROVATO,nominatim
,,RAGION_X,AGXXX,FR0XX,Via Giuseppe Mazzini 189,Fano,61032,PU,Marche,,Centro,Nuovi,"Via Giuseppe Mazzini 189, 61032 Fano, PU, Marche, Italia",43.8424173,13.0146632,"Fano, Pesaro e Urbino, Marche, 61032, Italia",TROVATO_COMUNE,nominatim
,,RAGION_X,AGXXX,FR0XX,Via Torino 209,Taranto,74121,TA,Puglia,,Sud,Nuovi,"Via Torino 209, 74121 Taranto, TA, Puglia, Italia",40.3761864,17.3232039,"Via Torino, Leporano, Taranto, Puglia, 74026, Italia",TROVATO,nominatim
,,RAGION_X,AGXXX,FR0XX,Via Torino 174,Monza,20900,MB,Lombardia,,Nord,Nuovi,"Via Torino 174, 20900 Monza, MB, Lombardia, Italia",45.6278332,9.2095039,"Via Torino, San Pietro al dosso, Desio, Monza e della Brianza, Lombardia, 20832, Italia",TROVATO,nominatim
,,RAGION_X,AGXXX,FR0XX,Via San Francesco 107,Rieti,02100,RI,Lazio,,Centro,Nuovi,"Via San Francesco 107, 02100 Rieti, RI, Lazio, Italia",42.4001224,12.8609891,"Via San Francesco, Centro storico, Borgo, Rieti, Lazio, 02100, Italia",TROVATO,nominatim
,,RAGION_X,AGXXX,FR0XX,Via Goffredo Mameli 2,Bari,70121,BA,Puglia,,Sud,Nuovi,"Via Goffredo Mameli 2, 70121 Bari, BA, Puglia, Italia",41.117086,16.8910115,"Via Goffredo Mameli, Madonnella, Municipio 1, Bari, Puglia, 74126, Italia",TROVATO,nominatim
,,RAGION_X,AGXXX,FR0XX,Via Venezia 161,Enna,94100,EN,Sicilia,,Sud,Nuovi,"Via Venezia 161, 94100 Enna, EN, Sicilia, Italia",37.5589338,14.2778253,"Via Venezia, Spirito Santo, Enna Bassa, Enna, Sicilia, 94100, Italia",TROVATO,nominatim
,,RAGION_X,AGXXX,FR0XX,Via Cesare Battisti 213,Carpi,41012,MO,Emilia-Romagna,,Nord,Nuovi,"Via Cesare Battisti 213, 41012 Carpi, MO, Emilia-Romagna, Italia",44.7850283,10.8885752,"Via Cesare Battisti, Cibeno Pile, Carpi, Unione delle Terre d'Argine, Modena, Emilia-Romagna, 41012, Italia",TROVATO,nominatim
,,RAGION_X,AGXXX,FR0XX,Via San Francesco 187,L'Aquila,67100,AQ,Abruzzo,,Sud,Nuovi,"Via San Francesco 187, 67100 L'Aquila, AQ, Abruzzo, Italia",42.3509969,13.4241919,"Via San Francesco, Gignano, L'Aquila, Abruzzo, 67100, Italia",TROVATO,nominatim
,,RAGION_X,AGXXX,FR0XX,Via Giuseppe Mazzini 43,Pinerolo,10064,TO,Piemonte,,Nord,Nuovi,"Via Giuseppe Mazzini 43, 10064 Pinerolo, TO, Piemonte, Italia",44.885104,7.3289971,"Via Giuseppe Mazzini, Abbadia Alpina, Pinerolo, Torino, Piemonte, 10064, Italia",TROVATO,nominatim
,,RAGION_X,AGXXX,FR0XX,Via Vittorio Emanuele II 190,Piacenza,29121,PC,Emilia-Romagna,,Nord,Nuovi,"Via Vittorio Emanuele II 190, 29121 Piacenza, PC, Emilia-Romagna, Italia",44.909497,9.3096207,"Via Vittorio Emanuele, Casa Gattoni, Caminata, Alta Val Tidone, Piacenza, Emilia-Romagna, 29031, Italia",TROVATO,nominatim
,,RAGION_X,AGXXX,FR0XX,Via Milano 130,Verbania,28921,VB,Piemonte,,Nord,Nuovi,"Via Milano 130, 28921 Verbania, VB, Piemonte, Italia",45.9344082,8.5580062,"Verbania, Verbano-Cusio-Ossola, Piemonte, Italia",TROVATO_COMUNE,nominatim
,,RAGION_X,AGXXX,FR0XX,Via Guglielmo Marconi 172,Pavia,27100,PV,Lombardia,,Nord,Nuovi,"Via Guglielmo Marconi 172, 27100 Pavia, PV, Lombardia, Italia",45.1933985,9.1614091,"Via Guglielmo Marconi, Città Giardino, Pavia, Lombardia, 27100, Italia",TROVATO,nominatim
,,RAGION_X,AGXXX,FR0XX,Via Goffredo Mameli 186,Treviglio,24047,BG,Lombardia,,Nord,Nuovi,"Via Goffredo Mameli 186, 24047 Treviglio, BG, Lombardia, Italia",45.5339851,9.5972901,"Treviglio, Bergamo, Lombardia, 24047, Italia",TROVATO_COMUNE,nominatim
,,RAGION_X,AGXXX,FR0XX,Via Dante Alighieri 100,Vibo Valentia,89900,VV,Calabria,,Sud,Nuovi,"Via Dante Alighieri 100, 89900 Vibo Valentia, VV, Calabria, Italia",38.675578,16.0960236,"Via Dante Alighieri, Vibo Valentia, Calabria, 89900, Italia",TROVATO,nominatim
,,RAGION_X,AGXXX,FR0XX,Via Nazionale 198,Rovereto,38068,TN,Trentino-Alto Adige,,Nord,Nuovi,"Via Nazionale 198, 38068 Rovereto, TN, Trentino-Alto Adige, Italia",45.8620524,11.026817,"Via Nazionale del Brennero, Lizzana, Rovereto, Comunità della Vallagarina, Provincia di Trento, Trentino-Alto Adige/Südtirol, 38068, Italia",TROVATO,nominatim
,,RAGION_X,AGXXX,FR0XX,Via Camillo Cavour 13,Legnano,20025,MI,Lombardia,,Nord,Nuovi,"Via Camillo Cavour 13, 20025 Legnano, MI, Lombardia, Italia",45.5946464,8.9181625,"Legnano, Milano, Lombardia, 20025, Italia",TROVATO_COMUNE,nominatim
,,RAGION_X,AGXXX,FR0XX,Via Trieste 116,Gallarate,21013,VA,Lombardia,,Nord,Nuovi,"Via Trieste 116, 21013 Gallarate, VA, Lombardia, Italia",45.6578391,8.7991327,"Via Trieste, Centro, Gallarate, Varese, Lombardia, 21013, Italia",TROVATO,nominatim
,,RAGION_X,AGXXX,FR0XX,Via Dante Alighieri 70,Faenza,48018,RA,Emilia-Romagna,,Nord,Nuovi,"Via Dante Alighieri 70, 48018 Faenza, RA, Emilia-Romagna, Italia",44.2855555,11.8832055,"Faenza, Unione della Romagna Faentina, Ravenna, Emilia-Romagna, 48018, Italia",TROVATO_COMUNE,nominatim
,,RAGION_X,AGXXX,FR0XX,Via Firenze 18,Avellino,83100,AV,Campania,,Sud,Nuovi,"Via Firenze 18, 83100 Avellino, AV, Campania, Italia",41.0685831,15.0628236,"Via Firenze, Grottaminarda, Terre dell’Ufita, Avellino, Campania, 83035, Italia",TROVATO,nominatim
,,RAGION_X,AGXXX,FR0XX,Via della Repubblica 175,Mantova,46100,MN,Lombardia,,Nord,Nuovi,"Via della Repubblica 175, 46100 Mantova, MN, Lombardia, Italia",45.1311613,10.7692342,"Via della Repubblica, Levata, Curtatone, Mantova, Lombardia, 46010, Italia",TROVATO,nominatim
,,RAGION_X,AGXXX,FR0XX,Via Nazionale 98,Monza,20900,MB,Lombardia,,Nord,Nuovi,"Via Nazionale 98, 20900 Monza, MB, Lombardia, Italia",45.5992184,9.1456076,"Via Nazionale dei Giovi, Masciago Milanese, Bovisio Masciago, Monza e della Brianza, Lombardia, 20813, Italia",TROVATO,nominatim
,,RAGION_X,AGXXX,FR0XX,Via Bologna 182,Frosinone,03100,FR,Lazio,,Centro,Nuovi,"Via Bologna 182, 03100 Frosinone, FR, Lazio, Italia",41.640707,13.3509157,"Frosinone, Lazio, 03100, Italia",TROVATO_COMUNE,nominatim
,,RAGION_X,AGXXX,FR0XX,Piazza Cavour 98,Guidonia Montecelio,00012,RM,Lazio,,Centro,Nuovi,"Piazza Cavour 98, 00012 Guidonia Montecelio, RM, Lazio, Italia",41.9842734,12.6953191,"Guidonia Montecelio, Roma Capitale, Lazio, Italia",TROVATO_COMUNE,nominatim
,,RAGION_X,AGXXX,FR0XX,Via Alessandro Manzoni 124,Reggio Calabria,89121,RC,Calabria,,Sud,Nuovi,"Via Alessandro Manzoni 124, 89121 Reggio Calabria, RC, Calabria, Italia",37.9194017,15.78606,"Via Alessandro Manzoni, Paese Vecchio, San Leonardo, Melito di Porto Salvo, Reggio Calabria, Calabria, 89063, Italia",TROVATO,nominatim
,,RAGION_X,AGXXX,FR0XX,Via Torino 56,Aversa,81031,CE,Campania,,Sud,Nuovi,"Via Torino 56, 81031 Aversa, CE, Campania, Italia",41.0032576,14.138035,"Via Torino, San Cipriano d'Aversa, Caserta, Campania, 81033, Italia",TROVATO,nominatim
,,RAGION_X,AGXXX,FR0XX,Via Cesare Battisti 47,Empoli,50053,FI,Toscana,,Centro,Nuovi,"Via Cesare Battisti 47, 50053 Empoli, FI, Toscana, Italia",43.72301,10.9472363,"Via Cesare Battisti, Serravalle, Empoli, Unione dei Comuni Circondario dell'Empolese Valdelsa, Firenze, Toscana, 50053, Italia",TROVATO,nominatim
,,RAGION_X,AGXXX,FR0XX,Via Giacomo Matteotti 70,Macerata,62100,MC,Marche,,Centro,Nuovi,"Via Giacomo Matteotti 70, 62100 Macerata, MC, Marche, Italia",43.2488199,13.5084935,"Via Giacomo Matteotti, Corridonia, Macerata, Marche, 62014, Italia",TROVATO,nominatim
,,RAGION_X,AGXXX,FR0XX,Via Trento 169,Grosseto,58100,GR,Toscana,,Centro,Nuovi,"Via Trento 169, 58100 Grosseto, GR, Toscana, Italia",42.7659082,11.10997,"Via Trento, Porta Nuova, Centro, Grosseto, Toscana, 58100, Italia",TROVATO,nominatim
,,RAGION_X,AGXXX,FR0XX,Via Trieste 24,Biella,13900,BI,Piemonte,,Nord,Nuovi,"Via Trieste 24, 13900 Biella, BI, Piemonte, Italia",45.5601061,8.0609196,"24, Via Trieste, Vernato, Chiavazza, Biella, Piemonte, 13900, Italia",TROVATO,nominatim
,,RAGION_X,AGXXX,FR0XX,Via Giuseppe Garibaldi 215,Avezzano,67051,AQ,Abruzzo,,Sud,Nuovi,"Via Giuseppe Garibaldi 215, 67051 Avezzano, AQ, Abruzzo, Italia",42.0336171,13.4297,"Via Giuseppe Garibaldi, Sant'Andrea, Borgo Via Nuova, Avezzano, L'Aquila, Abruzzo, 67051, Italia",TROVATO,nominatim
,,RAGION_X,AGXXX,FR0XX,Via Giuseppe Mazzini 99,Andria,76123,BT,Puglia,,Sud,Nuovi,"Via Giuseppe Mazzini 99, 76123 Andria, BT, Puglia, Italia",41.233629,16.2956448,"Via Giuseppe Mazzini, San Valentino, Andria, Barletta-Andria-Trani, Puglia, 76123, Italia",TROVATO,nominatim
,,RAGION_X,AGXXX,FR0XX,Via Bologna 60,Reggio Emilia,42121,RE,Emilia-Romagna,,Nord,Nuovi,"Via Bologna 60, 42121 Reggio Emilia, RE, Emilia-Romagna, Italia",44.6577365,10.6157976,"Via Bologna, Corte San Marco, Canali, Reggio Emilia, Reggio nell'Emilia, Emilia-Romagna, 42123, Italia",TROVATO,nominatim
,,RAGION_X,AGXXX,FR0XX,Via Venezia 105,Pinerolo,10064,TO,Piemonte,,Nord,Nuovi,"Via Venezia 105, 10064 Pinerolo, TO, Piemonte, Italia",44.8873086,7.3319454,"Pinerolo, Torino, Piemonte, 10064, Italia",TROVATO_COMUNE,nominatim
,,RAGION_X,AGXXX,FR0XX,Via Cesare Battisti 179,Trieste,34121,TS,Friuli Venezia Giulia,,Nord,Nuovi,"Via Cesare Battisti 179, 34121 Trieste, TS, Friuli Venezia Giulia, Italia",45.6516644,13.777765,"Via Cesare Battisti, Rena Vecchia, Barriera Nuova, Città Nuova-Barriera Nuova-San Vito-Città Vecchia, Opicina / Opčine, Trieste, Friuli-Venezia Giulia, 34100, Italia",TROVATO,nominatim
,,RAGION_X,AGXXX,FR0XX,Via Milano 20,Arezzo,52100,AR,Toscana,,Centro,Nuovi,"Via Milano 20, 52100 Arezzo, AR, Toscana, Italia",43.4988894,11.6220709,"Via Milano, Levane alta, Levane, Montevarchi, Arezzo, Toscana, 52020, Italia",TROVATO,nominatim
,,RAGION_X,AGXXX,FR0XX,Via Camillo Cavour 178,Verona,37121,VR,Veneto,,Nord,Nuovi,"Via Camillo Cavour 178, 37121 Verona, VR, Veneto, Italia",45.3643223,10.9379707,"Via Camillo Benso Conte di Cavour, Azzano, Castel d'Azzano, Verona, Veneto, 37060, Italia",TROVATO,nominatim
,,RAGION_X,AGXXX,FR0XX,Via Vittorio Emanuele II 95,Macerata,62100,MC,Marche,,Centro,Nuovi,"Via Vittorio Emanuele II 95, 62100 Macerata, MC, Marche, Italia",43.2374957,13.5943752,"Via Vittorio Emanuele, San Giuseppe, Monte San Giusto, Macerata, Marche, 62015, Italia",TROVATO,nominatim
,,RAGION_X,AGXXX,FR0XX,Piazza Garibaldi 195,Arezzo,52100,AR,Toscana,,Centro,Nuovi,"Piazza Garibaldi 195, 52100 Arezzo, AR, Toscana, Italia",43.5931862,11.6307382,"Piazza Garibaldi, La Corte, Loro Ciuffenna, Unione dei Comuni del Pratomagno, Arezzo, Toscana, 52024, Italia",TROVATO,nominatim
,,RAGION_X,AGXXX,FR0XX,Via Giuseppe Mazzini 183,Molfetta,70056,BA,Puglia,,Sud,Nuovi,"Via Giuseppe Mazzini 183, 70056 Molfetta, BA, Puglia, Italia",41.2040607,16.6013014,"Via Giuseppe Mazzini, Villaggio Belgiovine, Molfetta, Bari, Puglia, 70056, Italia",TROVATO,nominatim
,,RAGION_X,AGXXX,FR0XX,Via della Repubblica 131,Lamezia Terme,88046,CZ,Calabria,,Sud,Nuovi,"Via della Repubblica 131, 88046 Lamezia Terme, CZ, Calabria, Italia",38.9645069,16.3021451,"Lamezia Terme, Catanzaro, Calabria, 88046, Italia",TROVATO_COMUNE,nominatim
,,RAGION_X,AGXXX,FR0XX,Via Aldo Moro 96,Perugia,06121,PG,Umbria,,Centro,Nuovi,"Via Aldo Moro 96, 06121 Perugia, PG, Umbria, Italia",43.1230439,12.3735216,"via Aldo Moro, Rimbocchi, Montegrillo, Madonna Alta, Ponte Rio, Perugia, Umbria, 06125, Italia",TROVATO,nominatim
,,RAGION_X,AGXXX,FR0XX,Via Leonardo da Vinci 212,Rimini,47921,RN,Emilia-Romagna,,Nord,Nuovi,"Via Leonardo da Vinci 212, 47921 Rimini, RN, Emilia-Romagna, Italia",44.060626,12.4422913,"Via Leonardo da Vinci, Santarcangelo di Romagna, Unione di comuni Valmarecchia, Rimini, Emilia-Romagna, 47822, Italia",TROVATO,nominatim
,,RAGION_X,AGXXX,FR0XX,Via Torino 201,Viareggio,55049,LU,Toscana,,Centro,Nuovi,"Via Torino 201, 55049 Viareggio, LU, Toscana, Italia",43.8859831,10.2416725,"Via Torino, Viareggio, Unione dei comuni della Versilia, Lucca, Toscana, 55043, Italia",TROVATO,nominatim
,,RAGION_X,AGXXX,FR0XX,Via Goffredo Mameli 44,Marano di Napoli,80016,,Campania,,Sud,Nuovi,"Via Goffredo Mameli 44, 80016 Marano di Napoli, , Campania, Italia",40.89761,14.190528,"Marano di Napoli, Napoli, Campania, 80016, Italia",TROVATO_COMUNE,nominatim
,,RAGION_X,AGXXX,FR0XX,Via Trento 16,Parma,43121,PR,Emilia-Romagna,,Nord,Nuovi,"Via Trento 16, 43121 Parma, PR, Emilia-Romagna, Italia",44.8109892,10.3301915,"16, Via Trento, San Leonardo, Parma, Emilia-Romagna, 43121, Italia",TROVATO,nominatim
,,RAGION_X,AGXXX,FR0XX,Via Nazionale 15,Brindisi,72100,BR,Puglia,,Sud,Nuovi,"Via Nazionale 15, 72100 Brindisi, BR, Puglia, Italia",40.8333907,17.3592581,"Trapani, 15, Via Nazionale dei Trulli, Fasano, Brindisi, Puglia, 72015, Italia",TROVATO,nominatim
,,RAGION_X,AGXXX,FR0XX,Via Alessandro Manzoni 151,Settimo Torinese,10036,TO,Piemonte,,Nord,Nuovi,"Via Alessandro Manzoni 151, 10036 Settimo Torinese, TO, Piemonte, Italia",45.1368809,7.7708869,"Via Alessandro Manzoni, Settimo Torinese, Torino, Piemonte, 10036, Italia",TROVATO,nominatim
,,RAGION_X,AGXXX,FR0XX,Via Guglielmo Marconi 22,Città di Castello,06012,PG,Umbria,,Centro,Nuovi,"Via Guglielmo Marconi 22, 06012 Città di Castello, PG, Umbria, Italia",43.4561846,12.2387439,"22a, Via Guglielmo Marconi, Città di Castello, Perugia, Umbria, 06012, Italia",TROVATO,nominatim
,,RAGION_X,AGXXX,FR0XX,Via della Repubblica 146,Bressanone,39042,BZ,Trentino-Alto Adige,,Nord,Nuovi,"Via della Repubblica 146, 39042 Bressanone, BZ, Trentino-Alto Adige, Italia",46.716413,11.657792,"Brixen - Bressanone, Eisacktal - Valle Isarco, Bolzano - Bozen, Trentino-Alto Adige/Südtirol, 39042, Italia",TROVATO_COMUNE,nominatim
,,RAGION_X,AGXXX,FR0XX,Via Roma 99,Senigallia,60019,AN,Marche,,Centro,Nuovi,"Via Roma 99, 60019 Senigallia, AN, Marche, Italia",43.6773749,13.2105712,"Senigallia, Ancona, Marche, 60019, Italia",TROVATO_COMUNE,nominatim
,,RAGION_X,AGXXX,FR0XX,Via Vittorio Emanuele II 16,Avellino,83100,AV,Campania,,Sud,Nuovi,"Via Vittorio Emanuele II 16, 83100 Avellino, AV, Campania, Italia",40.9390618,15.1133516,"Via Vittorio Emanuele, Torella dei Lombardi, Avellino, Campania, Italia",TROVATO,nominatim
,,RAGION_X,AGXXX,FR0XX,Piazza Cavour 3,Rende,87036,CS,Calabria,,Sud,Nuovi,"Piazza Cavour 3, 87036 Rende, CS, Calabria, Italia",39.3319934,16.1843828,"Rende, Cosenza, Calabria, 87036, Italia",TROVATO_COMUNE,nominatim
,,RAGION_X,AGXXX,FR0XX,Via Milano 158,Terni,05100,TR,Umbria,,Centro,Nuovi,"Via Milano 158, 05100 Terni, TR, Umbria, Italia",42.8632308,12.0126984,"Via Milano, Poggio della Fame, Fabro, Terni, Umbria, 05015, Italia",TROVATO,nominatim
,,RAGION_X,AGXXX,FR0XX,Via Giacomo Matteotti 67,Castellammare di Stabia,80053,,Campania,,Sud,Nuovi,"Via Giacomo Matteotti 67, 80053 Castellammare di Stabia, , Campania, Italia",40.6943046,14.4804813,"Castellammare di Stabia, Napoli, Campania, 80053, Italia",TROVATO_COMUNE,nominatim
,,RAGION_X,AGXXX,FR0XX,Via Trieste 66,La Spezia,19121,SP,Liguria,,Nord,Nuovi,"Via Trieste 66, 19121 La Spezia, SP, Liguria, Italia",44.1089773,9.8095151,"Via Trieste, Umberto I, Maggiano, Fabiano Alto, La Spezia, Liguria, 19122, Italia",TROVATO,nominatim
,,RAGION_X,AGXXX,FR0XX,Via Nazionale 95,Civitavecchia,00053,RM,Lazio,,Centro,Nuovi,"Via Nazionale 95, 00053 Civitavecchia, RM, Lazio, Italia",42.0937524,11.7922462,"Civitavecchia, Roma Capitale, Lazio, 00053, Italia",TROVATO_COMUNE,nominatim
,,RAGION_X,AGXXX,FR0XX,Via XX Settembre 192,Aosta,11100,AO,Valle D'Aosta,,Nord,Nuovi,"Via XX Settembre 192, 11100 Aosta, AO, Valle D'Aosta, Italia",45.7373075,7.3204025,"Aosta / Aoste, Valle d'Aosta / Vallée d'Aoste, 11100, Italia",TROVATO_COMUNE,nominatim
,,RAGION_X,AGXXX,FR0XX,Via Torino 193,Matera,75100,MT,Basilicata,,Sud,Nuovi,"Via Torino 193, 75100 Matera, MT, Basilicata, Italia",40.6785352,16.5896604,"Via Torino, Villa Longo, Grotta Pignata, Matera, Basilicata, 75100, Italia",TROVATO,nominatim
,,RAGION_X,AGXXX,FR0XX,Via Venezia 190,Anzio,00042,RM,Lazio,,Centro,Nuovi,"Via Venezia 190, 00042 Anzio, RM, Lazio, Italia",41.4823629,12.5998644,"Via Venezia, Anzio, Villa Claudia, Anzio, Roma Capitale, Lazio, 00042, Italia",TROVATO,nominatim
,,RAGION_X,AGXXX,FR0XX,Via San Francesco 98,Chieti,66100,CH,Abruzzo,,Sud,Nuovi,"Via San Francesco 98, 66100 Chieti, CH, Abruzzo, Italia",42.3836664,14.1386502,"Via Adalgiso Di Pietro, Zona Industriale Salvaiezzi, Chieti, Abruzzo, 66100, Italia",TROVATO,nominatim
,,RAGION_X,AGXXX,FR0XX,Via della Repubblica 15,Caserta,81100,CE,Campania,,Sud,Nuovi,"Via della Repubblica 15, 81100 Caserta, CE, Campania, Italia",41.1099555,14.2014258,"Via della Repubblica, Capua, Caserta, Campania, 81043, Italia",TROVATO,nominatim
,,RAGION_X,AGXXX,FR0XX,Via Guglielmo Marconi 141,Monza,20900,MB,Lombardia,,Nord,Nuovi,"Via Guglielmo Marconi 141, 20900 Monza, MB, Lombardia, Italia",45.6049733,9.3034746,"Via Guglielmo Marconi, San Fiorano, Villasanta, Monza e della Brianza, Lombardia, 20852, Italia",TROVATO,nominatim
,,RAGION_X,AGXXX,FR0XX,Via Bologna 2,Settimo Torinese,10036,TO,Piemonte,,Nord,Nuovi,"Via Bologna 2, 10036 Settimo Torinese, TO, Piemonte, Italia",45.1372206,7.7712531,"Settimo Torinese, Torino, Piemonte, 10036, Italia",TROVATO_COMUNE,nominatim
,,RAGION_X,AGXXX,FR0XX,Via Giuseppe Garibaldi 184,Pesaro,61121,PU,Marche,,Centro,Nuovi,"Via Giuseppe Garibaldi 184, 61121 Pesaro, PU, Marche, Italia",43.8413629,13.0177225,"Via Giuseppe Garibaldi, Piattelletti, Centro storico, Fano, Pesaro e Urbino, Marche, 61032, Italia",TROVATO,nominatim
,,RAGION_X,AGXXX,FR0XX,Via Torino 116,Belluno,32100,BL,Veneto,,Nord,Nuovi,"Via Torino 116, 32100 Belluno, BL, Veneto, Italia",46.1216937,12.3589581,"Via Torino, Villaggio Riviera, Farra d'Alpago, Alpago, Belluno, Veneto, 32016, Italia",TROVATO,nominatim
,,RAGION_X,AGXXX,FR0XX,Via Guglielmo Marconi 96,Taranto,74121,TA,Puglia,,Sud,Nuovi,"Via Guglielmo Marconi 96, 74121 Taranto, TA, Puglia, Italia",40.4587232,17.3747591,"Via Guglielmo Marconi, San Giorgio Ionico, Taranto, Puglia, 74027, Italia",TROVATO,nominatim
,,RAGION_X,AGXXX,FR0XX,Via Alessandro Manzoni 193,Bressanone,39042,BZ,Trentino-Alto Adige,,Nord,Nuovi,"Via Alessandro Manzoni 193, 39042 Bressanone, BZ, Trentino-Alto Adige, Italia",46.716413,11.657792,"Brixen - Bressanone, Eisacktal - Valle Isarco, Bolzano - Bozen, Trentino-Alto Adige/Südtirol, 39042, Italia",TROVATO_COMUNE,nominatim
,,RAGION_X,AGXXX,FR0XX,Via Camillo Cavour 140,Cerignola,71042,FG,Puglia,,Sud,Nuovi,"Via Camillo Cavour 140, 71042 Cerignola, FG, Puglia, Italia",41.2635432,15.9011785,"Via Camillo Benso Conte di Cavour, Cerignola, Foggia, Puglia, 71042, Italia",TROVATO,nominatim
,,RAGION_X,AGXXX,FR0XX,Via Alessandro Manzoni 59,Gela,93012,CL,Sicilia,,Sud,Nuovi,"Via Alessandro Manzoni 59, 93012 Gela, CL, Sicilia, Italia",37.071296,14.2341799,"59, Via Alessandro Manzoni, Caposoprano, Macchitella, Gela, Caltanissetta, Sicilia, 93012, Italia",TROVATO,nominatim
,,RAGION_X,AGXXX,FR0XX,Via Leonardo da Vinci 24,Imola,40026,BO,Emilia-Romagna,,Nord,Nuovi,"Via Leonardo da Vinci 24, 40026 Imola, BO, Emilia-Romagna, Italia",44.3535145,11.7141233,"Imola, Nuovo Circondario Imolese, Bologna, Emilia-Romagna, 40026, Italia",TROVATO_COMUNE,nominatim
,,RAGION_X,AGXXX,FR0XX,Via XX Settembre 151,Rovigo,45100,RO,Veneto,,Nord,Nuovi,"Via XX Settembre 151, 45100 Rovigo, RO, Veneto, Italia",45.010652,11.7403164,"Via Venti Settembre, La Berlina, Arquà Polesine, Rovigo, Veneto, 45031, Italia",TROVATO,nominatim
,,RAGION_X,AGXXX,FR0XX,Via XX Settembre 216,Verbania,28921,VB,Piemonte,,Nord,Nuovi,"Via XX Settembre 216, 28921 Verbania, VB, Piemonte, Italia",45.9328531,8.5379179,"Via Venti Settembre, Suna, Cavandone, Verbania, Verbano-Cusio-Ossola, Piemonte, 28058, Italia",TROVATO,nominatim
,,RAGION_X,AGXXX,FR0XX,Via San Francesco 114,Faenza,48018,RA,Emilia-Romagna,,Nord,Nuovi,"Via San Francesco 114, 48018 Faenza, RA, Emilia-Romagna, Italia",44.2855555,11.8832055,"Faenza, Unione della Romagna Faentina, Ravenna, Emilia-Romagna, 48018, Italia",TROVATO_COMUNE,nominatim
,,RAGION_X,AGXXX,FR0XX,Via Trento 91,Vigevano,27029,PV,Lombardia,,Nord,Nuovi,"Via Trento 91, 27029 Vigevano, PV, Lombardia, Italia",45.3217842,8.8580819,"Via Trento, Vigevano, Pavia, Lombardia, 27029, Italia",TROVATO,nominatim
,,RAGION_X,AGXXX,FR0XX,Via Camillo Cavour 138,Chiavari,16043,GE,Liguria,,Nord,Nuovi,"Via Camillo Cavour 138, 16043 Chiavari, GE, Liguria, Italia",44.3175701,9.3244561,"Chiavari, Genova, Liguria, 16043, Italia",TROVATO_COMUNE,nominatim
,,RAGION_X,AGXXX,FR0XX,Corso Italia 187,Modena,41121,MO,Emilia-Romagna,,Nord,Nuovi,"Corso Italia 187, 41121 Modena, MO, Emilia-Romagna, Italia",44.4781278,11.0082004,"Corso Italia, Brodano, Vignola, Unione di comuni Terre di Castelli, Modena, Emilia-Romagna, 41058, Italia",TROVATO,nominatim
,,RAGION_X,AGXXX,FR0XX,Corso Italia 31,Messina,98121,ME,Sicilia,,Sud,Nuovi,"Corso Italia 31, 98121 Messina, ME, Sicilia, Italia",38.1917462,15.434608,"Corso Italia, Scarcelli, Saponara, Messina, Sicilia, 98047, Italia",TROVATO,nominatim
,,RAGION_X,AGXXX,FR0XX,Piazza Cavour 95,Chiavari,16043,GE,Liguria,,Nord,Nuovi,"Piazza Cavour 95, 16043 Chiavari, GE, Liguria, Italia",44.3175701,9.3244561,"Chiavari, Genova, Liguria, 16043, Italia",TROVATO_COMUNE,nominatim
,,RAGION_X,AGXXX,FR0XX,Via Alessandro Manzoni 148,Vigevano,27029,PV,Lombardia,,Nord,Nuovi,"Via Alessandro Manzoni 148, 27029 Vigevano, PV, Lombardia, Italia",45.3170942,8.858603,"Vigevano, Pavia, Lombardia, 27029, Italia",TROVATO_COMUNE,nominatim
,,RAGION_X,AGXXX,FR0XX,Piazza Garibaldi 102,Parma,43121,PR,Emilia-Romagna,,Nord,Nuovi,"Piazza Garibaldi 102, 43121 Parma, PR, Emilia-Romagna, Italia",44.9300095,10.3758385,"Piazza Garibaldi, Colorno, Parma, Emilia-Romagna, 43052, Italia",TROVATO,nominatim
,,RAGION_X,AGXXX,FR0XX,Via Goffredo Mameli 214,Terni,05100,TR,Umbria,,Centro,Nuovi,"Via Goffredo Mameli 214, 05100 Terni, TR, Umbria, Italia",42.5555765,12.6447059,"Via Goffredo Mameli, Città Giardino, Terni, Umbria, 05100, Italia",TROVATO,nominatim
,,RAGION_X,AGXXX,FR0XX,Via San Francesco 158,Fiumicino,00054,RM,Lazio,,Centro,Nuovi,"Via San Francesco 158, 00054 Fiumicino, RM, Lazio, Italia",41.7712145,12.2278855,"Fiumicino, Roma Capitale, Lazio, Italia",TROVATO_COMUNE,nominatim
,,RAGION_X,AGXXX,FR0XX,Via Firenze 149,Milano,20121,MI,Lombardia,,Nord,Nuovi,"Via Firenze 149, 20121 Milano, MI, Lombardia, Italia",45.5326176,9.2291654,"Via Firenze, Rondò, Isola del Bosco, Sesto San Giovanni, Zona Omogenea Milano Nord, Milano, Lombardia, 20099, Italia",TROVATO,nominatim
,,RAGION_X,AGXXX,FR0XX,Via della Repubblica 41,Belluno,32100,BL,Veneto,,Nord,Nuovi,"Via della Repubblica 41, 32100 Belluno, BL, Veneto, Italia",46.1375185,12.2181711,"Belluno, Veneto, 32100, Italia",TROVATO_COMUNE,nominatim
,,RAGION_X,AGXXX,FR0XX,Via Vittorio Emanuele II 37,Pomezia,00071,RM,Lazio,,Centro,Nuovi,"Via Vittorio Emanuele II 37, 00071 Pomezia, RM, Lazio, Italia",41.667529,12.5047863,"Pomezia, Roma Capitale, Lazio, 00071, Italia",TROVATO_COMUNE,nominatim
,,RAGION_X,AGXXX,FR0XX,Via Milano 145,Cerignola,71042,FG,Puglia,,Sud,Nuovi,"Via Milano 145, 71042 Cerignola, FG, Puglia, Italia",41.2620216,15.9064455,"Via Milano, Cerignola, Foggia, Puglia, 71042, Italia",TROVATO,nominatim
,,RAGION_X,AGXXX,FR0XX,Piazza Garibaldi 190,Pistoia,51100,PT,Toscana,,Centro,Nuovi,"Piazza Garibaldi 190, 51100 Pistoia, PT, Toscana, Italia",43.9309296,10.9167177,"Piazza Garibaldi, Lo Sperone, Pistoia, Toscana, 51100, Italia",TROVATO,nominatim
,,RAGION_X,AGXXX,FR0XX,Via della Repubblica 131,Lucca,55100,LU,Toscana,,Centro,Nuovi,"Via della Repubblica 131, 55100 Lucca, LU, Toscana, Italia",43.8298359,10.5463605,"Via della Repubblica, Pieve San Paolo, Capannori, Lucca, Toscana, 55061, Italia",TROVATO,nominatim
,,RAGION_X,AGXXX,FR0XX,Via Giuseppe Mazzini 1,Reggio Emilia,42121,RE,Emilia-Romagna,,Nord,Nuovi,"Via Giuseppe Mazzini 1, 42121 Reggio Emilia, RE, Emilia-Romagna, Italia",44.7000653,10.6270268,"1, Via Giuseppe Mazzini, San Francesco-Giardini Pubblici, Reggio Emilia, Reggio nell'Emilia, Emilia-Romagna, 42121, Italia",TROVATO,nominatim
,,RAGION_X,AGXXX,FR0XX,Via Antonio Gramsci 45,Pozzuoli,80078,,Campania,,Sud,Nuovi,"Via Antonio Gramsci 45, 80078 Pozzuoli, , Campania, Italia",40.822643,14.1219109,"Pozzuoli, Napoli, Campania, 80078, Italia",TROVATO_COMUNE,nominatim
,,RAGION_X,AGXXX,FR0XX,Via Cesare Battisti 63,Udine,33100,UD,Friuli Venezia Giulia,,Nord,Nuovi,"Via Cesare Battisti 63, 33100 Udine, UD, Friuli Venezia Giulia, Italia",46.095117,13.2041688,"63, Via Cesare Battisti, Feletto Umberto / Felet, Colugna / Culugne, Tavagnacco, Udine / Udin / Videm, Friuli-Venezia Giulia, 33010, Italia",TROVATO,nominatim
,,RAGION_X,AGXXX,FR0XX,Via Firenze 144,Cremona,26100,CR,Lombardia,,Nord,Nuovi,"Via Firenze 144, 26100 Cremona, CR, Lombardia, Italia",45.1334796,10.0248716,"Cremona, Lombardia, 26100, Italia",TROVATO_COMUNE,nominatim
,,RAGION_X,AGXXX,FR0XX,Via Venezia 122,Foggia,71121,FG,Puglia,,Sud,Nuovi,"Via Venezia 122, 71121 Foggia, FG, Puglia, Italia",41.6766004,15.5837463,"Via Venezia, Rignano Garganico, Foggia, Puglia, 71010, Italia",TROVATO,nominatim
,,RAGION_X,AGXXX,FR0XX,Corso Italia 217,Carbonia,09013,SU,Sardegna,,Sud,Nuovi,"Corso Italia 217, 09013 Carbonia, SU, Sardegna, Italia",39.165332,8.527834,"Carbonia, Sulcis Iglesiente, Sardigna/Sardegna, 09013, Italia",TROVATO_COMUNE,nominatim
,,RAGION_X,AGXXX,FR0XX,Via Roma 43,Pinerolo,10064,TO,Piemonte,,Nord,Nuovi,"Via Roma 43, 10064 Pinerolo, TO, Piemonte, Italia",44.865582,7.2996339,"Via Roma, Lombarda, Miradolo, San Secondo di Pinerolo, Torino, Piemonte, 10064, Italia",TROVATO,nominatim
,,RAGION_X,AGXXX,FR0XX,Via Trento 127,Chioggia,30015,VE,Veneto,,Nord,Nuovi,"Via Trento 127, 30015 Chioggia, VE, Veneto, Italia",45.2179083,12.2270656,"Chioggia, Venezia, Veneto, 30015, Italia",TROVATO_COMUNE,nominatim
,,RAGION_X,AGXXX,FR0XX,Via XX Settembre 103,Tivoli,00019,RM,Lazio,,Centro,Nuovi,"Via XX Settembre 103, 00019 Tivoli, RM, Lazio, Italia",41.960922,12.798884,"Tivoli, Roma Capitale, Lazio, Italia",TROVATO_COMUNE,nominatim
,,RAGION_X,AGXXX,FR0XX,Via Bologna 141,Gallarate,21013,VA,Lombardia,,Nord,Nuovi,"Via Bologna 141, 21013 Gallarate, VA, Lombardia, Italia",45.6598951,8.7932013,"Gallarate, Varese, Lombardia, 21013, Italia",TROVATO_COMUNE,nominatim
,,RAGION_X,AGXXX,FR0XX,Via Antonio Gramsci 192,Bolzano,39100,BZ,Trentino-Alto Adige,,Nord,Nuovi,"Via Antonio Gramsci 192, 39100 Bolzano, BZ, Trentino-Alto Adige, Italia",46.4984781,11.3547399,"Bolzano - Bozen, Trentino-Alto Adige/Südtirol, 39100, Italia",TROVATO_COMUNE,nominatim
,,RAGION_X,AGXXX,FR0XX,Via Giacomo Matteotti 81,Cuneo,12100,CN,Piemonte,,Nord,Nuovi,"Via Giacomo Matteotti 81, 12100 Cuneo, CN, Piemonte, Italia",44.3828587,7.5347809,"Via Giacomo Matteotti, Gramsci, Cerialdo, Cuneo, Piemonte, 12100, Italia",TROVATO,nominatim
,,RAGION_X,AGXXX,FR0XX,Via Giuseppe Verdi 193,Bergamo,24121,BG,Lombardia,,Nord,Nuovi,"Via Giuseppe Verdi 193, 24121 Bergamo, BG, Lombardia, Italia",45.698885,9.6726438,"Via Giuseppe Verdi, San Tomaso de' Calvi, Borgo Palazzo, Bergamo, Lombardia, 24121, Italia",TROVATO,nominatim
,,RAGION_X,AGXXX,FR0XX,Via Antonio Gramsci 58,Trento,38122,TN,Trentino-Alto Adige,,Nord,Nuovi,"Via Antonio Gramsci 58, 38122 Trento, TN, Trentino-Alto Adige, Italia",46.0544349,11.1258117,"Via Antonio Gramsci, Clarina, Oltrefersina, Villazzano, Trento, Territorio Val d'Adige, Provincia di Trento, Trentino-Alto Adige/Südtirol, 38123, Italia",TROVATO,nominatim
,,RAGION_X,AGXXX,FR0XX,Via Trento 195,Arezzo,52100,AR,Toscana,,Centro,Nuovi,"Via Trento 195, 52100 Arezzo, AR, Toscana, Italia",43.3442808,11.9231016,"Via Trento, Podere Viti, Castiglion Fiorentino, Arezzo, Toscana, 52043, Italia",TROVATO,nominatim
,,RAGION_X,AGXXX,FR0XX,Via Alessandro Manzoni 183,Civitanova Marche,62012,MC,Marche,,Centro,Nuovi,"Via Alessandro Manzoni 183, 62012 Civitanova Marche, MC, Marche, Italia",43.3022881,13.7108399,"Via Alessandro Manzoni, San Marone, Civitanova Marche, Macerata, Marche, 62012, Italia",TROVATO,nominatim
,,RAGION_X,AGXXX,FR0XX,Via Bologna 169,Viterbo,01100,VT,Lazio,,Centro,Nuovi,"Via Bologna 169, 01100 Viterbo, VT, Lazio, Italia",42.4403725,12.4070966,"Via Bologna, Orte Scalo - Parco delle Ginestre, Orte Scalo, Orte, Viterbo, Lazio, 01028, Italia",TROVATO,nominatim
,,RAGION_X,AGXXX,FR0XX,Corso Italia 155,Pomezia,00071,RM,Lazio,,Centro,Nuovi,"Corso Italia 155, 00071 Pomezia, RM, Lazio, Italia",41.667529,12.5047863,"Pomezia, Roma Capitale, Lazio, 00071, Italia",TROVATO_COMUNE,nominatim
,,RAGION_X,AGXXX,FR0XX,Via Firenze 138,Vittoria,97019,RG,Sicilia,,Sud,Nuovi,"Via Firenze 138, 97019 Vittoria, RG, Sicilia, Italia",36.9481467,14.5227812,"Via Firenze, Vittoria, Ragusa, Sicilia, 97019, Italia",TROVATO,nominatim
,,RAGION_X,AGXXX,FR0XX,Via Aldo Moro 118,Vibo Valentia,89900,VV,Calabria,,Sud,Nuovi,"Via Aldo Moro 118, 89900 Vibo Valentia, VV, Calabria, Italia",38.6759198,16.1209757,"Via Aldo Moro, Stefanaconi, Vibo Valentia, Calabria, 89843, Italia",TROVATO,nominatim
,,RAGION_X,AGXXX,FR0XX,Via Giuseppe Verdi 150,Aosta,11100,AO,Valle D'Aosta,,Nord,Nuovi,"Via Giuseppe Verdi 150, 11100 Aosta, AO, Valle D'Aosta, Italia",45.7373075,7.3204025,"Aosta / Aoste, Valle d'Aosta / Vallée d'Aoste, 11100, Italia",TROVATO_COMUNE,nominatim
,,RAGION_X,AGXXX,FR0XX,Via Trieste 144,Piacenza,29121,PC,Emilia-Romagna,,Nord,Nuovi,"Via Trieste 144, 29121 Piacenza, PC, Emilia-Romagna, Italia",45.0437396,9.7083691,"Via Trieste, Baia del Re, Piacenza, Emilia-Romagna, 29122, Italia",TROVATO,nominatim
,,RAGION_X,AGXXX,FR0XX,Via Guglielmo Marconi 155,Torino,10121,TO,Piemonte,,Nord,Nuovi,"Via Guglielmo Marconi 155, 10121 Torino, TO, Piemonte, Italia",45.004636,7.6522632,"Via Guglielmo Marconi, Nichelino, Torino, Piemonte, 10127, Italia",TROVATO,nominatim
,,RAGION_X,AGXXX,FR0XX,Via Leonardo da Vinci 188,Sanremo,18038,IM,Liguria,,Nord,Nuovi,"Via Leonardo da Vinci 188, 18038 Sanremo, IM, Liguria, Italia",43.8362985,7.7772658,"Sanremo, Provincia di Imperia, Liguria, 18034, Italia",TROVATO_COMUNE,nominatim
,,RAGION_X,AGXXX,FR0XX,Via Cesare Battisti 109,Collegno,10093,TO,Piemonte,,Nord,Nuovi,"Via Cesare Battisti 109, 10093 Collegno, TO, Piemonte, Italia",45.0714943,7.5715738,"Via Cesare Battisti, Regina Margherita, Leumann, Collegno, Torino, Piemonte, 10093, Italia",TROVATO,nominatim
,,RAGION_X,AGXXX,FR0XX,Via Giuseppe Verdi 131,Sondrio,23100,SO,Lombardia,,Nord,Nuovi,"Via Giuseppe Verdi 131, 23100 Sondrio, SO, Lombardia, Italia",46.1593475,9.6013701,"Via Giuseppe Verdi, Dazio, Comunità montana della Valtellina di Morbegno, Sondrio, Lombardia, 23010, Italia",TROVATO,nominatim
,,RAGION_X,AGXXX,FR0XX,Via Trento 147,Pistoia,51100,PT,Toscana,,Centro,Nuovi,"Via Trento 147, 51100 Pistoia, PT, Toscana, Italia",43.9353822,10.9056726,"Via Trento, Pontelungo, Pistoia, Toscana, 51100, Italia",TROVATO,nominatim
,,RAGION_X,AGXXX,FR0XX,Via Venezia 122,Brindisi,72100,BR,Puglia,,Sud,Nuovi,"Via Venezia 122, 72100 Brindisi, BR, Puglia, Italia",40.6471914,17.9384046,"Via Venezia, Villaggio dei Pescatori, Materdomini, Casale, Brindisi, Puglia, 72100, Italia",TROVATO,nominatim
,,RAGION_X,AGXXX,FR0XX,Via Cesare Battisti 153,Foligno,06034,PG,Umbria,,Centro,Nuovi,"Via Cesare Battisti 153, 06034 Foligno, PG, Umbria, Italia",42.9559744,12.7034782,"Foligno, Perugia, Umbria, 06034, Italia",TROVATO_COMUNE,nominatim
,,RAGION_X,AGXXX,FR0XX,Corso Vittorio Emanuele 32,Macerata,62100,MC,Marche,,Centro,Nuovi,"Corso Vittorio Emanuele 32, 62100 Macerata, MC, Marche, Italia",43.3656936,13.6213813,"32, Corso Vittorio Emanuele, Uccelliera, Potenza Picena, Macerata, Marche, 62018, Italia",TROVATO,nominatim
,,RAGION_X,AGXXX,FR0XX,Via Milano 54,Reggio Emilia,42121,RE,Emilia-Romagna,,Nord,Nuovi,"Via Milano 54, 42121 Reggio Emilia, RE, Emilia-Romagna, Italia",44.6849752,10.654784,"Via Milano, Villaggio Stranieri, Villaggio Stranieri-Bazzarola, Reggio Emilia, Reggio nell'Emilia, Emilia-Romagna, 42122, Italia",TROVATO,nominatim
,,RAGION_X,AGXXX,FR0XX,Via Venezia 62,Moncalieri,10024,TO,Piemonte,,Nord,Nuovi,"Via Venezia 62, 10024 Moncalieri, TO, Piemonte, Italia",45.0004614,7.6847543,"Moncalieri, Torino, Piemonte, 10024, Italia",TROVATO_COMUNE,nominatim
,,RAGION_X,AGXXX,FR0XX,Via San Francesco 118,Bergamo,24121,BG,Lombardia,,Nord,Nuovi,"Via San Francesco 118, 24121 Bergamo, BG, Lombardia, Italia",45.6813087,9.7196447,"Via San Francesco, Paderno, Seriate, Bergamo, Lombardia, 24068, Italia",TROVATO,nominatim
,,RAGION_X,AGXXX,FR0XX,Via Firenze 149,Verona,37121,VR,Veneto,,Nord,Nuovi,"Via Firenze 149, 37121 Verona, VR, Veneto, Italia",45.4881399,10.9333146,"Via Firenze, Sparavieri, Arbizzano, Negrar di Valpolicella, Verona, Veneto, 37024, Italia",TROVATO,nominatim
,,RAGION_X,AGXXX,FR0XX,Via Trento 133,Conegliano,31015,TV,Veneto,,Nord,Nuovi,"Via Trento 133, 31015 Conegliano, TV, Veneto, Italia",45.9292881,12.321408,"Via Trento, Ca' Tonon, Menarè, Colle Umberto, Treviso, Veneto, 31014, Italia",TROVATO,nominatim
,,RAGION_X,AGXXX,FR0XX,Via Trieste 6,Schio,36015,VI,Veneto,,Nord,Nuovi,"Via Trieste 6, 36015 Schio, VI, Veneto, Italia",45.7233579,11.355148,"Schio, Vicenza, Veneto, 36015, Italia",TROVATO_COMUNE,nominatim
,,RAGION_X,AGXXX,FR0XX,Via Venezia 194,Pomezia,00071,RM,Lazio,,Centro,Nuovi,"Via Venezia 194, 00071 Pomezia, RM, Lazio, Italia",41.667529,12.5047863,"Pomezia, Roma Capitale, Lazio, 00071, Italia",TROVATO_COMUNE,nominatim
,,RAGION_X,AGXXX,FR0XX,Via Giuseppe Verdi 34,Caltanissetta,93100,CL,Sicilia,,Sud,Nuovi,"Via Giuseppe Verdi 34, 93100 Caltanissetta, CL, Sicilia, Italia",37.4766984,14.0546637,"Via Giuseppe Verdi, San Luca, Caltanissetta, Sicilia, 93100, Italia",TROVATO,nominatim
,,RAGION_X,AGXXX,FR0XX,Via Firenze 121,Terni,05100,TR,Umbria,,Centro,Nuovi,"Via Firenze 121, 05100 Terni, TR, Umbria, Italia",42.5641417,12.6405466,"Terni, Umbria, 05100, Italia",TROVATO_COMUNE,nominatim
,,RAGION_X,AGXXX,FR0XX,Via Camillo Cavour 108,Acireale,95024,CT,Sicilia,,Sud,Nuovi,"Via Camillo Cavour 108, 95024 Acireale, CT, Sicilia, Italia",37.6127773,15.1658804,"Acireale, Catania, Sicilia, 95024, Italia",TROVATO_COMUNE,nominatim
,,RAGION_X,AGXXX,FR0XX,Via Giuseppe Verdi 203,Campobasso,86100,CB,Molise,,Sud,Nuovi,"Via Giuseppe Verdi 203, 86100 Campobasso, CB, Molise, Italia",41.7135327,14.9986716,"Via Giuseppe Verdi, Santa Croce di Magliano, Campobasso, Molise, 86047, Italia",TROVATO,nominatim
,,RAGION_X,AGXXX,FR0XX,Via Nazionale 135,Città di Castello,06012,PG,Umbria,,Centro,Nuovi,"Via Nazionale 135, 06012 Città di Castello, PG, Umbria, Italia",43.4574214,12.2403118,"Città di Castello, Perugia, Umbria, Italia",TROVATO_COMUNE,nominatim
,,RAGION_X,AGXXX,FR0XX,Via Milano 102,Chieti,66100,CH,Abruzzo,,Sud,Nuovi,"Via Milano 102, 66100 Chieti, CH, Abruzzo, Italia",42.0890394,14.2050552,"Via Milano, Fara San Martino, Chieti, Abruzzo, 66015, Italia",TROVATO,nominatim
,,RAGION_X,AGXXX,FR0XX,Via Cesare Battisti 8,Ravenna,48121,RA,Emilia-Romagna,,Nord,Nuovi,"Via Cesare Battisti 8, 48121 Ravenna, RA, Emilia-Romagna, Italia",44.4162678,12.193126,"8, Via Cesare Battisti, San Biagio, Ravenna, Emilia-Romagna, 48121, Italia",TROVATO,nominatim
,,RAGION_X,AGXXX,FR0XX,Corso Vittorio Emanuele 87,Treviglio,24047,BG,Lombardia,,Nord,Nuovi,"Corso Vittorio Emanuele 87, 24047 Treviglio, BG, Lombardia, Italia",45.5339851,9.5972901,"Treviglio, Bergamo, Lombardia, 24047, Italia",TROVATO_COMUNE,nominatim
,,RAGION_X,AGXXX,FR0XX,Via Trieste 43,Bolzano,39100,BZ,Trentino-Alto Adige,,Nord,Nuovi,"Via Trieste 43, 39100 Bolzano, BZ, Trentino-Alto Adige, Italia",46.4917354,11.3447923,"Parcheggio Lido via Trieste, Hof, Gries-San Quirino - Gries-Quirein, Bolzano - Bozen, Trentino-Alto Adige/Südtirol, 39100, Italia",TROVATO,nominatim
,,RAGION_X,AGXXX,FR0XX,Via Trento 207,Siracusa,96100,SR,Sicilia,,Sud,Nuovi,"Via Trento 207, 96100 Siracusa, SR, Sicilia, Italia",37.0646658,15.2927771,"Via Trento, Ortigia, Siracusa, Sicilia, 96100, Italia",TROVATO,nominatim
,,RAGION_X,AGXXX,FR0XX,Via Dante Alighieri 48,Rende,87036,CS,Calabria,,Sud,Nuovi,"Via Dante Alighieri 48, 87036 Rende, CS, Calabria, Italia",39.3319934,16.1843828,"Rende, Cosenza, Calabria, 87036, Italia",TROVATO_COMUNE,nominatim
,,RAGION_X,AGXXX,FR0XX,Via Firenze 136,Collegno,10093,TO,Piemonte,,Nord,Nuovi,"Via Firenze 136, 10093 Collegno, TO, Piemonte, Italia",45.0775473,7.5724262,"Collegno, Torino, Piemonte, Italia",TROVATO_COMUNE,nominatim
,,RAGION_X,AGXXX,FR0XX,Via Alessandro Manzoni 22,Sondrio,23100,SO,Lombardia,,Nord,Nuovi,"Via Alessandro Manzoni 22, 23100 Sondrio, SO, Lombardia, Italia",46.4677783,10.3601235,"Bar Pentagono, 22, Via Alessandro Manzoni, Bormio, Comunità montana Alta Valtellina, Sondrio, Lombardia, 23032, Italia",TROVATO,nominatim
,,RAGION_X,AGXXX,FR0XX,Piazza Garibaldi 156,Carpi,41012,MO,Emilia-Romagna,,Nord,Nuovi,"Piazza Garibaldi 156, 41012 Carpi, MO, Emilia-Romagna, Italia",44.779892,10.8835491,"Piazza Giuseppe Garibaldi, Quartirolo, Carpi, Unione delle Terre d'Argine, Modena, Emilia-Romagna, Italia",TROVATO,nominatim
,,RAGION_X,AGXXX,FR0XX,Via Trento 155,Manfredonia,71043,FG,Puglia,,Sud,Nuovi,"Via Trento 155, 71043 Manfredonia, FG, Puglia, Italia",41.6322131,15.9182634,"Via Trento, Manfredonia, Foggia, Puglia, 71043, Italia",TROVATO,nominatim
,,RAGION_X,AGXXX,FR0XX,Piazza Cavour 203,Roma,00184,RM,Lazio,,Centro,Nuovi,"Piazza Cavour 203, 00184 Roma, RM, Lazio, Italia",41.9052878,12.4710257,"Piazza Cavour, Prati, Municipio Roma I, Roma, Roma Capitale, Lazio, 00186, Italia",TROVATO,nominatim
,,RAGION_X,AGXXX,FR0XX,Via Trento 46,Legnano,20025,MI,Lombardia,,Nord,Nuovi,"Via Trento 46, 20025 Legnano, MI, Lombardia, Italia",45.5715649,8.9099408,"Via Trento, San Giorgio su Legnano, Milano, Lombardia, 20034, Italia",TROVATO,nominatim
,,RAGION_X,AGXXX,FR0XX,Via Antonio Gramsci 94,Velletri,00049,RM,Lazio,,Centro,Nuovi,"Via Antonio Gramsci 94, 00049 Velletri, RM, Lazio, Italia",41.6848399,12.7793721,"Via Antonio Gramsci, Velletri, Roma Capitale, Lazio, 00049, Italia",TROVATO,nominatim
,,RAGION_X,AGXXX,FR0XX,Via Giuseppe Garibaldi 58,Cesena,47521,FC,Emilia-Romagna,,Nord,Nuovi,"Via Giuseppe Garibaldi 58, 47521 Cesena, FC, Emilia-Romagna, Italia",44.111288,12.3858873,"58, Via Giuseppe Garibaldi, Gatteo, Unione Rubicone e mare, Forlì-Cesena, Emilia-Romagna, 47043, Italia",TROVATO,nominatim
,,RAGION_X,AGXXX,FR0XX,Via Giacomo Matteotti 110,Biella,13900,BI,Piemonte,,Nord,Nuovi,"Via Giacomo Matteotti 110, 13900 Biella, BI, Piemonte, Italia",45.5936979,8.0366352,"110, Via Giacomo Matteotti, Malavecchia, Pralungo, Biella, Piemonte, 13899, Italia",TROVATO,nominatim
,,RAGION_X,AGXXX,FR0XX,Via della Repubblica 85,Montesilvano,65015,PE,Abruzzo,,Sud,Nuovi,"Via della Repubblica 85, 65015 Montesilvano, PE, Abruzzo, Italia",42.5136032,14.1516203,"Montesilvano, Pescara, Abruzzo, Italia",TROVATO_COMUNE,nominatim
,,RAGION_X,AGXXX,FR0XX,Via Milano 78,Siena,53100,SI,Toscana,,Centro,Nuovi,"Via Milano 78, 53100 Siena, SI, Toscana, Italia",43.4723785,11.2803976,"Via Milano, Cellole, Castellina in Chianti, Siena, Toscana, 53011, Italia",TROVATO,nominatim
,,RAGION_X,AGXXX,FR0XX,Via Venezia 101,Cerignola,71042,FG,Puglia,,Sud,Nuovi,"Via Venezia 101, 71042 Cerignola, FG, Puglia, Italia",41.2647215,15.9068033,"Via Venezia, Cerignola, Foggia, Puglia, 71042, Italia",TROVATO,nominatim
,,RAGION_X,AGXXX,FR0XX,Via Trento 213,Caltanissetta,93100,CL,Sicilia,,Sud,Nuovi,"Via Trento 213, 93100 Caltanissetta, CL, Sicilia, Italia",37.5883229,14.0355274,"Via Trento, Santa Caterina Villarmosa, Caltanissetta, Sicilia, 93018, Italia",TROVATO,nominatim
,,RAGION_X,AGXXX,FR0XX,Via Antonio Gramsci 30,Fano,61032,PU,Marche,,Centro,Nuovi,"Via Antonio Gramsci 30, 61032 Fano, PU, Marche, Italia",43.8424173,13.0146632,"Fano, Pesaro e Urbino, Marche, 61032, Italia",TROVATO_COMUNE,nominatim
,,RAGION_X,AGXXX,FR0XX,Via Firenze 111,Genova,16121,GE,Liguria,,Nord,Nuovi,"Via Firenze 111, 16121 Genova, GE, Liguria, Italia",44.349627,9.2230562,"Via Firenze, Costaguta, San Michele di Pagana, Rapallo, Genova, Liguria, 16035, Italia",TROVATO,nominatim
,,RAGION_X,AGXXX,FR0XX,Via Trieste 21,Milano,20121,MI,Lombardia,,Nord,Nuovi,"Via Trieste 21, 20121 Milano, MI, Lombardia, Italia",45.4124945,9.2678687,"21, Via Trieste, Certosa di San Donato, Triulzo, San Donato Milanese, Rodano, Milano, Lombardia, 20097, Italia",TROVATO,nominatim
,,RAGION_X,AGXXX,FR0XX,Corso Vittorio Emanuele 204,Monopoli,70043,BA,Puglia,,Sud,Nuovi,"Corso Vittorio Emanuele 204, 70043 Monopoli, BA, Puglia, Italia",40.9522369,17.299948,"Monopoli, Bari, Puglia, Italia",TROVATO_COMUNE,nominatim
,,RAGION_X,AGXXX,FR0XX,Via XX Settembre 118,Foligno,06034,PG,Umbria,,Centro,Nuovi,"Via XX Settembre 118, 06034 Foligno, PG, Umbria, Italia",42.9564108,12.7032661,"Via Venti Settembre, Borroni, Foligno, Perugia, Umbria, 06034, Italia",TROVATO,nominatim
,,RAGION_X,AGXXX,FR0XX,Via Milano 115,Alba,12051,CN,Piemonte,,Nord,Nuovi,"Via Milano 115, 12051 Alba, CN, Piemonte, Italia",44.686594,8.0311259,"Alba, Cuneo, Piemonte, Italia",TROVATO_COMUNE,nominatim
,,RAGION_X,AGXXX,FR0XX,Via Guglielmo Marconi 78,Isernia,86170,IS,Molise,,Sud,Nuovi,"Via Guglielmo Marconi 78, 86170 Isernia, IS, Molise, Italia",41.5935493,14.3240139,"Via Guglielmo Marconi, Carpinone, Isernia, Molise, 86093, Italia",TROVATO,nominatim
,,RAGION_X,AGXXX,FR0XX,Via Cesare Battisti 218,Sesto San Giovanni,20099,MI,Lombardia,,Nord,Nuovi,"Via Cesare Battisti 218, 20099 Sesto San Giovanni, MI, Lombardia, Italia",45.5360474,9.2276847,"Via Cesare Battisti, Rondò, Don Bosco, Sesto San Giovanni, Zona Omogenea Milano Nord, Milano, Lombardia, 20099, Italia",TROVATO,nominatim
,,RAGION_X,AGXXX,FR0XX,Via Goffredo Mameli 81,Rende,87036,CS,Calabria,,Sud,Nuovi,"Via Goffredo Mameli 81, 87036 Rende, CS, Calabria, Italia",39.3337988,16.2405038,"Via Goffredo Mameli, Roges, Rende, Cosenza, Calabria, 87036, Italia",TROVATO,nominatim
,,RAGION_X,AGXXX,FR0XX,Via Roma 153,Manfredonia,71043,FG,Puglia,,Sud,Nuovi,"Via Roma 153, 71043 Manfredonia, FG, Puglia, Italia",41.6254728,15.9095926,"Manfredonia, Foggia, Puglia, 71043, Italia",TROVATO_COMUNE,nominatim
,,RAGION_X,AGXXX,FR0XX,Via Guglielmo Marconi 213,Gallarate,21013,VA,Lombardia,,Nord,Nuovi,"Via Guglielmo Marconi 213, 21013 Gallarate, VA, Lombardia, Italia",45.664207,8.7867248,"Via Guglielmo Marconi, Centro, Gallarate, Varese, Lombardia, 21013, Italia",TROVATO,nominatim
,,RAGION_X,AGXXX,FR0XX,Via Dante Alighieri 119,La Spezia,19121,SP,Liguria,,Nord,Nuovi,"Via Dante Alighieri 119, 19121 La Spezia, SP, Liguria, Italia",44.1687793,9.8866496,"Via Dante Alighieri, Ceparana, Bolano, La Spezia, Liguria, 19037, Italia",TROVATO,nominatim
,,RAGION_X,AGXXX,FR0XX,Via Giuseppe Garibaldi 49,Alba,12051,CN,Piemonte,,Nord,Nuovi,"Via Giuseppe Garibaldi 49, 12051 Alba, CN, Piemonte, Italia",44.661041,7.9801309,"Via Giuseppe Garibaldi, Alba, Cuneo, Piemonte, 12055, Italia",TROVATO,nominatim
,,RAGION_X,AGXXX,FR0XX,Via Trento 3,Brescia,25121,BS,Lombardia,,Nord,Nuovi,"Via Trento 3, 25121 Brescia, BS, Lombardia, Italia",45.6325807,10.1895978,"3, Via Trento, Villa, Cogozzo, Villa Carcina, Comunità montana della valle Trompia, Brescia, Lombardia, 25069, Italia",TROVATO,nominatim
,,RAGION_X,AGXXX,FR0XX,Via Goffredo Mameli 210,Gela,93012,CL,Sicilia,,Sud,Nuovi,"Via Goffredo Mameli 210, 93012 Gela, CL, Sicilia, Italia",37.068995,14.2453005,"Via Goffredo Mameli, Borgo Pignatelli, Gela, Caltanissetta, Sicilia, 93012, Italia",TROVATO,nominatim
,,RAGION_X,AGXXX,FR0XX,Via Venezia 12,Gorizia,34170,GO,Friuli Venezia Giulia,,Nord,Nuovi,"Via Venezia 12, 34170 Gorizia, GO, Friuli Venezia Giulia, Italia",45.798252,13.5345945,"12, Via Venezia, Monfalcone, Gorizia / Gurize / Gorica, Friuli-Venezia Giulia, 34074, Italia",TROVATO,nominatim
,,RAGION_X,AGXXX,FR0XX,Via Giacomo Matteotti 175,Asti,14100,AT,Piemonte,,Nord,Nuovi,"Via Giacomo Matteotti 175, 14100 Asti, AT, Piemonte, Italia",44.9456057,7.9430588,"Via Giacomo Matteotti, Villanova d'Asti, Asti, Piemonte, 14019, Italia",TROVATO,nominatim
,,RAGION_X,AGXXX,FR0XX,Via Giacomo Matteotti 125,Ragusa,97100,RG,Sicilia,,Sud,Nuovi,"Via Giacomo Matteotti 125, 97100 Ragusa, RG, Sicilia, Italia",36.9269371,14.7300644,"Via Giacomo Matteotti, Cappuccini, Ragusa Ibla, Ragusa, Sicilia, 97100, Italia",TROVATO,nominatim
,,RAGION_X,AGXXX,FR0XX,Piazza Cavour 36,Biella,13900,BI,Piemonte,,Nord,Nuovi,"Piazza Cavour 36, 13900 Biella, BI, Piemonte, Italia",45.6549926,8.2683362,"Piazza Cavour, Sostegno, Biella, Piemonte, 13868, Italia",TROVATO,nominatim
,,RAGION_X,AGXXX,FR0XX,Via San Francesco 176,Foggia,71121,FG,Puglia,,Sud,Nuovi,"Via San Francesco 176, 71121 Foggia, FG, Puglia, Italia",41.3249166,15.7004678,"Via San Francesco, Orta Nova, Foggia, Puglia, 71045, Italia",TROVATO,nominatim
,,RAGION_X,AGXXX,FR0XX,Via Giuseppe Garibaldi 186,Aversa,81031,CE,Campania,,Sud,Nuovi,"Via Giuseppe Garibaldi 186, 81031 Aversa, CE, Campania, Italia",40.9730997,14.2083332,"Via Giuseppe Garibaldi, Rione Savignano, Borgo San Lorenzo, Aversa, Caserta, Campania, 81031, Italia",TROVATO,nominatim
,,RAGION_X,AGXXX,FR0XX,Via Alessandro Manzoni 50,Alba,12051,CN,Piemonte,,Nord,Nuovi,"Via Alessandro Manzoni 50, 12051 Alba, CN, Piemonte, Italia",44.7018832,8.0356616,"Via Alessandro Manzoni, Alba, Cuneo, Piemonte, 12151, Italia",TROVATO,nominatim
,,RAGION_X,AGXXX,FR0XX,Piazza Garibaldi 102,Firenze,50121,FI,Toscana,,Centro,Nuovi,"Piazza Garibaldi 102, 50121 Firenze, FI, Toscana, Italia",43.7710219,11.1072443,"Piazza Garibaldi, Calcinaia, Ponte a Signa, Lastra a Signa, Firenze, Toscana, 50055, Italia",TROVATO,nominatim
,,RAGION_X,AGXXX,FR0XX,Piazza Cavour 107,Sesto San Giovanni,20099,MI,Lombardia,,Nord,Nuovi,"Piazza Cavour 107, 20099 Sesto San Giovanni, MI, Lombardia, Italia",45.5347926,9.2371764,"Sesto San Giovanni, Zona Omogenea Milano Nord, Milano, Lombardia, 20099, Italia",TROVATO_COMUNE,nominatim
,,RAGION_X,AGXXX,FR0XX,Via Cesare Battisti 116,Bressanone,39042,BZ,Trentino-Alto Adige,,Nord,Nuovi,"Via Cesare Battisti 116, 39042 Bressanone, BZ, Trentino-Alto Adige, Italia",46.7222437,11.6579023,"Battististraße - Via Cesare Battisti, Zinggen, Kranebitt - Costa d'Elvas, Brixen - Bressanone, Elvas, Brixen - Bressanone, Eisacktal - Valle Isarco, Bolzano - Bozen, Trentino-Alto Adige/Südtirol, 39042, Italia",TROVATO,nominatim
,,RAGION_X,AGXXX,FR0XX,Via Torino 198,Pescara,65121,PE,Abruzzo,,Sud,Nuovi,"Via Torino 198, 65121 Pescara, PE, Abruzzo, Italia",42.4674796,14.2126328,"Via Torino, Porta Nuova, Pescara, Abruzzo, 65121, Italia",TROVATO,nominatim
,,RAGION_X,AGXXX,FR0XX,Piazza Cavour 9,Avellino,83100,AV,Campania,,Sud,Nuovi,"Piazza Cavour 9, 83100 Avellino, AV, Campania, Italia",40.9144573,14.777475,"Piazza Camillo Benso Cavour, Ponticelli, Avellino, Campania, 83100, Italia",TROVATO,nominatim
,,RAGION_X,AGXXX,FR0XX,Via Goffredo Mameli 68,Velletri,00049,RM,Lazio,,Centro,Nuovi,"Via Goffredo Mameli 68, 00049 Velletri, RM, Lazio, Italia",41.6862099,12.7771417,"Via Goffredo Mameli, Velletri, Roma Capitale, Lazio, 00049, Italia",TROVATO,nominatim
,,RAGION_X,AGXXX,FR0XX,Via Cesare Battisti 140,Ascoli Piceno,63100,AP,Marche,,Centro,Nuovi,"Via Cesare Battisti 140, 63100 Ascoli Piceno, AP, Marche, Italia",42.8544774,13.5746029,"Via Cesare Battisti, San Giacomo, Ascoli Piceno, Marche, 63100, Italia",TROVATO,nominatim
,,RAGION_X,AGXXX,FR0XX,Via Giacomo Matteotti 183,Molfetta,70056,BA,Puglia,,Sud,Nuovi,"Via Giacomo Matteotti 183, 70056 Molfetta, BA, Puglia, Italia",41.1977564,16.6103583,"Via Giacomo Matteotti, Villaggio Belgiovine, Molfetta, Bari, Puglia, 70056, Italia",TROVATO,nominatim
,,RAGION_X,AGXXX,FR0XX,Via Goffredo Mameli 118,Carbonia,09013,SU,Sardegna,,Sud,Nuovi,"Via Goffredo Mameli 118, 09013 Carbonia, SU, Sardegna, Italia",39.1574377,8.5181267,"Via Giovanni Nicotera, Is Meis, Serbariu, Carbonia, Sulcis Iglesiente, Sardigna/Sardegna, 09013, Italia",TROVATO,nominatim
,,RAGION_X,AGXXX,FR0XX,Via Giuseppe Verdi 194,Arezzo,52100,AR,Toscana,,Centro,Nuovi,"Via Giuseppe Verdi 194, 52100 Arezzo, AR, Toscana, Italia",43.4615003,11.8780913,"Via Giuseppe Verdi, Arezzo, Toscana, 52100, Italia",TROVATO,nominatim
,,RAGION_X,AGXXX,FR0XX,Piazza Garibaldi 4,Lecce,73100,LE,Puglia,,Sud,Nuovi,"Piazza Garibaldi 4, 73100 Lecce, LE, Puglia, Italia",40.3030288,18.1597494,"Piazza Garibaldi, San Cesario di Lecce, Lecce, Puglia, Italia",TROVATO,nominatim
,,RAGION_X,AGXXX,FR0XX,Via Trieste 42,Sassari,07100,SS,Sardegna,,Sud,Nuovi,"Via Trieste 42, 07100 Sassari, SS, Sardegna, Italia",40.7900128,8.598074,"42, Via Trieste, Sènnaru/Sennori, Tàttari/Sassari, Sardigna/Sardegna, 07036, Italia",TROVATO,nominatim
,,RAGION_X,AGXXX,FR0XX,Piazza Garibaldi 163,Bologna,40121,BO,Emilia-Romagna,,Nord,Nuovi,"Piazza Garibaldi 163, 40121 Bologna, BO, Emilia-Romagna, Italia",44.5050536,11.0834653,"Piazza Giuseppe Garibaldi, Bazzano, Formica, Valsamoggia, Unione dei comuni Valli del Reno, Lavino e Samoggia, Bologna, Emilia-Romagna, 40053, Italia",TROVATO,nominatim
,,RAGION_X,AGXXX,FR0XX,Via Trieste 204,Foligno,06034,PG,Umbria,,Centro,Nuovi,"Via Trieste 204, 06034 Foligno, PG, Umbria, Italia",42.9484582,12.7114227,"Via Trieste, Sant'Eraclio, Sterpete, Foligno, Perugia, Umbria, 06034, Italia",TROVATO,nominatim
,,RAGION_X,AGXXX,FR0XX,Corso Italia 3,Marsala,91025,TP,Sicilia,,Sud,Nuovi,"Corso Italia 3, 91025 Marsala, TP, Sicilia, Italia",37.7979221,12.4342091,"Marsala, Trapani, Sicilia, 91025, Italia",TROVATO_COMUNE,nominatim
,,RAGION_X,AGXXX,FR0XX,Corso Vittorio Emanuele 30,Bologna,40121,BO,Emilia-Romagna,,Nord,Nuovi,"Corso Vittorio Emanuele 30, 40121 Bologna, BO, Emilia-Romagna, Italia",44.4938203,11.3426327,"Bologna, Emilia-Romagna, Italia",TROVATO_COMUNE,nominatim
,,RAGION_X,AGXXX,FR0XX,Via Firenze 93,Bitonto,70032,BA,Puglia,,Sud,Nuovi,"Via Firenze 93, 70032 Bitonto, BA, Puglia, Italia",41.0497743,16.5728773,"Bitonto, Bari, Puglia, 70032, Italia",TROVATO_COMUNE,nominatim
,,RAGION_X,AGXXX,FR0XX,Via Trieste 64,Prato,59100,PO,Toscana,,Centro,Nuovi,"Via Trieste 64, 59100 Prato, PO, Toscana, Italia",43.8712819,11.0942207,"Via Trieste, Soccorso, Prato, Toscana, 59100, Italia",TROVATO,nominatim
,,RAGION_X,AGXXX,FR0XX,Via Trento 150,Forlì,47121,FC,Emilia-Romagna,,Nord,Nuovi,"Via Trento 150, 47121 Forlì, FC, Emilia-Romagna, Italia",44.218291,12.0370501,"Via Trento, Ravaldino, Quartiere Ravaldino, Forlì, Unione di Comuni della Romagna Forlivese, Forlì-Cesena, Emilia-Romagna, 47121, Italia",TROVATO,nominatim
,,RAGION_X,AGXXX,FR0XX,Via Cesare Battisti 153,Bitonto,70032,BA,Puglia,,Sud,Nuovi,"Via Cesare Battisti 153, 70032 Bitonto, BA, Puglia, Italia",41.1098892,16.6967967,"Via Cesare Battisti, Bitonto, Bari, Puglia, 70032, Italia",TROVATO,nominatim
,,RAGION_X,AGXXX,FR0XX,Via Goffredo Mameli 133,Legnano,20025,MI,Lombardia,,Nord,Nuovi,"Via Goffredo Mameli 133, 20025 Legnano, MI, Lombardia, Italia",45.5818774,8.9188447,"Via Goffredo Mameli, Costa di San Giorgio, Legnano, Milano, Lombardia, 20025, Italia",TROVATO,nominatim
,,RAGION_X,AGXXX,FR0XX,Corso Italia 103,Rimini,47921,RN,Emilia-Romagna,,Nord,Nuovi,"Corso Italia 103, 47921 Rimini, RN, Emilia-Romagna, Italia",43.9691907,12.7191213,"Corso Italia, Portoverde, Misano Adriatico, Rimini, Emilia-Romagna, 47841, Italia",TROVATO,nominatim
,,RAGION_X,AGXXX,FR0XX,Via della Repubblica 79,Termoli,86039,CB,Molise,,Sud,Nuovi,"Via della Repubblica 79, 86039 Termoli, CB, Molise, Italia",41.9983273,14.9939366,"Termoli, Campobasso, Molise, 86039, Italia",TROVATO_COMUNE,nominatim
,,RAGION_X,AGXXX,FR0XX,Via Trento 14,Modica,97015,RG,Sicilia,,Sud,Nuovi,"Via Trento 14, 97015 Modica, RG, Sicilia, Italia",36.8554465,14.7560103,"Via Trento, Dente, Modica Alta, Modica, Ragusa, Sicilia, 97015, Italia",TROVATO,nominatim
,,RAGION_X,AGXXX,FR0XX,Via XX Settembre 72,Modena,41121,MO,Emilia-Romagna,,Nord,Nuovi,"Via XX Settembre 72, 41121 Modena, MO, Emilia-Romagna, Italia",44.5801967,10.8427319,"Via Venti Settembre, Corlo, Formigine, Unione dei comuni del Distretto Ceramico, Modena, Emilia-Romagna, 41043, Italia",TROVATO,nominatim
,,RAGION_X,AGXXX,FR0XX,Via Cesare Battisti 213,Moncalieri,10024,TO,Piemonte,,Nord,Nuovi,"Via Cesare Battisti 213, 10024 Moncalieri, TO, Piemonte, Italia",45.0126874,7.659188,"Via Cesare Battisti, Borgo San Pietro, Moncalieri, Torino, Piemonte, 10024, Italia",TROVATO,nominatim
,,RAGION_X,AGXXX,FR0XX,Via della Repubblica 178,Gela,93012,CL,Sicilia,,Sud,Nuovi,"Via della Repubblica 178, 93012 Gela, CL, Sicilia, Italia",37.0664363,14.2502445,"Gela, Caltanissetta, Sicilia, 93012, Italia",TROVATO_COMUNE,nominatim
,,RAGION_X,AGXXX,FR0XX,Via della Repubblica 130,Vasto,66054,CH,Abruzzo,,Sud,Nuovi,"Via della Repubblica 130, 66054 Vasto, CH, Abruzzo, Italia",42.1213853,14.7091074,"Via della Repubblica, Santa Lucia, San Paolo, San Nicola, Vasto, Chieti, Abruzzo, 66054, Italia",TROVATO,nominatim
,,RAGION_X,AGXXX,FR0XX,Via Guglielmo Marconi 53,Como,22100,CO,Lombardia,,Nord,Nuovi,"Via Guglielmo Marconi 53, 22100 Como, CO, Lombardia, Italia",45.8406222,9.0633308,"Via Guglielmo Marconi, Castelletto, La Valle, Piazza Santo Stefano, Olzino, Cernobbio, Como, Lombardia, 22026, Italia",TROVATO,nominatim
,,RAGION_X,AGXXX,FR0XX,Via Milano 112,Cagliari,09121,CA,Sardegna,,Sud,Nuovi,"Via Milano 112, 09121 Cagliari, CA, Sardegna, Italia",39.207977,9.1302064,"Via Milano, Bonaria, Casteddu/Cagliari, Sardigna/Sardegna, 09129, Italia",TROVATO,nominatim
,,RAGION_X,AGXXX,FR0XX,Via Bologna 126,Treviso,31100,TV,Veneto,,Nord,Nuovi,"Via Bologna 126, 31100 Treviso, TV, Veneto, Italia",45.6714355,12.3318125,"Via Bologna, Olmi, San Biagio di Callalta, Treviso, Veneto, 31048, Italia",TROVATO,nominatim
,,RAGION_X,AGXXX,FR0XX,Via della Repubblica 28,Savona,17100,SV,Liguria,,Nord,Nuovi,"Via della Repubblica 28, 17100 Savona, SV, Liguria, Italia",44.3976786,8.2808498,"Via della Repubblica, Cairo Montenotte, Savona, Liguria, 17014, Italia",TROVATO,nominatim
,,RAGION_X,AGXXX,FR0XX,Via Camillo Cavour 201,Rivoli,10098,TO,Piemonte,,Nord,Nuovi,"Via Camillo Cavour 201, 10098 Rivoli, TO, Piemonte, Italia",45.0665895,7.5266753,"Via Camillo Benso di Cavour, Cascine Vica, Tetti Neirotti, Rivoli, Torino, Piemonte, 10098, Italia",TROVATO,nominatim
,,RAGION_X,AGXXX,FR0XX,Corso Vittorio Emanuele 185,Chieti,66100,CH,Abruzzo,,Sud,Nuovi,"Corso Vittorio Emanuele 185, 66100 Chieti, CH, Abruzzo, Italia",42.3522386,14.4027239,"Corso Vittorio Emanuele, Fonte Grande, Ortona, Chieti, Abruzzo, 66028, Italia",TROVATO,nominatim
,,RAGION_X,AGXXX,FR0XX,Via Nazionale 71,Vicenza,36100,VI,Veneto,,Nord,Nuovi,"Via Nazionale 71, 36100 Vicenza, VI, Veneto, Italia",45.4977174,11.6539568,"Madamadorè, 71, Via Nazionale, Ponte Settimo, Vancimuglio, Grumolo delle Abbadesse, Vicenza, Veneto, 36040, Italia",TROVATO,nominatim
,,RAGION_X,AGXXX,FR0XX,Via Alessandro Manzoni 80,Bolzano,39100,BZ,Trentino-Alto Adige,,Nord,Nuovi,"Via Alessandro Manzoni 80, 39100 Bolzano, BZ, Trentino-Alto Adige, Italia",46.4514992,11.3322316,"Via Alessandro Manzoni - Alessandro-Manzoni-Straße, San Giacomo - St. Jakob, Laives - Leifers, Überetsch-Unterland - Oltradige-Bassa Atesina, Bolzano - Bozen, Trentino-Alto Adige/Südtirol, 39055, Italia",TROVATO,nominatim
,,RAGION_X,AGXXX,FR0XX,Via Trieste 62,Belluno,32100,BL,Veneto,,Nord,Nuovi,"Via Trieste 62, 32100 Belluno, BL, Veneto, Italia",46.1089252,12.0964281,"Via Trieste, Nuova California, Sedico, Belluno, Veneto, 32036, Italia",TROVATO,nominatim
,,RAGION_X,AGXXX,FR0XX,Via San Francesco 89,Novara,28100,NO,Piemonte,,Nord,Nuovi,"Via San Francesco 89, 28100 Novara, NO, Piemonte, Italia",45.6808213,8.4040848,"Via San Francesco, Marello, Boca, Novara, Piemonte, 28014, Italia",TROVATO,nominatim
,,RAGION_X,AGXXX,FR0XX,Via della Repubblica 109,Faenza,48018,RA,Emilia-Romagna,,Nord,Nuovi,"Via della Repubblica 109, 48018 Faenza, RA, Emilia-Romagna, Italia",44.3543037,11.9505655,"Via della Repubblica, Quartiere Granarolo, Granarolo Faentino, Faenza, Unione della Romagna Faentina, Ravenna, Emilia-Romagna, 48018, Italia",TROVATO,nominatim
,,RAGION_X,AGXXX,FR0XX,Piazza Cavour 204,Genova,16121,GE,Liguria,,Nord,Nuovi,"Piazza Cavour 204, 16121 Genova, GE, Liguria, Italia",44.4068179,8.928141,"Piazza Cavour, Castello, Molo, Centro Est, Genova, Liguria, 16123, Italia",TROVATO,nominatim
,,RAGION_X,AGXXX,FR0XX,Corso Italia 209,Manfredonia,71043,FG,Puglia,,Sud,Nuovi,"Corso Italia 209, 71043 Manfredonia, FG, Puglia, Italia",41.6254728,15.9095926,"Manfredonia, Foggia, Puglia, 71043, Italia",TROVATO_COMUNE,nominatim
,,RAGION_X,AGXXX,FR0XX,Via San Francesco 99,Isernia,86170,IS,Molise,,Sud,Nuovi,"Via San Francesco 99, 86170 Isernia, IS, Molise, Italia",41.600175,14.2383017,"Isernia, Molise, 86170, Italia",TROVATO_COMUNE,nominatim
,,RAGION_X,AGXXX,FR0XX,Via Guglielmo Marconi 64,Fiumicino,00054,RM,Lazio,,Centro,Nuovi,"Via Guglielmo Marconi 64, 00054 Fiumicino, RM, Lazio, Italia",41.8102692,12.2981746,"Via Guglielmo Marconi, Vignole, Fiumicino, Roma Capitale, Lazio, 00119, Italia",TROVATO,nominatim
,,RAGION_X,AGXXX,FR0XX,Via Firenze 107,Civitavecchia,00053,RM,Lazio,,Centro,Nuovi,"Via Firenze 107, 00053 Civitavecchia, RM, Lazio, Italia",42.0937524,11.7922462,"Civitavecchia, Roma Capitale, Lazio, 00053, Italia",TROVATO_COMUNE,nominatim
,,RAGION_X,AGXXX,FR0XX,Via Cesare Battisti 41,Montesilvano,65015,PE,Abruzzo,,Sud,Nuovi,"Via Cesare Battisti 41, 65015 Montesilvano, PE, Abruzzo, Italia",42.5157719,14.1499122,"Via Cesare Battisti, Colonnetta, Montesilvano, Pescara, Abruzzo, 65016, Italia",TROVATO,nominatim
,,RAGION_X,AGXXX,FR0XX,Piazza Cavour 13,Bari,70121,BA,Puglia,,Sud,Nuovi,"Piazza Cavour 13, 70121 Bari, BA, Puglia, Italia",41.1299122,16.5428729,"Piazza Camillo Benso di Cavour, Terlizzi, Bari, Puglia, 70038, Italia",TROVATO,nominatim
,,RAGION_X,AGXXX,FR0XX,Via Aldo Moro 61,Milano,20121,MI,Lombardia,,Nord,Nuovi,"Via Aldo Moro 61, 20121 Milano, MI, Lombardia, Italia",45.5262373,9.1906826,"Via Aldo Moro, Bruzzano, Municipio 9, Milano, Rodano, Milano, Lombardia, 20161, Italia",TROVATO,nominatim
,,RAGION_X,AGXXX,FR0XX,Via Alessandro Manzoni 211,Catania,95121,CT,Sicilia,,Sud,Nuovi,"Via Alessandro Manzoni 211, 95121 Catania, CT, Sicilia, Italia",37.603472,15.1039372,"211, Via Alessandro Manzoni, Paternostro, Viagrande, Catania, Sicilia, 95029, Italia",TROVATO,nominatim
,,RAGION_X,AGXXX,FR0XX,Via Giuseppe Verdi 86,Manfredonia,71043,FG,Puglia,,Sud,Nuovi,"Via Giuseppe Verdi 86, 71043 Manfredonia, FG, Puglia, Italia",41.6254728,15.9095926,"Manfredonia, Foggia, Puglia, 71043, Italia",TROVATO_COMUNE,nominatim
,,RAGION_X,AGXXX,FR0XX,Via Milano 161,Marsala,91025,TP,Sicilia,,Sud,Nuovi,"Via Milano 161, 91025 Marsala, TP, Sicilia, Italia",37.7979221,12.4342091,"Marsala, Trapani, Sicilia, 91025, Italia",TROVATO_COMUNE,nominatim
,,RAGION_X,AGXXX,FR0XX,Via Guglielmo Marconi 143,Legnano,20025,MI,Lombardia,,Nord,Nuovi,"Via Guglielmo Marconi 143, 20025 Legnano, MI, Lombardia, Italia",45.5988257,8.9145724,"Via Guglielmo Marconi, San Domenico, Oltresempione, Legnano, Milano, Lombardia, 20025, Italia",TROVATO,nominatim
,,RAGION_X,AGXXX,FR0XX,Via Alessandro Manzoni 191,Gorizia,34170,GO,Friuli Venezia Giulia,,Nord,Nuovi,"Via Alessandro Manzoni 191, 34170 Gorizia, GO, Friuli Venezia Giulia, Italia",45.9397397,13.6119032,"Via Alessandro Manzoni, Studenec / Studenitz, Campagnuzza / Rojce, Gorizia, Gorizia / Gurize / Gorica, Friuli-Venezia Giulia, 34170, Italia",TROVATO,nominatim
,,RAGION_X,AGXXX,FR0XX,Via Nazionale 117,Savona,17100,SV,Liguria,,Nord,Nuovi,"Via Nazionale 117, 17100 Savona, SV, Liguria, Italia",44.3718758,8.142274,"117, Via Nazionale, Roccavignale, Savona, Liguria, 12079, Italia",TROVATO,nominatim
,,RAGION_X,AGXXX,FR0XX,Via Bologna 95,Verona,37121,VR,Veneto,,Nord,Nuovi,"Via Bologna 95, 37121 Verona, VR, Veneto, Italia",45.4873092,10.9330471,"Via Bologna, Sparavieri, Arbizzano, Negrar di Valpolicella, Verona, Veneto, 37024, Italia",TROVATO,nominatim
,,RAGION_X,AGXXX,FR0XX,Via Camillo Cavour 61,Pinerolo,10064,TO,Piemonte,,Nord,Nuovi,"Via Camillo Cavour 61, 10064 Pinerolo, TO, Piemonte, Italia",44.8873086,7.3319454,"Pinerolo, Torino, Piemonte, 10064, Italia",TROVATO_COMUNE,nominatim
,,RAGION_X,AGXXX,FR0XX,Via Giuseppe Mazzini 130,Salerno,84121,SA,Campania,,Sud,Nuovi,"Via Giuseppe Mazzini 130, 84121 Salerno, SA, Campania, Italia",40.6709652,14.7300264,"Via Giuseppe Mazzini, Marina di Vietri, Vietri sul Mare, Salerno, Campania, 84019, Italia",TROVATO,nominatim
,,RAGION_X,AGXXX,FR0XX,Via Giacomo Matteotti 10,Sacile,33077,PN,Friuli Venezia Giulia,,Nord,Nuovi,"Via Giacomo Matteotti 10, 33077 Sacile, PN, Friuli Venezia Giulia, Italia",45.9548046,12.5034415,"Sacile, Pordenone / Pordenon, Friuli-Venezia Giulia, 33077, Italia",TROVATO_COMUNE,nominatim
,,RAGION_X,AGXXX,FR0XX,Via Giacomo Matteotti 94,Lodi,26900,LO,Lombardia,,Nord,Nuovi,"Via Giacomo Matteotti 94, 26900 Lodi, LO, Lombardia, Italia",45.276618,9.5288778,"Via Giacomo Matteotti, Sesto, San Martino in Strada, Lodi, Lombardia, 26817, Italia",TROVATO,nominatim
,,RAGION_X,AGXXX,FR0XX,Corso Vittorio Emanuele 212,Quartu Sant'Elena,09045,CA,Sardegna,,Sud,Nuovi,"Corso Vittorio Emanuele 212, 09045 Quartu Sant'Elena, CA, Sardegna, Italia",39.2399728,9.1880967,"Quartu Sant'Aleni/Quartu Sant'Elena, Casteddu/Cagliari, Sardigna/Sardegna, 09045, Italia",TROVATO_COMUNE,nominatim
,,RAGION_X,AGXXX,FR0XX,Via Venezia 148,Crotone,88900,KR,Calabria,,Sud,Nuovi,"Via Venezia 148, 88900 Crotone, KR, Calabria, Italia",39.0772816,17.1280181,"Via Venezia, Parco Samà, Poggio Reale, Crotone, Calabria, 88900, Italia",TROVATO,nominatim
,,RAGION_X,AGXXX,FR0XX,Via Camillo Cavour 136,Brescia,25121,BS,Lombardia,,Nord,Nuovi,"Via Camillo Cavour 136, 25121 Brescia, BS, Lombardia, Italia",45.5096035,10.3154113,"Via Camillo Cavour, Cascina Feniletto, Rezzato, Brescia, Lombardia, 25086, Italia",TROVATO,nominatim
,,RAGION_X,AGXXX,FR0XX,Via Antonio Gramsci 10,Pesaro,61121,PU,Marche,,Centro,Nuovi,"Via Antonio Gramsci 10, 61121 Pesaro, PU, Marche, Italia",43.8019869,12.8648401,"10, Via Antonio Gramsci, Villagrande, Mombaroccio, Pesaro e Urbino, Marche, 61024, Italia",TROVATO,nominatim
,,RAGION_X,AGXXX,FR0XX,Via Cesare Battisti 1,Agrigento,92100,AG,Sicilia,,Sud,Nuovi,"Via Cesare Battisti 1, 92100 Agrigento, AG, Sicilia, Italia",37.3504915,13.519636,"Via Cesare Battisti (1), Giardina Gallotti, Agrigento, Sicilia, 92100, Italia",TROVATO,nominatim
,,RAGION_X,AGXXX,FR0XX,Via San Francesco 112,Merano,39012,BZ,Trentino-Alto Adige,,Nord,Nuovi,"Via San Francesco 112, 39012 Merano, BZ, Trentino-Alto Adige, Italia",46.6784781,11.1561988,"Sankt-Franziskus-Straße - Via San Francesco, Musiker-Viertel - Rione Musicisti, Meran - Merano, Burggrafenamt - Burgraviato, Bolzano - Bozen, Trentino-Alto Adige/Südtirol, 39012, Italia",TROVATO,nominatim
